{
  "step": 76,
  "timestamp": "2026-01-19T10:48:58.506411",
  "num_episodes": 24,
  "stats": {
    "objective/kl": 33.96391534805298,
    "objective/kl_coef": 0.05029870942234993,
    "objective/entropy": 108.08537483215332,
    "ppo/mean_non_score_reward": -0.21353641338646412,
    "ppo/mean_scores": -0.06438923999667168,
    "ppo/std_scores": 0.0,
    "tokens/queries_len_mean": 221.75,
    "tokens/queries_len_std": 16.91662836074829,
    "tokens/responses_len_mean": 8.0,
    "tokens/responses_len_std": 0.0,
    "ppo/loss/policy": -0.007336294278502464,
    "ppo/loss/value": 2.3671664595603943,
    "ppo/loss/total": 0.22938035428524017,
    "ppo/policy/entropy": 1.6064819395542145,
    "ppo/policy/approxkl": 0.00305755203589797,
    "ppo/policy/policykl": 0.012291364662814885,
    "ppo/policy/clipfrac": 0.01953125,
    "ppo/policy/advantages_mean": 5.587935447692871e-09,
    "ppo/returns/mean": -0.5908515639603138,
    "ppo/returns/var": 5.206562340259552,
    "ppo/val/vpred": -0.6435026526451111,
    "ppo/val/error": 4.734332919120789,
    "ppo/val/clipfrac": 0.0,
    "ppo/val/mean": -0.6407459154725075,
    "ppo/val/var": 0.4553040936589241,
    "ppo/val/var_explained": 0.08144542574882507,
    "ppo/learning_rate": 5e-07,
    "time/ppo/forward_pass": 0.4129341244697571,
    "time/ppo/compute_rewards": 0.0008068680763244629,
    "time/ppo/compute_advantages": 0.01804131269454956,
    "time/ppo/optimize_step": 0.916631817817688,
    "time/ppo/calc_stats": 0.010629415512084961,
    "time/ppo/total": 1.3591399192810059,
    "mean_reward": 0.0,
    "mean_score": 0.0,
    "success_rate": 0.0,
    "num_samples": 17,
    "num_batches": 4,
    "total_valid_turns": 17,
    "total_invalid_turns": 14,
    "avg_valid_rate": 0.5
  },
  "episodes_summary": [
    {
      "task_id": 104489403,
      "game_name": "liars_dice",
      "seed": 1868879327,
      "opponent": "mcts",
      "final_reward": 0.0,
      "total_turns": 1,
      "valid_turns": 0,
      "invalid_turns": 1,
      "valid_rate": 0.0
    },
    {
      "task_id": 154854766,
      "game_name": "liars_dice",
      "seed": 1457056243,
      "opponent": "mcts",
      "final_reward": 0.0,
      "total_turns": 1,
      "valid_turns": 1,
      "invalid_turns": 0,
      "valid_rate": 1.0
    },
    {
      "task_id": 121461243,
      "game_name": "liars_dice",
      "seed": 1259387104,
      "opponent": "mcts",
      "final_reward": 0.0,
      "total_turns": 2,
      "valid_turns": 1,
      "invalid_turns": 1,
      "valid_rate": 0.5
    },
    {
      "task_id": 179033707,
      "game_name": "liars_dice",
      "seed": 254006933,
      "opponent": "mcts",
      "final_reward": 0.0,
      "total_turns": 1,
      "valid_turns": 0,
      "invalid_turns": 1,
      "valid_rate": 0.0
    },
    {
      "task_id": 117370054,
      "game_name": "liars_dice",
      "seed": 286689312,
      "opponent": "mcts",
      "final_reward": 0.0,
      "total_turns": 1,
      "valid_turns": 1,
      "invalid_turns": 0,
      "valid_rate": 1.0
    },
    {
      "task_id": 197089812,
      "game_name": "liars_dice",
      "seed": 201419938,
      "opponent": "mcts",
      "final_reward": 0.0,
      "total_turns": 1,
      "valid_turns": 1,
      "invalid_turns": 0,
      "valid_rate": 1.0
    },
    {
      "task_id": 119749283,
      "game_name": "liars_dice",
      "seed": 1619615243,
      "opponent": "mcts",
      "final_reward": 0.0,
      "total_turns": 1,
      "valid_turns": 0,
      "invalid_turns": 1,
      "valid_rate": 0.0
    },
    {
      "task_id": 104081602,
      "game_name": "liars_dice",
      "seed": 1894556307,
      "opponent": "mcts",
      "final_reward": 0.0,
      "total_turns": 1,
      "valid_turns": 0,
      "invalid_turns": 1,
      "valid_rate": 0.0
    },
    {
      "task_id": 149023932,
      "game_name": "liars_dice",
      "seed": 52918386,
      "opponent": "mcts",
      "final_reward": 0.0,
      "total_turns": 2,
      "valid_turns": 2,
      "invalid_turns": 0,
      "valid_rate": 1.0
    },
    {
      "task_id": 101078199,
      "game_name": "liars_dice",
      "seed": 1879478805,
      "opponent": "mcts",
      "final_reward": 0.0,
      "total_turns": 1,
      "valid_turns": 0,
      "invalid_turns": 1,
      "valid_rate": 0.0
    },
    {
      "task_id": 121345069,
      "game_name": "liars_dice",
      "seed": 1248817489,
      "opponent": "mcts",
      "final_reward": 0.0,
      "total_turns": 1,
      "valid_turns": 1,
      "invalid_turns": 0,
      "valid_rate": 1.0
    },
    {
      "task_id": 168522346,
      "game_name": "liars_dice",
      "seed": 1689394342,
      "opponent": "mcts",
      "final_reward": 0.0,
      "total_turns": 2,
      "valid_turns": 1,
      "invalid_turns": 1,
      "valid_rate": 0.5
    },
    {
      "task_id": 122400524,
      "game_name": "liars_dice",
      "seed": 512634194,
      "opponent": "mcts",
      "final_reward": 0.0,
      "total_turns": 1,
      "valid_turns": 1,
      "invalid_turns": 0,
      "valid_rate": 1.0
    },
    {
      "task_id": 120918664,
      "game_name": "liars_dice",
      "seed": 43324768,
      "opponent": "mcts",
      "final_reward": 0.0,
      "total_turns": 1,
      "valid_turns": 1,
      "invalid_turns": 0,
      "valid_rate": 1.0
    },
    {
      "task_id": 129159679,
      "game_name": "liars_dice",
      "seed": 509864090,
      "opponent": "mcts",
      "final_reward": 0.0,
      "total_turns": 1,
      "valid_turns": 0,
      "invalid_turns": 1,
      "valid_rate": 0.0
    },
    {
      "task_id": 135921530,
      "game_name": "liars_dice",
      "seed": 1932442258,
      "opponent": "mcts",
      "final_reward": 0.0,
      "total_turns": 2,
      "valid_turns": 1,
      "invalid_turns": 1,
      "valid_rate": 0.5
    },
    {
      "task_id": 136207612,
      "game_name": "liars_dice",
      "seed": 1875355837,
      "opponent": "mcts",
      "final_reward": 0.0,
      "total_turns": 1,
      "valid_turns": 0,
      "invalid_turns": 1,
      "valid_rate": 0.0
    },
    {
      "task_id": 159612254,
      "game_name": "liars_dice",
      "seed": 941424178,
      "opponent": "mcts",
      "final_reward": 0.0,
      "total_turns": 2,
      "valid_turns": 1,
      "invalid_turns": 1,
      "valid_rate": 0.5
    },
    {
      "task_id": 114210555,
      "game_name": "liars_dice",
      "seed": 1795921779,
      "opponent": "mcts",
      "final_reward": 0.0,
      "total_turns": 1,
      "valid_turns": 1,
      "invalid_turns": 0,
      "valid_rate": 1.0
    },
    {
      "task_id": 199554673,
      "game_name": "liars_dice",
      "seed": 1563010560,
      "opponent": "mcts",
      "final_reward": 0.0,
      "total_turns": 2,
      "valid_turns": 2,
      "invalid_turns": 0,
      "valid_rate": 1.0
    },
    {
      "task_id": 188463846,
      "game_name": "liars_dice",
      "seed": 85078353,
      "opponent": "mcts",
      "final_reward": 0.0,
      "total_turns": 1,
      "valid_turns": 0,
      "invalid_turns": 1,
      "valid_rate": 0.0
    },
    {
      "task_id": 102768240,
      "game_name": "liars_dice",
      "seed": 1748464263,
      "opponent": "mcts",
      "final_reward": 0.0,
      "total_turns": 1,
      "valid_turns": 0,
      "invalid_turns": 1,
      "valid_rate": 0.0
    },
    {
      "task_id": 144215649,
      "game_name": "liars_dice",
      "seed": 1871173189,
      "opponent": "mcts",
      "final_reward": 0.0,
      "total_turns": 1,
      "valid_turns": 0,
      "invalid_turns": 1,
      "valid_rate": 0.0
    },
    {
      "task_id": 102813942,
      "game_name": "liars_dice",
      "seed": 2110558218,
      "opponent": "mcts",
      "final_reward": 0.0,
      "total_turns": 2,
      "valid_turns": 2,
      "invalid_turns": 0,
      "valid_rate": 1.0
    }
  ],
  "aggregated": {
    "total_valid_turns": 17,
    "total_invalid_turns": 14,
    "avg_valid_rate": 0.5,
    "games_played": {
      "liars_dice": 24
    },
    "success_count": 0,
    "failure_count": 24,