{
  "step": 9,
  "timestamp": "2026-01-10T01:58:04.666125",
  "num_episodes": 16,
  "stats": {
    "objective/kl": 2.8342599868774414,
    "objective/kl_coef": 0.001,
    "objective/entropy": 63.81214904785156,
    "ppo/mean_non_score_reward": -0.0009447533520869911,
    "ppo/mean_scores": 0.14422088861465454,
    "ppo/std_scores": 1.1484960317611694,
    "tokens/queries_len_mean": 508.0,
    "tokens/queries_len_std": 0.0,
    "tokens/responses_len_mean": 3.0,
    "tokens/responses_len_std": 0.8164966106414795,
    "ppo/loss/policy": -3.973643103449831e-08,
    "ppo/loss/value": 0.995638370513916,
    "ppo/loss/total": 0.09956379979848862,
    "ppo/policy/entropy": 0.27859434485435486,
    "ppo/policy/approxkl": 0.0,
    "ppo/policy/policykl": 0.0,
    "ppo/policy/clipfrac": 0.0,
    "ppo/policy/advantages_mean": 3.973643103449831e-08,
    "ppo/returns/mean": -0.061143796890974045,
    "ppo/returns/var": 0.9475077986717224,
    "ppo/val/vpred": -0.7941772937774658,
    "ppo/val/error": 1.991276741027832,
    "ppo/val/clipfrac": 0.0,
    "ppo/val/mean": -0.7941772937774658,
    "ppo/val/var": 0.4097844958305359,
    "ppo/val/var_explained": -1.1015939712524414,
    "ppo/learning_rate": 5e-06,
    "time/ppo/forward_pass": 0.6362597942352295,
    "time/ppo/compute_rewards": 0.0007183551788330078,
    "time/ppo/compute_advantages": 0.036035776138305664,
    "time/ppo/optimize_step": 0.7340652942657471,
    "time/ppo/calc_stats": 0.0346379280090332,
    "time/ppo/total": 1.4417641162872314,
    "mean_reward": 0.5,
    "mean_score": 0.5,
    "success_rate": 0.5,
    "num_samples": 4,
    "num_batches": 1,
    "total_valid_turns": 4,
    "total_invalid_turns": 316,
    "avg_valid_rate": 0.06666666666666667
  },
  "episodes_summary": [
    {
      "task_id": 532737163,
      "game_name": "backgammon",
      "seed": 546838737,
      "opponent": "random",
      "final_reward": 1.0,
      "total_turns": 44,
      "valid_turns": 0,
      "invalid_turns": 44,
      "valid_rate": 0.0
    },
    {
      "task_id": 532737163,
      "game_name": "backgammon",
      "seed": 1434624957,
      "opponent": "random",
      "final_reward": 1.0,
      "total_turns": 71,
      "valid_turns": 0,
      "invalid_turns": 71,
      "valid_rate": 0.0
    },
    {
      "task_id": 409395818,
      "game_name": "othello",
      "seed": 154334646,
      "opponent": "random",
      "final_reward": 1.0,
      "total_turns": 31,
      "valid_turns": 0,
      "invalid_turns": 31,
      "valid_rate": 0.0
    },
    {
      "task_id": 266012433,
      "game_name": "leduc_poker",
      "seed": 350553676,
      "opponent": "random",
      "final_reward": 0.6153846153846154,
      "total_turns": 2,
      "valid_turns": 0,
      "invalid_turns": 2,
      "valid_rate": 0.0
    },
    {
      "task_id": 247348234,
      "game_name": "leduc_poker",
      "seed": 1765833703,
      "opponent": "random",
      "final_reward": 0.6923076923076923,
      "total_turns": 2,
      "valid_turns": 0,
      "invalid_turns": 2,
      "valid_rate": 0.0
    },
    {
      "task_id": 134425340,
      "game_name": "liars_dice",
      "seed": 2002652867,
      "opponent": "random",
      "final_reward": 1.0,
      "total_turns": 3,
      "valid_turns": 0,
      "invalid_turns": 3,
      "valid_rate": 0.0
    },
    {
      "task_id": 13620483,
      "game_name": "goofspiel",
      "seed": 2022453750,
      "opponent": "random",
      "final_reward": 0.0,
      "total_turns": 0,
      "valid_turns": 0,
      "invalid_turns": 0,
      "valid_rate": 0.0
    },
    {
      "task_id": 4357440,
      "game_name": "goofspiel",
      "seed": 569950550,
      "opponent": "random",
      "final_reward": 1.0,
      "total_turns": 0,
      "valid_turns": 0,
      "invalid_turns": 0,
      "valid_rate": 0.0
    },
    {
      "task_id": 193963105,
      "game_name": "liars_dice",
      "seed": 1488927646,
      "opponent": "random",
      "final_reward": 0.0,
      "total_turns": 2,
      "valid_turns": 1,
      "invalid_turns": 1,
      "valid_rate": 0.5
    },
    {
      "task_id": 490382682,
      "game_name": "othello",
      "seed": 2105906981,
      "opponent": "random",
      "final_reward": 0.0,
      "total_turns": 30,
      "valid_turns": 1,
      "invalid_turns": 29,
      "valid_rate": 0.03333333333333333
    },
    {
      "task_id": 490382682,
      "game_name": "othello",
      "seed": 258388781,
      "opponent": "random",
      "final_reward": 1.0,
      "total_turns": 30,
      "valid_turns": 1,
      "invalid_turns": 29,
      "valid_rate": 0.03333333333333333
    },
    {
      "task_id": 782454089,
      "game_name": "clobber",
      "seed": 1451120738,
      "opponent": "random",
      "final_reward": 0.0,
      "total_turns": 12,
      "valid_turns": 0,
      "invalid_turns": 12,
      "valid_rate": 0.0
    },
    {
      "task_id": 417060297,
      "game_name": "othello",
      "seed": 1664925561,
      "opponent": "random",
      "final_reward": 0.5,
      "total_turns": 30,
      "valid_turns": 0,
      "invalid_turns": 30,
      "valid_rate": 0.0
    },
    {
      "task_id": 169659981,
      "game_name": "liars_dice",
      "seed": 812296305,
      "opponent": "random",
      "final_reward": 0.0,
      "total_turns": 2,
      "valid_turns": 0,
      "invalid_turns": 2,
      "valid_rate": 0.0
    },
    {
      "task_id": 125644590,
      "game_name": "liars_dice",
      "seed": 1683740534,
      "opponent": "random",
      "final_reward": 1.0,
      "total_turns": 2,
      "valid_turns": 1,
      "invalid_turns": 1,
      "valid_rate": 0.5
    },
    {
      "task_id": 361132180,
      "game_name": "gin_rummy",
      "seed": 1531386947,
      "opponent": "random",
      "final_reward": 0.5,
      "total_turns": 59,
      "valid_turns": 0,
      "invalid_turns": 59,
      "valid_rate": 0.0
    }
  ],
  "aggregated": {
    "total_valid_turns": 4,
    "total_invalid_turns": 316,
    "avg_valid_rate": 0.06666666666666667,
    "games_played": {
      "backgammon": 2,
      "leduc_poker": 2,
      "gin_rummy": 1,
      "goofspiel": 2,
      "othello": 4,
      "clobber": 1,
      "liars_dice": 4
    }
  }
}