{
  "step": 53,
  "timestamp": "2026-01-19T10:34:36.888154",
  "num_episodes": 22,
  "stats": {
    "objective/kl": 5.707015514373779,
    "objective/kl_coef": 0.050005801022052765,
    "objective/entropy": 84.96298599243164,
    "ppo/mean_non_score_reward": -0.03567274985834956,
    "ppo/mean_scores": -0.07724460773169994,
    "ppo/std_scores": 0.0,
    "tokens/queries_len_mean": 218.1875,
    "tokens/queries_len_std": 11.776856422424316,
    "tokens/responses_len_mean": 8.0,
    "tokens/responses_len_std": 0.0,
    "ppo/loss/policy": -0.014394532423466444,
    "ppo/loss/value": 2.3153612911701202,
    "ppo/loss/total": 0.21714160218834877,
    "ppo/policy/entropy": 1.4427587389945984,
    "ppo/policy/approxkl": 0.0016248390602413565,
    "ppo/policy/policykl": 0.014372055185958743,
    "ppo/policy/clipfrac": 0.01953125,
    "ppo/policy/advantages_mean": -8.381903171539307e-09,
    "ppo/returns/mean": -0.5769868940114975,
    "ppo/returns/var": 3.948733627796173,
    "ppo/val/vpred": -0.09106199815869331,
    "ppo/val/error": 4.6307225823402405,
    "ppo/val/clipfrac": 0.0,
    "ppo/val/mean": -0.09200592339038849,
    "ppo/val/var": 0.3969939574599266,
    "ppo/val/var_explained": -0.2027376890182495,
    "ppo/learning_rate": 5e-07,
    "time/ppo/forward_pass": 0.4149598479270935,
    "time/ppo/compute_rewards": 0.001011669635772705,
    "time/ppo/compute_advantages": 0.02162802219390869,
    "time/ppo/optimize_step": 0.9286217093467712,
    "time/ppo/calc_stats": 0.006824076175689697,
    "time/ppo/total": 1.373142659664154,
    "mean_reward": 0.0,
    "mean_score": 0.0,
    "success_rate": 0.0,
    "num_samples": 16,
    "num_batches": 4,
    "total_valid_turns": 16,
    "total_invalid_turns": 13,
    "avg_valid_rate": 0.5454545454545454
  },
  "episodes_summary": [
    {
      "task_id": 116319321,
      "game_name": "liars_dice",
      "seed": 667835834,
      "opponent": "mcts",
      "final_reward": 0.0,
      "total_turns": 2,
      "valid_turns": 1,
      "invalid_turns": 1,
      "valid_rate": 0.5
    },
    {
      "task_id": 164836875,
      "game_name": "liars_dice",
      "seed": 1116333494,
      "opponent": "mcts",
      "final_reward": 0.0,
      "total_turns": 1,
      "valid_turns": 1,
      "invalid_turns": 0,
      "valid_rate": 1.0
    },
    {
      "task_id": 170068690,
      "game_name": "liars_dice",
      "seed": 2096079727,
      "opponent": "mcts",
      "final_reward": 0.0,
      "total_turns": 1,
      "valid_turns": 0,
      "invalid_turns": 1,
      "valid_rate": 0.0
    },
    {
      "task_id": 117457769,
      "game_name": "liars_dice",
      "seed": 1691432819,
      "opponent": "mcts",
      "final_reward": 0.0,
      "total_turns": 1,
      "valid_turns": 0,
      "invalid_turns": 1,
      "valid_rate": 0.0
    },
    {
      "task_id": 108906491,
      "game_name": "liars_dice",
      "seed": 1057628882,
      "opponent": "mcts",
      "final_reward": 0.0,
      "total_turns": 2,
      "valid_turns": 1,
      "invalid_turns": 1,
      "valid_rate": 0.5
    },
    {
      "task_id": 188830303,
      "game_name": "liars_dice",
      "seed": 508686890,
      "opponent": "mcts",
      "final_reward": 0.0,
      "total_turns": 1,
      "valid_turns": 0,
      "invalid_turns": 1,
      "valid_rate": 0.0
    },
    {
      "task_id": 151361347,
      "game_name": "liars_dice",
      "seed": 2108277026,
      "opponent": "mcts",
      "final_reward": 0.0,
      "total_turns": 1,
      "valid_turns": 1,
      "invalid_turns": 0,
      "valid_rate": 1.0
    },
    {
      "task_id": 173739193,
      "game_name": "liars_dice",
      "seed": 158630422,
      "opponent": "mcts",
      "final_reward": 0.0,
      "total_turns": 1,
      "valid_turns": 1,
      "invalid_turns": 0,
      "valid_rate": 1.0
    },
    {
      "task_id": 120826772,
      "game_name": "liars_dice",
      "seed": 2118369463,
      "opponent": "mcts",
      "final_reward": 0.0,
      "total_turns": 1,
      "valid_turns": 0,
      "invalid_turns": 1,
      "valid_rate": 0.0
    },
    {
      "task_id": 106472827,
      "game_name": "liars_dice",
      "seed": 1317342846,
      "opponent": "mcts",
      "final_reward": 0.0,
      "total_turns": 2,
      "valid_turns": 1,
      "invalid_turns": 1,
      "valid_rate": 0.5
    },
    {
      "task_id": 189416314,
      "game_name": "liars_dice",
      "seed": 1959234325,
      "opponent": "mcts",
      "final_reward": 0.0,
      "total_turns": 1,
      "valid_turns": 1,
      "invalid_turns": 0,
      "valid_rate": 1.0
    },
    {
      "task_id": 144572244,
      "game_name": "liars_dice",
      "seed": 993580752,
      "opponent": "mcts",
      "final_reward": 0.0,
      "total_turns": 2,
      "valid_turns": 2,
      "invalid_turns": 0,
      "valid_rate": 1.0
    },
    {
      "task_id": 171762540,
      "game_name": "liars_dice",
      "seed": 1019417262,
      "opponent": "mcts",
      "final_reward": 0.0,
      "total_turns": 1,
      "valid_turns": 1,
      "invalid_turns": 0,
      "valid_rate": 1.0
    },
    {
      "task_id": 132203361,
      "game_name": "liars_dice",
      "seed": 1865487366,
      "opponent": "mcts",
      "final_reward": 0.0,
      "total_turns": 2,
      "valid_turns": 1,
      "invalid_turns": 1,
      "valid_rate": 0.5
    },
    {
      "task_id": 193601314,
      "game_name": "liars_dice",
      "seed": 1634650341,
      "opponent": "mcts",
      "final_reward": 0.0,
      "total_turns": 1,
      "valid_turns": 0,
      "invalid_turns": 1,
      "valid_rate": 0.0
    },
    {
      "task_id": 127874798,
      "game_name": "liars_dice",
      "seed": 410018553,
      "opponent": "mcts",
      "final_reward": 0.0,
      "total_turns": 1,
      "valid_turns": 1,
      "invalid_turns": 0,
      "valid_rate": 1.0
    },
    {
      "task_id": 113633112,
      "game_name": "liars_dice",
      "seed": 1041540273,
      "opponent": "mcts",
      "final_reward": 0.0,
      "total_turns": 1,
      "valid_turns": 0,
      "invalid_turns": 1,
      "valid_rate": 0.0
    },
    {
      "task_id": 142373886,
      "game_name": "liars_dice",
      "seed": 914105958,
      "opponent": "mcts",
      "final_reward": 0.0,
      "total_turns": 2,
      "valid_turns": 1,
      "invalid_turns": 1,
      "valid_rate": 0.5
    },
    {
      "task_id": 132854392,
      "game_name": "liars_dice",
      "seed": 1179294557,
      "opponent": "mcts",
      "final_reward": 0.0,
      "total_turns": 1,
      "valid_turns": 1,
      "invalid_turns": 0,
      "valid_rate": 1.0
    },
    {
      "task_id": 152674971,
      "game_name": "liars_dice",
      "seed": 284216069,
      "opponent": "mcts",
      "final_reward": 0.0,
      "total_turns": 1,
      "valid_turns": 0,
      "invalid_turns": 1,
      "valid_rate": 0.0
    },
    {
      "task_id": 159055982,
      "game_name": "liars_dice",
      "seed": 415500200,
      "opponent": "mcts",
      "final_reward": 0.0,
      "total_turns": 1,
      "valid_turns": 1,
      "invalid_turns": 0,
      "valid_rate": 1.0
    },
    {
      "task_id": 170342221,
      "game_name": "liars_dice",
      "seed": 1145269320,
      "opponent": "mcts",
      "final_reward": 0.0,
      "total_turns": 2,
      "valid_turns": 1,
      "invalid_turns": 1,
      "valid_rate": 0.5
    }
  ],
  "aggregated": {
    "total_valid_turns": 16,
    "total_invalid_turns": 13,
    "avg_valid_rate": 0.5454545454545454,
    "games_played": {
      "liars_dice": 22
    },
    "success_count": 0,
    "failure_count": 22,
    "success_rate": 0.0
  }
}