{
  "step": 18,
  "timestamp": "2026-01-19T10:11:19.312267",
  "num_episodes": 29,
  "stats": {
    "objective/kl": 9.088405132293701,
    "objective/kl_coef": 0.05023821722716093,
    "objective/entropy": 70.81312942504883,
    "ppo/mean_non_score_reward": -0.057072420604527,
    "ppo/mean_scores": -0.10352092795073986,
    "ppo/std_scores": 0.0,
    "tokens/queries_len_mean": 218.25,
    "tokens/queries_len_std": 8.89123985171318,
    "tokens/responses_len_mean": 8.0,
    "tokens/responses_len_std": 0.0,
    "ppo/loss/policy": -0.00201194966211915,
    "ppo/loss/value": 1.160148948431015,
    "ppo/loss/total": 0.11400294862687588,
    "ppo/policy/entropy": 1.886168211698532,
    "ppo/policy/approxkl": 0.00046893733451724984,
    "ppo/policy/policykl": -0.001661563030211255,
    "ppo/policy/clipfrac": 0.0,
    "ppo/policy/advantages_mean": 6.984919309616089e-09,
    "ppo/returns/mean": 0.4278019070625305,
    "ppo/returns/var": 1.4818762838840485,
    "ppo/val/vpred": 0.23734650015830994,
    "ppo/val/error": 2.32029789686203,
    "ppo/val/clipfrac": 0.0,
    "ppo/val/mean": 0.23788828682154417,
    "ppo/val/var": 0.5506511628627777,
    "ppo/val/var_explained": -0.6370245516300201,
    "ppo/learning_rate": 5e-07,
    "time/ppo/forward_pass": 0.40689772367477417,
    "time/ppo/compute_rewards": 0.0008051395416259766,
    "time/ppo/compute_advantages": 0.01688140630722046,
    "time/ppo/optimize_step": 0.8991989493370056,
    "time/ppo/calc_stats": 0.006520867347717285,
    "time/ppo/total": 1.3303972482681274,
    "mean_reward": 0.0,
    "mean_score": 0.0,
    "success_rate": 0.0,
    "num_samples": 16,
    "num_batches": 4,
    "total_valid_turns": 16,
    "total_invalid_turns": 18,
    "avg_valid_rate": 0.46551724137931033
  },
  "episodes_summary": [
    {
      "task_id": 126535585,
      "game_name": "liars_dice",
      "seed": 6421808,
      "opponent": "mcts",
      "final_reward": 0.0,
      "total_turns": 1,
      "valid_turns": 0,
      "invalid_turns": 1,
      "valid_rate": 0.0
    },
    {
      "task_id": 169822839,
      "game_name": "liars_dice",
      "seed": 1783287310,
      "opponent": "mcts",
      "final_reward": 0.0,
      "total_turns": 1,
      "valid_turns": 1,
      "invalid_turns": 0,
      "valid_rate": 1.0
    },
    {
      "task_id": 149256195,
      "game_name": "liars_dice",
      "seed": 760790249,
      "opponent": "mcts",
      "final_reward": 0.0,
      "total_turns": 1,
      "valid_turns": 0,
      "invalid_turns": 1,
      "valid_rate": 0.0
    },
    {
      "task_id": 155757400,
      "game_name": "liars_dice",
      "seed": 1640372964,
      "opponent": "mcts",
      "final_reward": 0.0,
      "total_turns": 1,
      "valid_turns": 0,
      "invalid_turns": 1,
      "valid_rate": 0.0
    },
    {
      "task_id": 158493902,
      "game_name": "liars_dice",
      "seed": 902388127,
      "opponent": "mcts",
      "final_reward": 0.0,
      "total_turns": 1,
      "valid_turns": 1,
      "invalid_turns": 0,
      "valid_rate": 1.0
    },
    {
      "task_id": 182646041,
      "game_name": "liars_dice",
      "seed": 1156710707,
      "opponent": "mcts",
      "final_reward": 0.0,
      "total_turns": 1,
      "valid_turns": 0,
      "invalid_turns": 1,
      "valid_rate": 0.0
    },
    {
      "task_id": 147388398,
      "game_name": "liars_dice",
      "seed": 1490648906,
      "opponent": "mcts",
      "final_reward": 0.0,
      "total_turns": 1,
      "valid_turns": 1,
      "invalid_turns": 0,
      "valid_rate": 1.0
    },
    {
      "task_id": 190889437,
      "game_name": "liars_dice",
      "seed": 1949538289,
      "opponent": "mcts",
      "final_reward": 0.0,
      "total_turns": 1,
      "valid_turns": 0,
      "invalid_turns": 1,
      "valid_rate": 0.0
    },
    {
      "task_id": 133785054,
      "game_name": "liars_dice",
      "seed": 443485338,
      "opponent": "mcts",
      "final_reward": 0.0,
      "total_turns": 2,
      "valid_turns": 2,
      "invalid_turns": 0,
      "valid_rate": 1.0
    },
    {
      "task_id": 103238907,
      "game_name": "liars_dice",
      "seed": 609443956,
      "opponent": "mcts",
      "final_reward": 0.0,
      "total_turns": 1,
      "valid_turns": 1,
      "invalid_turns": 0,
      "valid_rate": 1.0
    },
    {
      "task_id": 150856301,
      "game_name": "liars_dice",
      "seed": 889439598,
      "opponent": "mcts",
      "final_reward": 0.0,
      "total_turns": 1,
      "valid_turns": 0,
      "invalid_turns": 1,
      "valid_rate": 0.0
    },
    {
      "task_id": 127065819,
      "game_name": "liars_dice",
      "seed": 1808920646,
      "opponent": "mcts",
      "final_reward": 0.0,
      "total_turns": 2,
      "valid_turns": 1,
      "invalid_turns": 1,
      "valid_rate": 0.5
    },
    {
      "task_id": 175107999,
      "game_name": "liars_dice",
      "seed": 453250019,
      "opponent": "mcts",
      "final_reward": 0.0,
      "total_turns": 1,
      "valid_turns": 1,
      "invalid_turns": 0,
      "valid_rate": 1.0
    },
    {
      "task_id": 116716445,
      "game_name": "liars_dice",
      "seed": 1922816032,
      "opponent": "mcts",
      "final_reward": 0.0,
      "total_turns": 1,
      "valid_turns": 0,
      "invalid_turns": 1,
      "valid_rate": 0.0
    },
    {
      "task_id": 173521076,
      "game_name": "liars_dice",
      "seed": 1459495681,
      "opponent": "mcts",
      "final_reward": 0.0,
      "total_turns": 1,
      "valid_turns": 0,
      "invalid_turns": 1,
      "valid_rate": 0.0
    },
    {
      "task_id": 181638502,
      "game_name": "liars_dice",
      "seed": 1092787573,
      "opponent": "mcts",
      "final_reward": 0.0,
      "total_turns": 1,
      "valid_turns": 1,
      "invalid_turns": 0,
      "valid_rate": 1.0
    },
    {
      "task_id": 131348127,
      "game_name": "liars_dice",
      "seed": 1949063429,
      "opponent": "mcts",
      "final_reward": 0.0,
      "total_turns": 1,
      "valid_turns": 1,
      "invalid_turns": 0,
      "valid_rate": 1.0
    },
    {
      "task_id": 112242798,
      "game_name": "liars_dice",
      "seed": 2063953154,
      "opponent": "mcts",
      "final_reward": 0.0,
      "total_turns": 2,
      "valid_turns": 0,
      "invalid_turns": 2,
      "valid_rate": 0.0
    },
    {
      "task_id": 103209907,
      "game_name": "liars_dice",
      "seed": 1919844375,
      "opponent": "mcts",
      "final_reward": 0.0,
      "total_turns": 1,
      "valid_turns": 1,
      "invalid_turns": 0,
      "valid_rate": 1.0
    },
    {
      "task_id": 174150439,
      "game_name": "liars_dice",
      "seed": 1738861350,
      "opponent": "mcts",
      "final_reward": 0.0,
      "total_turns": 1,
      "valid_turns": 1,
      "invalid_turns": 0,
      "valid_rate": 1.0
    },
    {
      "task_id": 130062557,
      "game_name": "liars_dice",
      "seed": 1844640898,
      "opponent": "mcts",
      "final_reward": 0.0,
      "total_turns": 1,
      "valid_turns": 1,
      "invalid_turns": 0,
      "valid_rate": 1.0
    },
    {
      "task_id": 134783638,
      "game_name": "liars_dice",
      "seed": 2049695817,
      "opponent": "mcts",
      "final_reward": 0.0,
      "total_turns": 1,
      "valid_turns": 0,
      "invalid_turns": 1,
      "valid_rate": 0.0
    },
    {
      "task_id": 159177789,
      "game_name": "liars_dice",
      "seed": 1217714684,
      "opponent": "mcts",
      "final_reward": 0.0,
      "total_turns": 2,
      "valid_turns": 1,
      "invalid_turns": 1,
      "valid_rate": 0.5
    },
    {
      "task_id": 180456421,
      "game_name": "liars_dice",
      "seed": 639126656,
      "opponent": "mcts",
      "final_reward": 0.0,
      "total_turns": 1,
      "valid_turns": 0,
      "invalid_turns": 1,
      "valid_rate": 0.0
    },
    {
      "task_id": 125180156,
      "game_name": "liars_dice",
      "seed": 1288073980,
      "opponent": "mcts",
      "final_reward": 0.0,
      "total_turns": 1,
      "valid_turns": 0,