{
  "step": 26,
  "timestamp": "2026-01-19T10:17:17.765283",
  "num_episodes": 27,
  "stats": {
    "objective/kl": 7.648203134536743,
    "objective/kl_coef": 0.05034409370273352,
    "objective/entropy": 74.08039569854736,
    "ppo/mean_non_score_reward": -0.04813019558787346,
    "ppo/mean_scores": -0.099141551181674,
    "ppo/std_scores": 0.0,
    "tokens/queries_len_mean": 222.625,
    "tokens/queries_len_std": 20.584097862243652,
    "tokens/responses_len_mean": 8.0,
    "tokens/responses_len_std": 0.0,
    "ppo/loss/policy": -0.002778321038931608,
    "ppo/loss/value": 1.084170863032341,
    "ppo/loss/total": 0.1056387685239315,
    "ppo/policy/entropy": 1.8409594893455505,
    "ppo/policy/approxkl": 0.0005283164136926644,
    "ppo/policy/policykl": -0.003261318081058562,
    "ppo/policy/clipfrac": 0.0,
    "ppo/policy/advantages_mean": 8.847564458847046e-09,
    "ppo/returns/mean": 0.2134265173226595,
    "ppo/returns/var": 1.5268920958042145,
    "ppo/val/vpred": 0.32986057363450527,
    "ppo/val/error": 2.168341726064682,
    "ppo/val/clipfrac": 0.0,
    "ppo/val/mean": 0.33029535226523876,
    "ppo/val/var": 0.414141945540905,
    "ppo/val/var_explained": -0.5793719589710236,
    "ppo/learning_rate": 5e-07,
    "time/ppo/forward_pass": 0.4533786177635193,
    "time/ppo/compute_rewards": 0.0009927153587341309,
    "time/ppo/compute_advantages": 0.023189902305603027,
    "time/ppo/optimize_step": 0.9679656028747559,
    "time/ppo/calc_stats": 0.011204242706298828,
    "time/ppo/total": 1.4568325877189636,
    "mean_reward": 0.0,
    "mean_score": 0.0,
    "success_rate": 0.0,
    "num_samples": 16,
    "num_batches": 4,
    "total_valid_turns": 16,
    "total_invalid_turns": 16,
    "avg_valid_rate": 0.5
  },
  "episodes_summary": [
    {
      "task_id": 191013456,
      "game_name": "liars_dice",
      "seed": 542009367,
      "opponent": "mcts",
      "final_reward": 0.0,
      "total_turns": 1,
      "valid_turns": 1,
      "invalid_turns": 0,
      "valid_rate": 1.0
    },
    {
      "task_id": 110947230,
      "game_name": "liars_dice",
      "seed": 1199450135,
      "opponent": "mcts",
      "final_reward": 0.0,
      "total_turns": 1,
      "valid_turns": 0,
      "invalid_turns": 1,
      "valid_rate": 0.0
    },
    {
      "task_id": 100546335,
      "game_name": "liars_dice",
      "seed": 616027172,
      "opponent": "mcts",
      "final_reward": 0.0,
      "total_turns": 2,
      "valid_turns": 1,
      "invalid_turns": 1,
      "valid_rate": 0.5
    },
    {
      "task_id": 156129512,
      "game_name": "liars_dice",
      "seed": 546133147,
      "opponent": "mcts",
      "final_reward": 0.0,
      "total_turns": 1,
      "valid_turns": 0,
      "invalid_turns": 1,
      "valid_rate": 0.0
    },
    {
      "task_id": 101235938,
      "game_name": "liars_dice",
      "seed": 176369720,
      "opponent": "mcts",
      "final_reward": 0.0,
      "total_turns": 1,
      "valid_turns": 1,
      "invalid_turns": 0,
      "valid_rate": 1.0
    },
    {
      "task_id": 189900327,
      "game_name": "liars_dice",
      "seed": 749072587,
      "opponent": "mcts",
      "final_reward": 0.0,
      "total_turns": 1,
      "valid_turns": 1,
      "invalid_turns": 0,
      "valid_rate": 1.0
    },
    {
      "task_id": 131063707,
      "game_name": "liars_dice",
      "seed": 1182583546,
      "opponent": "mcts",
      "final_reward": 0.0,
      "total_turns": 2,
      "valid_turns": 0,
      "invalid_turns": 2,
      "valid_rate": 0.0
    },
    {
      "task_id": 113473196,
      "game_name": "liars_dice",
      "seed": 1502382684,
      "opponent": "mcts",
      "final_reward": 0.0,
      "total_turns": 1,
      "valid_turns": 0,
      "invalid_turns": 1,
      "valid_rate": 0.0
    },
    {
      "task_id": 172295886,
      "game_name": "liars_dice",
      "seed": 1214289346,
      "opponent": "mcts",
      "final_reward": 0.0,
      "total_turns": 1,
      "valid_turns": 1,
      "invalid_turns": 0,
      "valid_rate": 1.0
    },
    {
      "task_id": 154559887,
      "game_name": "liars_dice",
      "seed": 1685627801,
      "opponent": "mcts",
      "final_reward": 0.0,
      "total_turns": 1,
      "valid_turns": 0,
      "invalid_turns": 1,
      "valid_rate": 0.0
    },
    {
      "task_id": 178453751,
      "game_name": "liars_dice",
      "seed": 1613048717,
      "opponent": "mcts",
      "final_reward": 0.0,
      "total_turns": 1,
      "valid_turns": 0,
      "invalid_turns": 1,
      "valid_rate": 0.0
    },
    {
      "task_id": 100033985,
      "game_name": "liars_dice",
      "seed": 408907251,
      "opponent": "mcts",
      "final_reward": 0.0,
      "total_turns": 1,
      "valid_turns": 1,
      "invalid_turns": 0,
      "valid_rate": 1.0
    },
    {
      "task_id": 196060485,
      "game_name": "liars_dice",
      "seed": 1979187346,
      "opponent": "mcts",
      "final_reward": 0.0,
      "total_turns": 2,
      "valid_turns": 1,
      "invalid_turns": 1,
      "valid_rate": 0.5
    },
    {
      "task_id": 153850372,
      "game_name": "liars_dice",
      "seed": 1123553574,
      "opponent": "mcts",
      "final_reward": 0.0,
      "total_turns": 1,
      "valid_turns": 1,
      "invalid_turns": 0,
      "valid_rate": 1.0
    },
    {
      "task_id": 123842719,
      "game_name": "liars_dice",
      "seed": 293918971,
      "opponent": "mcts",
      "final_reward": 0.0,
      "total_turns": 1,
      "valid_turns": 1,
      "invalid_turns": 0,
      "valid_rate": 1.0
    },
    {
      "task_id": 182245023,
      "game_name": "liars_dice",
      "seed": 1404675634,
      "opponent": "mcts",
      "final_reward": 0.0,
      "total_turns": 1,
      "valid_turns": 1,
      "invalid_turns": 0,
      "valid_rate": 1.0
    },
    {
      "task_id": 146214295,
      "game_name": "liars_dice",
      "seed": 1675121537,
      "opponent": "mcts",
      "final_reward": 0.0,
      "total_turns": 1,
      "valid_turns": 0,
      "invalid_turns": 1,
      "valid_rate": 0.0
    },
    {
      "task_id": 173763072,
      "game_name": "liars_dice",
      "seed": 540592374,
      "opponent": "mcts",
      "final_reward": 0.0,
      "total_turns": 2,
      "valid_turns": 1,
      "invalid_turns": 1,
      "valid_rate": 0.5
    },
    {
      "task_id": 188055320,
      "game_name": "liars_dice",
      "seed": 149399364,
      "opponent": "mcts",
      "final_reward": 0.0,
      "total_turns": 1,
      "valid_turns": 1,
      "invalid_turns": 0,
      "valid_rate": 1.0
    },
    {
      "task_id": 169289626,
      "game_name": "liars_dice",
      "seed": 1786110329,
      "opponent": "mcts",
      "final_reward": 0.0,
      "total_turns": 1,
      "valid_turns": 0,
      "invalid_turns": 1,
      "valid_rate": 0.0
    },
    {
      "task_id": 183454701,
      "game_name": "liars_dice",
      "seed": 873796812,
      "opponent": "mcts",
      "final_reward": 0.0,
      "total_turns": 1,
      "valid_turns": 1,
      "invalid_turns": 0,
      "valid_rate": 1.0
    },
    {
      "task_id": 113095587,
      "game_name": "liars_dice",
      "seed": 1727068009,
      "opponent": "mcts",
      "final_reward": 0.0,
      "total_turns": 1,
      "valid_turns": 0,
      "invalid_turns": 1,
      "valid_rate": 0.0
    },
    {
      "task_id": 178300211,
      "game_name": "liars_dice",
      "seed": 2003880589,
      "opponent": "mcts",
      "final_reward": 0.0,
      "total_turns": 1,
      "valid_turns": 0,
      "invalid_turns": 1,
      "valid_rate": 0.0
    },
    {
      "task_id": 104332765,
      "game_name": "liars_dice",
      "seed": 865486147,
      "opponent": "mcts",
      "final_reward": 0.0,
      "total_turns": 1,
      "valid_turns": 0,
      "invalid_turns": 1,
      "valid_rate": 0.0
    },
    {
      "task_id": 147440920,
      "game_name": "liars_dice",
      "seed": 408611736,
      "opponent": "mcts",
      "final_reward": 0.0,
      "total_turns": 1,
      "valid_turns": 1,