{
  "step": 11,
  "timestamp": "2026-01-19T10:06:11.751967",
  "num_episodes": 32,
  "stats": {
    "objective/kl": 10.533377170562744,
    "objective/kl_coef": 0.050140890292823315,
    "objective/entropy": 88.85511016845703,
    "ppo/mean_non_score_reward": -0.06601879931986332,
    "ppo/mean_scores": 0.3312958814203739,
    "ppo/std_scores": 0.9299333095550537,
    "tokens/queries_len_mean": 212.625,
    "tokens/queries_len_std": 3.149174779653549,
    "tokens/responses_len_mean": 8.0,
    "tokens/responses_len_std": 0.0,
    "ppo/loss/policy": 0.0003405315801501274,
    "ppo/loss/value": 1.5451937317848206,
    "ppo/loss/total": 0.15485991910099983,
    "ppo/policy/entropy": 2.638787269592285,
    "ppo/policy/approxkl": 0.0005465197173180059,
    "ppo/policy/policykl": -0.0005084065487608314,
    "ppo/policy/clipfrac": 0.0,
    "ppo/policy/advantages_mean": -1.30385160446167e-08,
    "ppo/returns/mean": 0.5921127870678902,
    "ppo/returns/var": 2.1344446539878845,
    "ppo/val/vpred": 0.27829138189554214,
    "ppo/val/error": 3.090387463569641,
    "ppo/val/clipfrac": 0.0,
    "ppo/val/mean": 0.2780623119324446,
    "ppo/val/var": 0.6981022208929062,
    "ppo/val/var_explained": -0.4561600089073181,
    "ppo/learning_rate": 5e-07,
    "time/ppo/forward_pass": 0.40258145332336426,
    "time/ppo/compute_rewards": 0.0008240938186645508,
    "time/ppo/compute_advantages": 0.016424477100372314,
    "time/ppo/optimize_step": 0.9049836993217468,
    "time/ppo/calc_stats": 0.002492070198059082,
    "time/ppo/total": 1.327405035495758,
    "mean_reward": 0.0625,
    "mean_score": 0.0625,
    "success_rate": 0.0625,
    "num_samples": 16,
    "num_batches": 4,
    "total_valid_turns": 16,
    "total_invalid_turns": 20,
    "avg_valid_rate": 0.46875
  },
  "episodes_summary": [
    {
      "task_id": 166618290,
      "game_name": "liars_dice",
      "seed": 384912045,
      "opponent": "mcts",
      "final_reward": 0.0,
      "total_turns": 1,
      "valid_turns": 0,
      "invalid_turns": 1,
      "valid_rate": 0.0
    },
    {
      "task_id": 148098959,
      "game_name": "liars_dice",
      "seed": 1257285374,
      "opponent": "mcts",
      "final_reward": 0.0,
      "total_turns": 1,
      "valid_turns": 0,
      "invalid_turns": 1,
      "valid_rate": 0.0
    },
    {
      "task_id": 190146725,
      "game_name": "liars_dice",
      "seed": 647719995,
      "opponent": "mcts",
      "final_reward": 0.0,
      "total_turns": 1,
      "valid_turns": 0,
      "invalid_turns": 1,
      "valid_rate": 0.0
    },
    {
      "task_id": 161487398,
      "game_name": "liars_dice",
      "seed": 1014235417,
      "opponent": "mcts",
      "final_reward": 0.0,
      "total_turns": 1,
      "valid_turns": 1,
      "invalid_turns": 0,
      "valid_rate": 1.0
    },
    {
      "task_id": 198717100,
      "game_name": "liars_dice",
      "seed": 1738222056,
      "opponent": "mcts",
      "final_reward": 0.0,
      "total_turns": 2,
      "valid_turns": 1,
      "invalid_turns": 1,
      "valid_rate": 0.5
    },
    {
      "task_id": 152692974,
      "game_name": "liars_dice",
      "seed": 63496452,
      "opponent": "mcts",
      "final_reward": 1.0,
      "total_turns": 2,
      "valid_turns": 1,
      "invalid_turns": 1,
      "valid_rate": 0.5
    },
    {
      "task_id": 173879940,
      "game_name": "liars_dice",
      "seed": 2013985471,
      "opponent": "mcts",
      "final_reward": 0.0,
      "total_turns": 1,
      "valid_turns": 0,
      "invalid_turns": 1,
      "valid_rate": 0.0
    },
    {
      "task_id": 192186595,
      "game_name": "liars_dice",
      "seed": 164500904,
      "opponent": "mcts",
      "final_reward": 0.0,
      "total_turns": 1,
      "valid_turns": 1,
      "invalid_turns": 0,
      "valid_rate": 1.0
    },
    {
      "task_id": 154194274,
      "game_name": "liars_dice",
      "seed": 1488587763,
      "opponent": "mcts",
      "final_reward": 0.0,
      "total_turns": 1,
      "valid_turns": 1,
      "invalid_turns": 0,
      "valid_rate": 1.0
    },
    {
      "task_id": 136648109,
      "game_name": "liars_dice",
      "seed": 147203753,
      "opponent": "mcts",
      "final_reward": 0.0,
      "total_turns": 1,
      "valid_turns": 1,
      "invalid_turns": 0,
      "valid_rate": 1.0
    },
    {
      "task_id": 144964705,
      "game_name": "liars_dice",
      "seed": 1244585281,
      "opponent": "mcts",
      "final_reward": 0.0,
      "total_turns": 1,
      "valid_turns": 0,
      "invalid_turns": 1,
      "valid_rate": 0.0
    },
    {
      "task_id": 171037685,
      "game_name": "liars_dice",
      "seed": 1461493112,
      "opponent": "mcts",
      "final_reward": 0.0,
      "total_turns": 1,
      "valid_turns": 1,
      "invalid_turns": 0,
      "valid_rate": 1.0
    },
    {
      "task_id": 128047443,
      "game_name": "liars_dice",
      "seed": 498196444,
      "opponent": "mcts",
      "final_reward": 0.0,
      "total_turns": 1,
      "valid_turns": 0,
      "invalid_turns": 1,
      "valid_rate": 0.0
    },
    {
      "task_id": 132567474,
      "game_name": "liars_dice",
      "seed": 1517650880,
      "opponent": "mcts",
      "final_reward": 0.0,
      "total_turns": 1,
      "valid_turns": 0,
      "invalid_turns": 1,
      "valid_rate": 0.0
    },
    {
      "task_id": 151706749,
      "game_name": "liars_dice",
      "seed": 657369654,
      "opponent": "mcts",
      "final_reward": 0.0,
      "total_turns": 1,
      "valid_turns": 1,
      "invalid_turns": 0,
      "valid_rate": 1.0
    },
    {
      "task_id": 178508337,
      "game_name": "liars_dice",
      "seed": 220138111,
      "opponent": "mcts",
      "final_reward": 0.0,
      "total_turns": 1,
      "valid_turns": 0,
      "invalid_turns": 1,
      "valid_rate": 0.0
    },
    {
      "task_id": 148746949,
      "game_name": "liars_dice",
      "seed": 1250654170,
      "opponent": "mcts",
      "final_reward": 0.0,
      "total_turns": 1,
      "valid_turns": 0,
      "invalid_turns": 1,
      "valid_rate": 0.0
    },
    {
      "task_id": 166418867,
      "game_name": "liars_dice",
      "seed": 1733699149,
      "opponent": "mcts",
      "final_reward": 0.0,
      "total_turns": 1,
      "valid_turns": 0,
      "invalid_turns": 1,
      "valid_rate": 0.0
    },
    {
      "task_id": 100135934,
      "game_name": "liars_dice",
      "seed": 604554178,
      "opponent": "mcts",
      "final_reward": 0.0,
      "total_turns": 1,
      "valid_turns": 1,
      "invalid_turns": 0,
      "valid_rate": 1.0
    },
    {
      "task_id": 116891012,
      "game_name": "liars_dice",
      "seed": 1466070566,
      "opponent": "mcts",
      "final_reward": 0.0,
      "total_turns": 1,
      "valid_turns": 0,
      "invalid_turns": 1,
      "valid_rate": 0.0
    },
    {
      "task_id": 189148626,
      "game_name": "liars_dice",
      "seed": 1106378843,
      "opponent": "mcts",
      "final_reward": 0.0,
      "total_turns": 1,
      "valid_turns": 0,
      "invalid_turns": 1,
      "valid_rate": 0.0
    },
    {
      "task_id": 109428267,
      "game_name": "liars_dice",
      "seed": 1820547445,
      "opponent": "mcts",
      "final_reward": 0.0,
      "total_turns": 1,
      "valid_turns": 1,
      "invalid_turns": 0,
      "valid_rate": 1.0
    },
    {
      "task_id": 129546403,
      "game_name": "liars_dice",
      "seed": 746609351,
      "opponent": "mcts",
      "final_reward": 0.0,
      "total_turns": 1,
      "valid_turns": 1,
      "invalid_turns": 0,
      "valid_rate": 1.0
    },
    {
      "task_id": 188430927,
      "game_name": "liars_dice",
      "seed": 676035533,
      "opponent": "mcts",
      "final_reward": 0.0,
      "total_turns": 1,
      "valid_turns": 1,
      "invalid_turns": 0,
      "valid_rate": 1.0
    },
    {
      "task_id": 158336064,
      "game_name": "liars_dice",
      "seed": 1141424204,
      "opponent": "mcts",
      "final_reward": 0.0,
      "total_turns": 2,