{
  "step": 31,
  "timestamp": "2026-01-19T10:20:25.017904",
  "num_episodes": 20,
  "stats": {
    "objective/kl": 5.07970666885376,
    "objective/kl_coef": 0.05035035964101553,
    "objective/entropy": 68.81951808929443,
    "ppo/mean_non_score_reward": -0.03197050001472235,
    "ppo/mean_scores": -0.09063193947076797,
    "ppo/std_scores": 0.0,
    "tokens/queries_len_mean": 223.5,
    "tokens/queries_len_std": 27.662385940551758,
    "tokens/responses_len_mean": 8.0,
    "tokens/responses_len_std": 0.0,
    "ppo/loss/policy": 0.002602742053568363,
    "ppo/loss/value": 1.3079537153244019,
    "ppo/loss/total": 0.1333981193602085,
    "ppo/policy/entropy": 1.9761991202831268,
    "ppo/policy/approxkl": 0.0004164826750638895,
    "ppo/policy/policykl": 0.00036493304651230574,
    "ppo/policy/clipfrac": 0.0,
    "ppo/policy/advantages_mean": 2.7939677238464355e-09,
    "ppo/returns/mean": -0.08240709267556667,
    "ppo/returns/var": 2.38191682100296,
    "ppo/val/vpred": 0.20498818159103394,
    "ppo/val/error": 2.6159074306488037,
    "ppo/val/clipfrac": 0.0,
    "ppo/val/mean": 0.2052183896303177,
    "ppo/val/var": 0.3639211915433407,
    "ppo/val/var_explained": -0.10655151307582855,
    "ppo/learning_rate": 5e-07,
    "time/ppo/forward_pass": 0.42661482095718384,
    "time/ppo/compute_rewards": 0.000841677188873291,
    "time/ppo/compute_advantages": 0.01955413818359375,
    "time/ppo/optimize_step": 0.9354491829872131,
    "time/ppo/calc_stats": 0.014994561672210693,
    "time/ppo/total": 1.3975491523742676,
    "mean_reward": 0.0,
    "mean_score": 0.0,
    "success_rate": 0.0,
    "num_samples": 16,
    "num_batches": 4,
    "total_valid_turns": 16,
    "total_invalid_turns": 8,
    "avg_valid_rate": 0.625
  },
  "episodes_summary": [
    {
      "task_id": 183469920,
      "game_name": "liars_dice",
      "seed": 1229719825,
      "opponent": "mcts",
      "final_reward": 0.0,
      "total_turns": 1,
      "valid_turns": 1,
      "invalid_turns": 0,
      "valid_rate": 1.0
    },
    {
      "task_id": 113678883,
      "game_name": "liars_dice",
      "seed": 1972613050,
      "opponent": "mcts",
      "final_reward": 0.0,
      "total_turns": 1,
      "valid_turns": 1,
      "invalid_turns": 0,
      "valid_rate": 1.0
    },
    {
      "task_id": 126539557,
      "game_name": "liars_dice",
      "seed": 1669338869,
      "opponent": "mcts",
      "final_reward": 0.0,
      "total_turns": 1,
      "valid_turns": 0,
      "invalid_turns": 1,
      "valid_rate": 0.0
    },
    {
      "task_id": 174050627,
      "game_name": "liars_dice",
      "seed": 570784657,
      "opponent": "mcts",
      "final_reward": 0.0,
      "total_turns": 1,
      "valid_turns": 0,
      "invalid_turns": 1,
      "valid_rate": 0.0
    },
    {
      "task_id": 191302678,
      "game_name": "liars_dice",
      "seed": 1777871755,
      "opponent": "mcts",
      "final_reward": 0.0,
      "total_turns": 1,
      "valid_turns": 0,
      "invalid_turns": 1,
      "valid_rate": 0.0
    },
    {
      "task_id": 149356871,
      "game_name": "liars_dice",
      "seed": 51157224,
      "opponent": "mcts",
      "final_reward": 0.0,
      "total_turns": 2,
      "valid_turns": 2,
      "invalid_turns": 0,
      "valid_rate": 1.0
    },
    {
      "task_id": 119643903,
      "game_name": "liars_dice",
      "seed": 876302256,
      "opponent": "mcts",
      "final_reward": 0.0,
      "total_turns": 2,
      "valid_turns": 1,
      "invalid_turns": 1,
      "valid_rate": 0.5
    },
    {
      "task_id": 162158344,
      "game_name": "liars_dice",
      "seed": 564895293,
      "opponent": "mcts",
      "final_reward": 0.0,
      "total_turns": 1,
      "valid_turns": 0,
      "invalid_turns": 1,
      "valid_rate": 0.0
    },
    {
      "task_id": 182334333,
      "game_name": "liars_dice",
      "seed": 1198040521,
      "opponent": "mcts",
      "final_reward": 0.0,
      "total_turns": 1,
      "valid_turns": 0,
      "invalid_turns": 1,
      "valid_rate": 0.0
    },
    {
      "task_id": 154791181,
      "game_name": "liars_dice",
      "seed": 1838560751,
      "opponent": "mcts",
      "final_reward": 0.0,
      "total_turns": 1,
      "valid_turns": 0,
      "invalid_turns": 1,
      "valid_rate": 0.0
    },
    {
      "task_id": 111366204,
      "game_name": "liars_dice",
      "seed": 2049453194,
      "opponent": "mcts",
      "final_reward": 0.0,
      "total_turns": 1,
      "valid_turns": 1,
      "invalid_turns": 0,
      "valid_rate": 1.0
    },
    {
      "task_id": 199219273,
      "game_name": "liars_dice",
      "seed": 12347787,
      "opponent": "mcts",
      "final_reward": 0.0,
      "total_turns": 1,
      "valid_turns": 1,
      "invalid_turns": 0,
      "valid_rate": 1.0
    },
    {
      "task_id": 165132161,
      "game_name": "liars_dice",
      "seed": 1267724980,
      "opponent": "mcts",
      "final_reward": 0.0,
      "total_turns": 1,
      "valid_turns": 1,
      "invalid_turns": 0,
      "valid_rate": 1.0
    },
    {
      "task_id": 160247286,
      "game_name": "liars_dice",
      "seed": 1217840684,
      "opponent": "mcts",
      "final_reward": 0.0,
      "total_turns": 2,
      "valid_turns": 2,
      "invalid_turns": 0,
      "valid_rate": 1.0
    },
    {
      "task_id": 126332802,
      "game_name": "liars_dice",
      "seed": 167024435,
      "opponent": "mcts",
      "final_reward": 0.0,
      "total_turns": 1,
      "valid_turns": 0,
      "invalid_turns": 1,
      "valid_rate": 0.0
    },
    {
      "task_id": 168658596,
      "game_name": "liars_dice",
      "seed": 1627428859,
      "opponent": "mcts",
      "final_reward": 0.0,
      "total_turns": 1,
      "valid_turns": 1,
      "invalid_turns": 0,
      "valid_rate": 1.0
    },
    {
      "task_id": 186569054,
      "game_name": "liars_dice",
      "seed": 997320482,
      "opponent": "mcts",
      "final_reward": 0.0,
      "total_turns": 2,
      "valid_turns": 2,
      "invalid_turns": 0,
      "valid_rate": 1.0
    },
    {
      "task_id": 165068354,
      "game_name": "liars_dice",
      "seed": 1720315769,
      "opponent": "mcts",
      "final_reward": 0.0,
      "total_turns": 1,
      "valid_turns": 1,
      "invalid_turns": 0,
      "valid_rate": 1.0
    },
    {
      "task_id": 185256247,
      "game_name": "liars_dice",
      "seed": 1239235342,
      "opponent": "mcts",
      "final_reward": 0.0,
      "total_turns": 1,
      "valid_turns": 1,
      "invalid_turns": 0,
      "valid_rate": 1.0
    },
    {
      "task_id": 153564339,
      "game_name": "liars_dice",
      "seed": 1853439327,
      "opponent": "mcts",
      "final_reward": 0.0,
      "total_turns": 1,
      "valid_turns": 1,
      "invalid_turns": 0,
      "valid_rate": 1.0
    }
  ],
  "aggregated": {
    "total_valid_turns": 16,
    "total_invalid_turns": 8,
    "avg_valid_rate": 0.625,
    "games_played": {
      "liars_dice": 20
    },
    "success_count": 0,
    "failure_count": 20,
    "success_rate": 0.0
  }
}