{
  "step": 84,
  "timestamp": "2026-01-19T10:54:04.197649",
  "num_episodes": 18,
  "stats": {
    "objective/kl": 36.40091323852539,
    "objective/kl_coef": 0.05042761377990246,
    "objective/entropy": 111.66930770874023,
    "ppo/mean_non_score_reward": -0.2294560745358467,
    "ppo/mean_scores": 0.5664977785199881,
    "ppo/std_scores": 1.2583675384521484,
    "tokens/queries_len_mean": 218.125,
    "tokens/queries_len_std": 19.20441484451294,
    "tokens/responses_len_mean": 8.0,
    "tokens/responses_len_std": 0.0,
    "ppo/loss/policy": -0.009651207365095615,
    "ppo/loss/value": 2.3981363773345947,
    "ppo/loss/total": 0.23016243427991867,
    "ppo/policy/entropy": 1.5695722252130508,
    "ppo/policy/approxkl": 0.0011072639026679099,
    "ppo/policy/policykl": 0.008273393381386995,
    "ppo/policy/clipfrac": 0.00390625,
    "ppo/policy/advantages_mean": -9.313225746154785e-10,
    "ppo/returns/mean": -0.2707727923989296,
    "ppo/returns/var": 4.876063704490662,
    "ppo/val/vpred": -0.8280455470085144,
    "ppo/val/error": 4.7962727546691895,
    "ppo/val/clipfrac": 0.0,
    "ppo/val/mean": -0.8272099643945694,
    "ppo/val/var": 0.5954967886209488,
    "ppo/val/var_explained": -0.04120810329914093,
    "ppo/learning_rate": 5e-07,
    "time/ppo/forward_pass": 0.4121829867362976,
    "time/ppo/compute_rewards": 0.0008082389831542969,
    "time/ppo/compute_advantages": 0.017567336559295654,
    "time/ppo/optimize_step": 0.9044714570045471,
    "time/ppo/calc_stats": 0.01033550500869751,
    "time/ppo/total": 1.345455825328827,
    "mean_reward": 0.0625,
    "mean_score": 0.0625,
    "success_rate": 0.0625,
    "num_samples": 16,
    "num_batches": 4,
    "total_valid_turns": 16,
    "total_invalid_turns": 7,
    "avg_valid_rate": 0.6944444444444444
  },
  "episodes_summary": [
    {
      "task_id": 168228367,
      "game_name": "liars_dice",
      "seed": 708578376,
      "opponent": "mcts",
      "final_reward": 0.0,
      "total_turns": 2,
      "valid_turns": 2,
      "invalid_turns": 0,
      "valid_rate": 1.0
    },
    {
      "task_id": 161705450,
      "game_name": "liars_dice",
      "seed": 590459490,
      "opponent": "mcts",
      "final_reward": 0.0,
      "total_turns": 2,
      "valid_turns": 1,
      "invalid_turns": 1,
      "valid_rate": 0.5
    },
    {
      "task_id": 169822839,
      "game_name": "liars_dice",
      "seed": 802380363,
      "opponent": "mcts",
      "final_reward": 0.0,
      "total_turns": 1,
      "valid_turns": 1,
      "invalid_turns": 0,
      "valid_rate": 1.0
    },
    {
      "task_id": 118733776,
      "game_name": "liars_dice",
      "seed": 358152447,
      "opponent": "mcts",
      "final_reward": 0.0,
      "total_turns": 1,
      "valid_turns": 0,
      "invalid_turns": 1,
      "valid_rate": 0.0
    },
    {
      "task_id": 195721590,
      "game_name": "liars_dice",
      "seed": 2020353122,
      "opponent": "mcts",
      "final_reward": 0.0,
      "total_turns": 1,
      "valid_turns": 1,
      "invalid_turns": 0,
      "valid_rate": 1.0
    },
    {
      "task_id": 119313434,
      "game_name": "liars_dice",
      "seed": 839702305,
      "opponent": "mcts",
      "final_reward": 0.0,
      "total_turns": 1,
      "valid_turns": 1,
      "invalid_turns": 0,
      "valid_rate": 1.0
    },
    {
      "task_id": 105827732,
      "game_name": "liars_dice",
      "seed": 79881004,
      "opponent": "mcts",
      "final_reward": 0.0,
      "total_turns": 1,
      "valid_turns": 1,
      "invalid_turns": 0,
      "valid_rate": 1.0
    },
    {
      "task_id": 188022110,
      "game_name": "liars_dice",
      "seed": 805266645,
      "opponent": "mcts",
      "final_reward": 0.0,
      "total_turns": 1,
      "valid_turns": 0,
      "invalid_turns": 1,
      "valid_rate": 0.0
    },
    {
      "task_id": 158851116,
      "game_name": "liars_dice",
      "seed": 1116089413,
      "opponent": "mcts",
      "final_reward": 0.0,
      "total_turns": 1,
      "valid_turns": 1,
      "invalid_turns": 0,
      "valid_rate": 1.0
    },
    {
      "task_id": 184186300,
      "game_name": "liars_dice",
      "seed": 1613256239,
      "opponent": "mcts",
      "final_reward": 0.0,
      "total_turns": 1,
      "valid_turns": 0,
      "invalid_turns": 1,
      "valid_rate": 0.0
    },
    {
      "task_id": 104850202,
      "game_name": "liars_dice",
      "seed": 1724896559,
      "opponent": "mcts",
      "final_reward": 0.0,
      "total_turns": 1,
      "valid_turns": 1,
      "invalid_turns": 0,
      "valid_rate": 1.0
    },
    {
      "task_id": 142589130,
      "game_name": "liars_dice",
      "seed": 829541256,
      "opponent": "mcts",
      "final_reward": 0.0,
      "total_turns": 1,
      "valid_turns": 1,
      "invalid_turns": 0,
      "valid_rate": 1.0
    },
    {
      "task_id": 188862071,
      "game_name": "liars_dice",
      "seed": 2101108081,
      "opponent": "mcts",
      "final_reward": 0.0,
      "total_turns": 1,
      "valid_turns": 1,
      "invalid_turns": 0,
      "valid_rate": 1.0
    },
    {
      "task_id": 106347233,
      "game_name": "liars_dice",
      "seed": 189208749,
      "opponent": "mcts",
      "final_reward": 0.0,
      "total_turns": 1,
      "valid_turns": 0,
      "invalid_turns": 1,
      "valid_rate": 0.0
    },
    {
      "task_id": 114036513,
      "game_name": "liars_dice",
      "seed": 1531876754,
      "opponent": "mcts",
      "final_reward": 0.0,
      "total_turns": 2,
      "valid_turns": 2,
      "invalid_turns": 0,
      "valid_rate": 1.0
    },
    {
      "task_id": 183672749,
      "game_name": "liars_dice",
      "seed": 2035918496,
      "opponent": "mcts",
      "final_reward": 1.0,
      "total_turns": 2,
      "valid_turns": 1,
      "invalid_turns": 1,
      "valid_rate": 0.5
    },
    {
      "task_id": 151433320,
      "game_name": "liars_dice",
      "seed": 1056258792,
      "opponent": "mcts",
      "final_reward": 0.0,
      "total_turns": 2,
      "valid_turns": 1,
      "invalid_turns": 1,
      "valid_rate": 0.5
    },
    {
      "task_id": 120145586,
      "game_name": "liars_dice",
      "seed": 1173770035,
      "opponent": "mcts",
      "final_reward": 0.0,
      "total_turns": 1,
      "valid_turns": 1,
      "invalid_turns": 0,
      "valid_rate": 1.0
    }
  ],
  "aggregated": {
    "total_valid_turns": 16,
    "total_invalid_turns": 7,
    "avg_valid_rate": 0.6944444444444444,
    "games_played": {
      "liars_dice": 18
    },
    "success_count": 1,
    "failure_count": 17,
    "success_rate": 0.05555555555555555
  }
}