{
  "step": 72,
  "timestamp": "2026-01-19T10:46:36.376159",
  "num_episodes": 20,
  "stats": {
    "objective/kl": 27.13321590423584,
    "objective/kl_coef": 0.05023437552154064,
    "objective/entropy": 107.49898719787598,
    "ppo/mean_non_score_reward": -0.17037790268659592,
    "ppo/mean_scores": -0.06616894155740738,
    "ppo/std_scores": 0.0,
    "tokens/queries_len_mean": 226.5625,
    "tokens/queries_len_std": 21.65127944946289,
    "tokens/responses_len_mean": 8.0,
    "tokens/responses_len_std": 0.0,
    "ppo/loss/policy": -0.008307763375341892,
    "ppo/loss/value": 2.5906869173049927,
    "ppo/loss/total": 0.25076093152165413,
    "ppo/policy/entropy": 1.395351380109787,
    "ppo/policy/approxkl": 0.0014308933023130521,
    "ppo/policy/policykl": 0.010517924791201949,
    "ppo/policy/clipfrac": 0.0078125,
    "ppo/policy/advantages_mean": 1.210719347000122e-08,
    "ppo/returns/mean": -0.46513306349515915,
    "ppo/returns/var": 5.482166886329651,
    "ppo/val/vpred": -0.643671378493309,
    "ppo/val/error": 5.181373834609985,
    "ppo/val/clipfrac": 0.0,
    "ppo/val/mean": -0.6442302465438843,
    "ppo/val/var": 0.3554418087005615,
    "ppo/val/var_explained": 0.05534489452838898,
    "ppo/learning_rate": 5e-07,
    "time/ppo/forward_pass": 0.4131714701652527,
    "time/ppo/compute_rewards": 0.000842750072479248,
    "time/ppo/compute_advantages": 0.01840156316757202,
    "time/ppo/optimize_step": 0.9263419508934021,
    "time/ppo/calc_stats": 0.010992825031280518,
    "time/ppo/total": 1.3698467016220093,
    "mean_reward": 0.0,
    "mean_score": 0.0,
    "success_rate": 0.0,
    "num_samples": 16,
    "num_batches": 4,
    "total_valid_turns": 16,
    "total_invalid_turns": 12,
    "avg_valid_rate": 0.525
  },
  "episodes_summary": [
    {
      "task_id": 191713312,
      "game_name": "liars_dice",
      "seed": 952261504,
      "opponent": "mcts",
      "final_reward": 0.0,
      "total_turns": 2,
      "valid_turns": 1,
      "invalid_turns": 1,
      "valid_rate": 0.5
    },
    {
      "task_id": 179189394,
      "game_name": "liars_dice",
      "seed": 195054628,
      "opponent": "mcts",
      "final_reward": 0.0,
      "total_turns": 1,
      "valid_turns": 1,
      "invalid_turns": 0,
      "valid_rate": 1.0
    },
    {
      "task_id": 173064441,
      "game_name": "liars_dice",
      "seed": 2098931022,
      "opponent": "mcts",
      "final_reward": 0.0,
      "total_turns": 1,
      "valid_turns": 1,
      "invalid_turns": 0,
      "valid_rate": 1.0
    },
    {
      "task_id": 152971739,
      "game_name": "liars_dice",
      "seed": 2013400578,
      "opponent": "mcts",
      "final_reward": 0.0,
      "total_turns": 2,
      "valid_turns": 1,
      "invalid_turns": 1,
      "valid_rate": 0.5
    },
    {
      "task_id": 173326479,
      "game_name": "liars_dice",
      "seed": 1650566098,
      "opponent": "mcts",
      "final_reward": 0.0,
      "total_turns": 1,
      "valid_turns": 1,
      "invalid_turns": 0,
      "valid_rate": 1.0
    },
    {
      "task_id": 116230134,
      "game_name": "liars_dice",
      "seed": 1987313477,
      "opponent": "mcts",
      "final_reward": 0.0,
      "total_turns": 1,
      "valid_turns": 1,
      "invalid_turns": 0,
      "valid_rate": 1.0
    },
    {
      "task_id": 142423061,
      "game_name": "liars_dice",
      "seed": 369271863,
      "opponent": "mcts",
      "final_reward": 0.0,
      "total_turns": 1,
      "valid_turns": 0,
      "invalid_turns": 1,
      "valid_rate": 0.0
    },
    {
      "task_id": 143488489,
      "game_name": "liars_dice",
      "seed": 646627580,
      "opponent": "mcts",
      "final_reward": 0.0,
      "total_turns": 2,
      "valid_turns": 1,
      "invalid_turns": 1,
      "valid_rate": 0.5
    },
    {
      "task_id": 166436423,
      "game_name": "liars_dice",
      "seed": 772609197,
      "opponent": "mcts",
      "final_reward": 0.0,
      "total_turns": 1,
      "valid_turns": 0,
      "invalid_turns": 1,
      "valid_rate": 0.0
    },
    {
      "task_id": 164593943,
      "game_name": "liars_dice",
      "seed": 797017820,
      "opponent": "mcts",
      "final_reward": 0.0,
      "total_turns": 1,
      "valid_turns": 1,
      "invalid_turns": 0,
      "valid_rate": 1.0
    },
    {
      "task_id": 117378376,
      "game_name": "liars_dice",
      "seed": 111611359,
      "opponent": "mcts",
      "final_reward": 0.0,
      "total_turns": 1,
      "valid_turns": 0,
      "invalid_turns": 1,
      "valid_rate": 0.0
    },
    {
      "task_id": 181355746,
      "game_name": "liars_dice",
      "seed": 846076975,
      "opponent": "mcts",
      "final_reward": 0.0,
      "total_turns": 1,
      "valid_turns": 0,
      "invalid_turns": 1,
      "valid_rate": 0.0
    },
    {
      "task_id": 146913937,
      "game_name": "liars_dice",
      "seed": 2066237114,
      "opponent": "mcts",
      "final_reward": 0.0,
      "total_turns": 2,
      "valid_turns": 1,
      "invalid_turns": 1,
      "valid_rate": 0.5
    },
    {
      "task_id": 175825997,
      "game_name": "liars_dice",
      "seed": 1442799830,
      "opponent": "mcts",
      "final_reward": 0.0,
      "total_turns": 2,
      "valid_turns": 1,
      "invalid_turns": 1,
      "valid_rate": 0.5
    },
    {
      "task_id": 185294260,
      "game_name": "liars_dice",
      "seed": 1739364181,
      "opponent": "mcts",
      "final_reward": 0.0,
      "total_turns": 1,
      "valid_turns": 0,
      "invalid_turns": 1,
      "valid_rate": 0.0
    },
    {
      "task_id": 182947149,
      "game_name": "liars_dice",
      "seed": 1366514935,
      "opponent": "mcts",
      "final_reward": 0.0,
      "total_turns": 1,
      "valid_turns": 0,
      "invalid_turns": 1,
      "valid_rate": 0.0
    },
    {
      "task_id": 112639088,
      "game_name": "liars_dice",
      "seed": 516868726,
      "opponent": "mcts",
      "final_reward": 0.0,
      "total_turns": 2,
      "valid_turns": 2,
      "invalid_turns": 0,
      "valid_rate": 1.0
    },
    {
      "task_id": 171503651,
      "game_name": "liars_dice",
      "seed": 1575947291,
      "opponent": "mcts",
      "final_reward": 0.0,
      "total_turns": 1,
      "valid_turns": 0,
      "invalid_turns": 1,
      "valid_rate": 0.0
    },
    {
      "task_id": 103281474,
      "game_name": "liars_dice",
      "seed": 339936356,
      "opponent": "mcts",
      "final_reward": 0.0,
      "total_turns": 2,
      "valid_turns": 2,
      "invalid_turns": 0,
      "valid_rate": 1.0
    },
    {
      "task_id": 157186254,
      "game_name": "liars_dice",
      "seed": 1649555208,
      "opponent": "mcts",
      "final_reward": 0.0,
      "total_turns": 2,
      "valid_turns": 2,
      "invalid_turns": 0,
      "valid_rate": 1.0
    }
  ],
  "aggregated": {
    "total_valid_turns": 16,
    "total_invalid_turns": 12,
    "avg_valid_rate": 0.525,
    "games_played": {
      "liars_dice": 20
    },
    "success_count": 0,
    "failure_count": 20,
    "success_rate": 0.0
  }
}