{
  "step": 44,
  "timestamp": "2026-01-19T10:28:57.792234",
  "num_episodes": 26,
  "stats": {
    "objective/kl": 2.4698251485824585,
    "objective/kl_coef": 0.05014684982597828,
    "objective/entropy": 85.0177173614502,
    "ppo/mean_non_score_reward": -0.015481642913073301,
    "ppo/mean_scores": -0.08488152362406254,
    "ppo/std_scores": 0.0,
    "tokens/queries_len_mean": 222.4375,
    "tokens/queries_len_std": 19.61926257610321,
    "tokens/responses_len_mean": 8.0,
    "tokens/responses_len_std": 0.0,
    "ppo/loss/policy": -0.0011165761388838291,
    "ppo/loss/value": 0.8110745400190353,
    "ppo/loss/total": 0.07999087870121002,
    "ppo/policy/entropy": 1.8343323171138763,
    "ppo/policy/approxkl": 0.0005728878968511708,
    "ppo/policy/policykl": -0.004534821433480829,
    "ppo/policy/clipfrac": 0.0,
    "ppo/policy/advantages_mean": 3.3993273973464966e-08,
    "ppo/returns/mean": -0.7684814929962158,
    "ppo/returns/var": 1.325916513800621,
    "ppo/val/vpred": -0.12827163003385067,
    "ppo/val/error": 1.6221490800380707,
    "ppo/val/clipfrac": 0.0,
    "ppo/val/mean": -0.128949461504817,
    "ppo/val/var": 0.504739485681057,
    "ppo/val/var_explained": -0.24597454071044922,
    "ppo/learning_rate": 5e-07,
    "time/ppo/forward_pass": 0.41468703746795654,
    "time/ppo/compute_rewards": 0.0008050203323364258,
    "time/ppo/compute_advantages": 0.01842188835144043,
    "time/ppo/optimize_step": 0.9189494848251343,
    "time/ppo/calc_stats": 0.010809361934661865,
    "time/ppo/total": 1.3637673258781433,
    "mean_reward": 0.0,
    "mean_score": 0.0,
    "success_rate": 0.0,
    "num_samples": 16,
    "num_batches": 4,
    "total_valid_turns": 16,
    "total_invalid_turns": 13,
    "avg_valid_rate": 0.5192307692307693
  },
  "episodes_summary": [
    {
      "task_id": 164708694,
      "game_name": "liars_dice",
      "seed": 1369635349,
      "opponent": "mcts",
      "final_reward": 0.0,
      "total_turns": 1,
      "valid_turns": 1,
      "invalid_turns": 0,
      "valid_rate": 1.0
    },
    {
      "task_id": 164977319,
      "game_name": "liars_dice",
      "seed": 605418147,
      "opponent": "mcts",
      "final_reward": 0.0,
      "total_turns": 1,
      "valid_turns": 1,
      "invalid_turns": 0,
      "valid_rate": 1.0
    },
    {
      "task_id": 121053467,
      "game_name": "liars_dice",
      "seed": 1763819968,
      "opponent": "mcts",
      "final_reward": 0.0,
      "total_turns": 2,
      "valid_turns": 2,
      "invalid_turns": 0,
      "valid_rate": 1.0
    },
    {
      "task_id": 162221509,
      "game_name": "liars_dice",
      "seed": 762404899,
      "opponent": "mcts",
      "final_reward": 0.0,
      "total_turns": 1,
      "valid_turns": 1,
      "invalid_turns": 0,
      "valid_rate": 1.0
    },
    {
      "task_id": 169744024,
      "game_name": "liars_dice",
      "seed": 484928448,
      "opponent": "mcts",
      "final_reward": 0.0,
      "total_turns": 2,
      "valid_turns": 2,
      "invalid_turns": 0,
      "valid_rate": 1.0
    },
    {
      "task_id": 139175110,
      "game_name": "liars_dice",
      "seed": 460595473,
      "opponent": "mcts",
      "final_reward": 0.0,
      "total_turns": 1,
      "valid_turns": 0,
      "invalid_turns": 1,
      "valid_rate": 0.0
    },
    {
      "task_id": 172637953,
      "game_name": "liars_dice",
      "seed": 133700059,
      "opponent": "mcts",
      "final_reward": 0.0,
      "total_turns": 1,
      "valid_turns": 0,
      "invalid_turns": 1,
      "valid_rate": 0.0
    },
    {
      "task_id": 199565844,
      "game_name": "liars_dice",
      "seed": 1771242481,
      "opponent": "mcts",
      "final_reward": 0.0,
      "total_turns": 1,
      "valid_turns": 0,
      "invalid_turns": 1,
      "valid_rate": 0.0
    },
    {
      "task_id": 132936898,
      "game_name": "liars_dice",
      "seed": 700315140,
      "opponent": "mcts",
      "final_reward": 0.0,
      "total_turns": 1,
      "valid_turns": 1,
      "invalid_turns": 0,
      "valid_rate": 1.0
    },
    {
      "task_id": 115658762,
      "game_name": "liars_dice",
      "seed": 624553254,
      "opponent": "mcts",
      "final_reward": 0.0,
      "total_turns": 1,
      "valid_turns": 1,
      "invalid_turns": 0,
      "valid_rate": 1.0
    },
    {
      "task_id": 158536960,
      "game_name": "liars_dice",
      "seed": 2084766403,
      "opponent": "mcts",
      "final_reward": 0.0,
      "total_turns": 1,
      "valid_turns": 1,
      "invalid_turns": 0,
      "valid_rate": 1.0
    },
    {
      "task_id": 120010790,
      "game_name": "liars_dice",
      "seed": 802744555,
      "opponent": "mcts",
      "final_reward": 0.0,
      "total_turns": 1,
      "valid_turns": 0,
      "invalid_turns": 1,
      "valid_rate": 0.0
    },
    {
      "task_id": 188356667,
      "game_name": "liars_dice",
      "seed": 93475297,
      "opponent": "mcts",
      "final_reward": 0.0,
      "total_turns": 1,
      "valid_turns": 1,
      "invalid_turns": 0,
      "valid_rate": 1.0
    },
    {
      "task_id": 168904624,
      "game_name": "liars_dice",
      "seed": 1350784617,
      "opponent": "mcts",
      "final_reward": 0.0,
      "total_turns": 1,
      "valid_turns": 1,
      "invalid_turns": 0,
      "valid_rate": 1.0
    },
    {
      "task_id": 113715849,
      "game_name": "liars_dice",
      "seed": 446362275,
      "opponent": "mcts",
      "final_reward": 0.0,
      "total_turns": 1,
      "valid_turns": 0,
      "invalid_turns": 1,
      "valid_rate": 0.0
    },
    {
      "task_id": 170194563,
      "game_name": "liars_dice",
      "seed": 2119494915,
      "opponent": "mcts",
      "final_reward": 0.0,
      "total_turns": 1,
      "valid_turns": 0,
      "invalid_turns": 1,
      "valid_rate": 0.0
    },
    {
      "task_id": 157376626,
      "game_name": "liars_dice",
      "seed": 389166437,
      "opponent": "mcts",
      "final_reward": 0.0,
      "total_turns": 1,
      "valid_turns": 0,
      "invalid_turns": 1,
      "valid_rate": 0.0
    },
    {
      "task_id": 191302678,
      "game_name": "liars_dice",
      "seed": 1735103649,
      "opponent": "mcts",
      "final_reward": 0.0,
      "total_turns": 1,
      "valid_turns": 0,
      "invalid_turns": 1,
      "valid_rate": 0.0
    },
    {
      "task_id": 109428267,
      "game_name": "liars_dice",
      "seed": 1460551654,
      "opponent": "mcts",
      "final_reward": 0.0,
      "total_turns": 1,
      "valid_turns": 1,
      "invalid_turns": 0,
      "valid_rate": 1.0
    },
    {
      "task_id": 168658596,
      "game_name": "liars_dice",
      "seed": 1461514317,
      "opponent": "mcts",
      "final_reward": 0.0,
      "total_turns": 1,
      "valid_turns": 0,
      "invalid_turns": 1,
      "valid_rate": 0.0
    },
    {
      "task_id": 146042779,
      "game_name": "liars_dice",
      "seed": 285167080,
      "opponent": "mcts",
      "final_reward": 0.0,
      "total_turns": 1,
      "valid_turns": 1,
      "invalid_turns": 0,
      "valid_rate": 1.0
    },
    {
      "task_id": 117087681,
      "game_name": "liars_dice",
      "seed": 164255565,
      "opponent": "mcts",
      "final_reward": 0.0,
      "total_turns": 1,
      "valid_turns": 1,
      "invalid_turns": 0,
      "valid_rate": 1.0
    },
    {
      "task_id": 195134089,
      "game_name": "liars_dice",
      "seed": 1206931626,
      "opponent": "mcts",
      "final_reward": 0.0,
      "total_turns": 1,
      "valid_turns": 0,
      "invalid_turns": 1,
      "valid_rate": 0.0
    },
    {
      "task_id": 134121680,
      "game_name": "liars_dice",
      "seed": 1905568241,
      "opponent": "mcts",
      "final_reward": 0.0,
      "total_turns": 1,
      "valid_turns": 0,
      "invalid_turns": 1,
      "valid_rate": 0.0
    },
    {
      "task_id": 188830303,
      "game_name": "liars_dice",
      "seed": 1379941917,
      "opponent": "mcts",
      "final_reward": 0.0,
      "total_turns": 1,
      "valid_turns": 0,