{
  "step": 8,
  "timestamp": "2026-01-10T01:55:01.274961",
  "num_episodes": 16,
  "stats": {
    "objective/kl": 0.7061817869544029,
    "objective/kl_coef": 0.001,
    "objective/entropy": 47.880197525024414,
    "ppo/mean_non_score_reward": -0.0002352097868083547,
    "ppo/mean_scores": -0.3625808656215668,
    "ppo/std_scores": 0.9837990999221802,
    "tokens/queries_len_mean": 508.0,
    "tokens/queries_len_std": 0.0,
    "tokens/responses_len_mean": 2.625,
    "tokens/responses_len_std": 0.6582483053207397,
    "ppo/loss/policy": 9.934107758624577e-09,
    "ppo/loss/value": 1.003371775150299,
    "ppo/loss/total": 0.1003371886909008,
    "ppo/policy/entropy": 0.8417689055204391,
    "ppo/policy/approxkl": 0.0,
    "ppo/policy/policykl": 0.0,
    "ppo/policy/clipfrac": 0.0,
    "ppo/policy/advantages_mean": -9.934107758624577e-09,
    "ppo/returns/mean": -0.4240725338459015,
    "ppo/returns/var": 0.7156355381011963,
    "ppo/val/vpred": -0.973178893327713,
    "ppo/val/error": 2.006743550300598,
    "ppo/val/clipfrac": 0.0,
    "ppo/val/mean": -0.973178893327713,
    "ppo/val/var": 1.2913012504577637,
    "ppo/val/var_explained": -1.8053208589553833,
    "ppo/learning_rate": 5e-06,
    "time/ppo/forward_pass": 0.6368584632873535,
    "time/ppo/compute_rewards": 0.0012542009353637695,
    "time/ppo/compute_advantages": 0.03729379177093506,
    "time/ppo/optimize_step": 0.7364310026168823,
    "time/ppo/calc_stats": 0.03274691104888916,
    "time/ppo/total": 1.4446299076080322,
    "mean_reward": 0.33222222328186035,
    "mean_score": 0.3333333333333333,
    "success_rate": 0.3333333333333333,
    "num_samples": 9,
    "num_batches": 2,
    "total_valid_turns": 9,
    "total_invalid_turns": 209,
    "avg_valid_rate": 0.06618084016393443
  },
  "episodes_summary": [
    {
      "task_id": 578300211,
      "game_name": "backgammon",
      "seed": 1366913872,
      "opponent": "random",
      "final_reward": 0.0,
      "total_turns": 61,
      "valid_turns": 1,
      "invalid_turns": 60,
      "valid_rate": 0.01639344262295082
    },
    {
      "task_id": 70478720,
      "game_name": "goofspiel",
      "seed": 637230909,
      "opponent": "random",
      "final_reward": 0.0,
      "total_turns": 0,
      "valid_turns": 0,
      "invalid_turns": 0,
      "valid_rate": 0.0
    },
    {
      "task_id": 250869204,
      "game_name": "leduc_poker",
      "seed": 1264362550,
      "opponent": "random",
      "final_reward": 0.3076923076923077,
      "total_turns": 4,
      "valid_turns": 0,
      "invalid_turns": 4,
      "valid_rate": 0.0
    },
    {
      "task_id": 708906571,
      "game_name": "clobber",
      "seed": 363539489,
      "opponent": "random",
      "final_reward": 0.0,
      "total_turns": 8,
      "valid_turns": 0,
      "invalid_turns": 8,
      "valid_rate": 0.0
    },
    {
      "task_id": 8905975,
      "game_name": "goofspiel",
      "seed": 966757007,
      "opponent": "random",
      "final_reward": 1.0,
      "total_turns": 0,
      "valid_turns": 0,
      "invalid_turns": 0,
      "valid_rate": 0.0
    },
    {
      "task_id": 191802769,
      "game_name": "liars_dice",
      "seed": 1290415600,
      "opponent": "random",
      "final_reward": 1.0,
      "total_turns": 5,
      "valid_turns": 1,
      "invalid_turns": 4,
      "valid_rate": 0.2
    },
    {
      "task_id": 302175538,
      "game_name": "gin_rummy",
      "seed": 1926675488,
      "opponent": "random",
      "final_reward": 0.5,
      "total_turns": 39,
      "valid_turns": 0,
      "invalid_turns": 39,
      "valid_rate": 0.0
    },
    {
      "task_id": 219974213,
      "game_name": "leduc_poker",
      "seed": 1978842144,
      "opponent": "random",
      "final_reward": 0.5384615384615384,
      "total_turns": 2,
      "valid_turns": 0,
      "invalid_turns": 2,
      "valid_rate": 0.0
    },
    {
      "task_id": 671109580,
      "game_name": "hex",
      "seed": 144388256,
      "opponent": "random",
      "final_reward": 0.0,
      "total_turns": 12,
      "valid_turns": 1,
      "invalid_turns": 11,
      "valid_rate": 0.08333333333333333
    },
    {
      "task_id": 157225966,
      "game_name": "liars_dice",
      "seed": 885213514,
      "opponent": "random",
      "final_reward": 0.0,
      "total_turns": 3,
      "valid_turns": 1,
      "invalid_turns": 2,
      "valid_rate": 0.3333333333333333
    },
    {
      "task_id": 147485068,
      "game_name": "liars_dice",
      "seed": 1794611922,
      "opponent": "random",
      "final_reward": 0.0,
      "total_turns": 4,
      "valid_turns": 1,
      "invalid_turns": 3,
      "valid_rate": 0.25
    },
    {
      "task_id": 752152833,
      "game_name": "clobber",
      "seed": 1003180211,
      "opponent": "random",
      "final_reward": 0.0,
      "total_turns": 16,
      "valid_turns": 1,
      "invalid_turns": 15,
      "valid_rate": 0.0625
    },
    {
      "task_id": 88178973,
      "game_name": "goofspiel",
      "seed": 1033789,
      "opponent": "random",
      "final_reward": 1.0,
      "total_turns": 0,
      "valid_turns": 0,
      "invalid_turns": 0,
      "valid_rate": 0.0
    },
    {
      "task_id": 468029300,
      "game_name": "othello",
      "seed": 1092894811,
      "opponent": "random",
      "final_reward": 0.0,
      "total_turns": 30,
      "valid_turns": 1,
      "invalid_turns": 29,
      "valid_rate": 0.03333333333333333
    },
    {
      "task_id": 735166055,
      "game_name": "clobber",
      "seed": 1300537029,
      "opponent": "random",
      "final_reward": 0.0,
      "total_turns": 9,
      "valid_turns": 0,
      "invalid_turns": 9,
      "valid_rate": 0.0
    },
    {
      "task_id": 651496581,
      "game_name": "hex",
      "seed": 267399352,
      "opponent": "random",
      "final_reward": 1.0,
      "total_turns": 25,
      "valid_turns": 2,
      "invalid_turns": 23,
      "valid_rate": 0.08
    }
  ],
  "aggregated": {
    "total_valid_turns": 9,
    "total_invalid_turns": 209,
    "avg_valid_rate": 0.06618084016393443,
    "games_played": {
      "hex": 2,
      "backgammon": 1,
      "leduc_poker": 2,
      "gin_rummy": 1,
      "goofspiel": 3,
      "othello": 1,
      "clobber": 3,
      "liars_dice": 3
    }
  }
}