{
  "step": 92,
  "timestamp": "2026-01-19T10:58:55.806781",
  "num_episodes": 20,
  "stats": {
    "objective/kl": 47.713361740112305,
    "objective/kl_coef": 0.050556850619614124,
    "objective/entropy": 129.92937850952148,
    "ppo/mean_non_score_reward": -0.3015333563089371,
    "ppo/mean_scores": -0.06408429704606533,
    "ppo/std_scores": 0.0,
    "tokens/queries_len_mean": 228.75,
    "tokens/queries_len_std": 30.4492826461792,
    "tokens/responses_len_mean": 8.0,
    "tokens/responses_len_std": 0.0,
    "ppo/loss/policy": -0.013928462751209736,
    "ppo/loss/value": 2.1004356741905212,
    "ppo/loss/total": 0.19611510261893272,
    "ppo/policy/entropy": 1.7078334987163544,
    "ppo/policy/approxkl": 0.0015345599967986345,
    "ppo/policy/policykl": 0.005360440234653652,
    "ppo/policy/clipfrac": 0.00390625,
    "ppo/policy/advantages_mean": 5.587935447692871e-09,
    "ppo/returns/mean": -0.8769644796848297,
    "ppo/returns/var": 5.314746141433716,
    "ppo/val/vpred": -1.0795310139656067,
    "ppo/val/error": 4.2008713483810425,
    "ppo/val/clipfrac": 0.0,
    "ppo/val/mean": -1.0769556313753128,
    "ppo/val/var": 0.7815090417861938,
    "ppo/val/var_explained": 0.20752546191215515,
    "ppo/learning_rate": 5e-07,
    "time/ppo/forward_pass": 0.4318864941596985,
    "time/ppo/compute_rewards": 0.0009140372276306152,
    "time/ppo/compute_advantages": 0.020660877227783203,
    "time/ppo/optimize_step": 0.955938458442688,
    "time/ppo/calc_stats": 0.015257418155670166,
    "time/ppo/total": 1.4247525930404663,
    "mean_reward": 0.0,
    "mean_score": 0.0,
    "success_rate": 0.0,
    "num_samples": 16,
    "num_batches": 4,
    "total_valid_turns": 16,
    "total_invalid_turns": 9,
    "avg_valid_rate": 0.6
  },
  "episodes_summary": [
    {
      "task_id": 174858409,
      "game_name": "liars_dice",
      "seed": 425777991,
      "opponent": "mcts",
      "final_reward": 0.0,
      "total_turns": 1,
      "valid_turns": 0,
      "invalid_turns": 1,
      "valid_rate": 0.0
    },
    {
      "task_id": 146461771,
      "game_name": "liars_dice",
      "seed": 899611394,
      "opponent": "mcts",
      "final_reward": 0.0,
      "total_turns": 2,
      "valid_turns": 2,
      "invalid_turns": 0,
      "valid_rate": 1.0
    },
    {
      "task_id": 187982268,
      "game_name": "liars_dice",
      "seed": 1770049565,
      "opponent": "mcts",
      "final_reward": 0.0,
      "total_turns": 1,
      "valid_turns": 1,
      "invalid_turns": 0,
      "valid_rate": 1.0
    },
    {
      "task_id": 158660292,
      "game_name": "liars_dice",
      "seed": 83400412,
      "opponent": "mcts",
      "final_reward": 0.0,
      "total_turns": 1,
      "valid_turns": 1,
      "invalid_turns": 0,
      "valid_rate": 1.0
    },
    {
      "task_id": 188085849,
      "game_name": "liars_dice",
      "seed": 366201274,
      "opponent": "mcts",
      "final_reward": 0.0,
      "total_turns": 2,
      "valid_turns": 2,
      "invalid_turns": 0,
      "valid_rate": 1.0
    },
    {
      "task_id": 108193369,
      "game_name": "liars_dice",
      "seed": 1266892320,
      "opponent": "mcts",
      "final_reward": 0.0,
      "total_turns": 2,
      "valid_turns": 1,
      "invalid_turns": 1,
      "valid_rate": 0.5
    },
    {
      "task_id": 179197453,
      "game_name": "liars_dice",
      "seed": 1573891836,
      "opponent": "mcts",
      "final_reward": 0.0,
      "total_turns": 2,
      "valid_turns": 1,
      "invalid_turns": 1,
      "valid_rate": 0.5
    },
    {
      "task_id": 139287700,
      "game_name": "liars_dice",
      "seed": 139971262,
      "opponent": "mcts",
      "final_reward": 0.0,
      "total_turns": 1,
      "valid_turns": 1,
      "invalid_turns": 0,
      "valid_rate": 1.0
    },
    {
      "task_id": 181548939,
      "game_name": "liars_dice",
      "seed": 7424951,
      "opponent": "mcts",
      "final_reward": 0.0,
      "total_turns": 1,
      "valid_turns": 0,
      "invalid_turns": 1,
      "valid_rate": 0.0
    },
    {
      "task_id": 188434191,
      "game_name": "liars_dice",
      "seed": 864651644,
      "opponent": "mcts",
      "final_reward": 0.0,
      "total_turns": 1,
      "valid_turns": 0,
      "invalid_turns": 1,
      "valid_rate": 0.0
    },
    {
      "task_id": 154654608,
      "game_name": "liars_dice",
      "seed": 1356521533,
      "opponent": "mcts",
      "final_reward": 0.0,
      "total_turns": 1,
      "valid_turns": 0,
      "invalid_turns": 1,
      "valid_rate": 0.0
    },
    {
      "task_id": 177620505,
      "game_name": "liars_dice",
      "seed": 1039099327,
      "opponent": "mcts",
      "final_reward": 0.0,
      "total_turns": 1,
      "valid_turns": 0,
      "invalid_turns": 1,
      "valid_rate": 0.0
    },
    {
      "task_id": 124086504,
      "game_name": "liars_dice",
      "seed": 1011104171,
      "opponent": "mcts",
      "final_reward": 0.0,
      "total_turns": 1,
      "valid_turns": 0,
      "invalid_turns": 1,
      "valid_rate": 0.0
    },
    {
      "task_id": 157986274,
      "game_name": "liars_dice",
      "seed": 994972490,
      "opponent": "mcts",
      "final_reward": 0.0,
      "total_turns": 1,
      "valid_turns": 1,
      "invalid_turns": 0,
      "valid_rate": 1.0
    },
    {
      "task_id": 136404201,
      "game_name": "liars_dice",
      "seed": 1639984972,
      "opponent": "mcts",
      "final_reward": 0.0,
      "total_turns": 1,
      "valid_turns": 1,
      "invalid_turns": 0,
      "valid_rate": 1.0
    },
    {
      "task_id": 187476974,
      "game_name": "liars_dice",
      "seed": 1756029523,
      "opponent": "mcts",
      "final_reward": 0.0,
      "total_turns": 1,
      "valid_turns": 1,
      "invalid_turns": 0,
      "valid_rate": 1.0
    },
    {
      "task_id": 139516723,
      "game_name": "liars_dice",
      "seed": 247560364,
      "opponent": "mcts",
      "final_reward": 0.0,
      "total_turns": 1,
      "valid_turns": 1,
      "invalid_turns": 0,
      "valid_rate": 1.0
    },
    {
      "task_id": 149885898,
      "game_name": "liars_dice",
      "seed": 784180455,
      "opponent": "mcts",
      "final_reward": 0.0,
      "total_turns": 1,
      "valid_turns": 0,
      "invalid_turns": 1,
      "valid_rate": 0.0
    },
    {
      "task_id": 148168640,
      "game_name": "liars_dice",
      "seed": 149270414,
      "opponent": "mcts",
      "final_reward": 0.0,
      "total_turns": 1,
      "valid_turns": 1,
      "invalid_turns": 0,
      "valid_rate": 1.0
    },
    {
      "task_id": 176831542,
      "game_name": "liars_dice",
      "seed": 961258364,
      "opponent": "mcts",
      "final_reward": 0.0,
      "total_turns": 2,
      "valid_turns": 2,
      "invalid_turns": 0,
      "valid_rate": 1.0
    }
  ],
  "aggregated": {
    "total_valid_turns": 16,
    "total_invalid_turns": 9,
    "avg_valid_rate": 0.6,
    "games_played": {
      "liars_dice": 20
    },
    "success_count": 0,
    "failure_count": 20,
    "success_rate": 0.0
  }
}