{
  "step": 77,
  "timestamp": "2026-01-19T10:49:35.486281",
  "num_episodes": 21,
  "stats": {
    "objective/kl": 31.941920280456543,
    "objective/kl_coef": 0.050314802676439285,
    "objective/entropy": 100.39801025390625,
    "ppo/mean_non_score_reward": -0.20089907012879848,
    "ppo/mean_scores": -0.0639663077890873,
    "ppo/std_scores": 0.0,
    "tokens/queries_len_mean": 222.6875,
    "tokens/queries_len_std": 13.786789894104004,
    "tokens/responses_len_mean": 8.0,
    "tokens/responses_len_std": 0.0,
    "ppo/loss/policy": -0.008995702490210533,
    "ppo/loss/value": 2.9632944464683533,
    "ppo/loss/total": 0.28733374178409576,
    "ppo/policy/entropy": 1.3437805473804474,
    "ppo/policy/approxkl": 0.0012295788910705596,
    "ppo/policy/policykl": 0.008462865487672389,
    "ppo/policy/clipfrac": 0.0078125,
    "ppo/policy/advantages_mean": -2.7939677238464355e-09,
    "ppo/returns/mean": -0.5761310383677483,
    "ppo/returns/var": 6.588687539100647,
    "ppo/val/vpred": -0.6183558031916618,
    "ppo/val/error": 5.9265888929367065,
    "ppo/val/clipfrac": 0.0,
    "ppo/val/mean": -0.6146307438611984,
    "ppo/val/var": 0.5039858520030975,
    "ppo/val/var_explained": 0.10403028130531311,
    "ppo/learning_rate": 5e-07,
    "time/ppo/forward_pass": 0.40273410081863403,
    "time/ppo/compute_rewards": 0.0008887648582458496,
    "time/ppo/compute_advantages": 0.017085015773773193,
    "time/ppo/optimize_step": 0.9017598032951355,
    "time/ppo/calc_stats": 0.006747305393218994,
    "time/ppo/total": 1.3293461203575134,
    "mean_reward": 0.0,
    "mean_score": 0.0,
    "success_rate": 0.0,
    "num_samples": 16,
    "num_batches": 4,
    "total_valid_turns": 16,
    "total_invalid_turns": 11,
    "avg_valid_rate": 0.5714285714285714
  },
  "episodes_summary": [
    {
      "task_id": 158087512,
      "game_name": "liars_dice",
      "seed": 1314958860,
      "opponent": "mcts",
      "final_reward": 0.0,
      "total_turns": 2,
      "valid_turns": 1,
      "invalid_turns": 1,
      "valid_rate": 0.5
    },
    {
      "task_id": 162769928,
      "game_name": "liars_dice",
      "seed": 1195650733,
      "opponent": "mcts",
      "final_reward": 0.0,
      "total_turns": 1,
      "valid_turns": 0,
      "invalid_turns": 1,
      "valid_rate": 0.0
    },
    {
      "task_id": 184328859,
      "game_name": "liars_dice",
      "seed": 537159096,
      "opponent": "mcts",
      "final_reward": 0.0,
      "total_turns": 2,
      "valid_turns": 1,
      "invalid_turns": 1,
      "valid_rate": 0.5
    },
    {
      "task_id": 134296210,
      "game_name": "liars_dice",
      "seed": 742805309,
      "opponent": "mcts",
      "final_reward": 0.0,
      "total_turns": 1,
      "valid_turns": 1,
      "invalid_turns": 0,
      "valid_rate": 1.0
    },
    {
      "task_id": 146763597,
      "game_name": "liars_dice",
      "seed": 1563904105,
      "opponent": "mcts",
      "final_reward": 0.0,
      "total_turns": 1,
      "valid_turns": 1,
      "invalid_turns": 0,
      "valid_rate": 1.0
    },
    {
      "task_id": 127208692,
      "game_name": "liars_dice",
      "seed": 1722692029,
      "opponent": "mcts",
      "final_reward": 0.0,
      "total_turns": 1,
      "valid_turns": 0,
      "invalid_turns": 1,
      "valid_rate": 0.0
    },
    {
      "task_id": 182245023,
      "game_name": "liars_dice",
      "seed": 1648143578,
      "opponent": "mcts",
      "final_reward": 0.0,
      "total_turns": 2,
      "valid_turns": 1,
      "invalid_turns": 1,
      "valid_rate": 0.5
    },
    {
      "task_id": 176269001,
      "game_name": "liars_dice",
      "seed": 1729021707,
      "opponent": "mcts",
      "final_reward": 0.0,
      "total_turns": 1,
      "valid_turns": 1,
      "invalid_turns": 0,
      "valid_rate": 1.0
    },
    {
      "task_id": 185374662,
      "game_name": "liars_dice",
      "seed": 746561424,
      "opponent": "mcts",
      "final_reward": 0.0,
      "total_turns": 1,
      "valid_turns": 1,
      "invalid_turns": 0,
      "valid_rate": 1.0
    },
    {
      "task_id": 179552168,
      "game_name": "liars_dice",
      "seed": 1738219615,
      "opponent": "mcts",
      "final_reward": 0.0,
      "total_turns": 1,
      "valid_turns": 0,
      "invalid_turns": 1,
      "valid_rate": 0.0
    },
    {
      "task_id": 171503651,
      "game_name": "liars_dice",
      "seed": 346751542,
      "opponent": "mcts",
      "final_reward": 0.0,
      "total_turns": 1,
      "valid_turns": 0,
      "invalid_turns": 1,
      "valid_rate": 0.0
    },
    {
      "task_id": 140750201,
      "game_name": "liars_dice",
      "seed": 1865723490,
      "opponent": "mcts",
      "final_reward": 0.0,
      "total_turns": 2,
      "valid_turns": 2,
      "invalid_turns": 0,
      "valid_rate": 1.0
    },
    {
      "task_id": 127469094,
      "game_name": "liars_dice",
      "seed": 1220450448,
      "opponent": "mcts",
      "final_reward": 0.0,
      "total_turns": 1,
      "valid_turns": 1,
      "invalid_turns": 0,
      "valid_rate": 1.0
    },
    {
      "task_id": 181434040,
      "game_name": "liars_dice",
      "seed": 1320694554,
      "opponent": "mcts",
      "final_reward": 0.0,
      "total_turns": 2,
      "valid_turns": 2,
      "invalid_turns": 0,
      "valid_rate": 1.0
    },
    {
      "task_id": 178819556,
      "game_name": "liars_dice",
      "seed": 1555779738,
      "opponent": "mcts",
      "final_reward": 0.0,
      "total_turns": 2,
      "valid_turns": 1,
      "invalid_turns": 1,
      "valid_rate": 0.5
    },
    {
      "task_id": 197110803,
      "game_name": "liars_dice",
      "seed": 1643143033,
      "opponent": "mcts",
      "final_reward": 0.0,
      "total_turns": 1,
      "valid_turns": 0,
      "invalid_turns": 1,
      "valid_rate": 0.0
    },
    {
      "task_id": 101076308,
      "game_name": "liars_dice",
      "seed": 251882196,
      "opponent": "mcts",
      "final_reward": 0.0,
      "total_turns": 1,
      "valid_turns": 1,
      "invalid_turns": 0,
      "valid_rate": 1.0
    },
    {
      "task_id": 108362586,
      "game_name": "liars_dice",
      "seed": 1791930939,
      "opponent": "mcts",
      "final_reward": 0.0,
      "total_turns": 1,
      "valid_turns": 0,
      "invalid_turns": 1,
      "valid_rate": 0.0
    },
    {
      "task_id": 113131580,
      "game_name": "liars_dice",
      "seed": 1443604414,
      "opponent": "mcts",
      "final_reward": 0.0,
      "total_turns": 1,
      "valid_turns": 1,
      "invalid_turns": 0,
      "valid_rate": 1.0
    },
    {
      "task_id": 144842782,
      "game_name": "liars_dice",
      "seed": 1493915609,
      "opponent": "mcts",
      "final_reward": 0.0,
      "total_turns": 1,
      "valid_turns": 0,
      "invalid_turns": 1,
      "valid_rate": 0.0
    },
    {
      "task_id": 145567346,
      "game_name": "liars_dice",
      "seed": 361117560,
      "opponent": "mcts",
      "final_reward": 0.0,
      "total_turns": 1,
      "valid_turns": 1,
      "invalid_turns": 0,
      "valid_rate": 1.0
    }
  ],
  "aggregated": {
    "total_valid_turns": 16,
    "total_invalid_turns": 11,
    "avg_valid_rate": 0.5714285714285714,
    "games_played": {
      "liars_dice": 21
    },
    "success_count": 0,
    "failure_count": 21,
    "success_rate": 0.0
  }
}