{
  "step": 23,
  "timestamp": "2026-01-19T10:15:10.004049",
  "num_episodes": 28,
  "stats": {
    "objective/kl": 8.625439167022705,
    "objective/kl_coef": 0.050307538360357285,
    "objective/entropy": 76.44062995910645,
    "ppo/mean_non_score_reward": -0.054241055622696877,
    "ppo/mean_scores": -0.1055631935596466,
    "ppo/std_scores": 0.0,
    "tokens/queries_len_mean": 218.3125,
    "tokens/queries_len_std": 12.1754629611969,
    "tokens/responses_len_mean": 8.0,
    "tokens/responses_len_std": 0.0,
    "ppo/loss/policy": -0.004105098079890013,
    "ppo/loss/value": 1.1526972502470016,
    "ppo/loss/total": 0.11116462759673595,
    "ppo/policy/entropy": 2.0074147284030914,
    "ppo/policy/approxkl": 0.0008254946005763486,
    "ppo/policy/policykl": 0.0030734530882909894,
    "ppo/policy/clipfrac": 0.00390625,
    "ppo/policy/advantages_mean": 2.3515895009040833e-08,
    "ppo/returns/mean": 0.30257545970380306,
    "ppo/returns/var": 1.826063334941864,
    "ppo/val/vpred": 0.34517331421375275,
    "ppo/val/error": 2.3053945004940033,
    "ppo/val/clipfrac": 0.0,
    "ppo/val/mean": 0.34680233895778656,
    "ppo/val/var": 0.3616509810090065,
    "ppo/val/var_explained": -0.2643902599811554,
    "ppo/learning_rate": 5e-07,
    "time/ppo/forward_pass": 0.4081813097000122,
    "time/ppo/compute_rewards": 0.0008499622344970703,
    "time/ppo/compute_advantages": 0.016948461532592773,
    "time/ppo/optimize_step": 0.9031942486763,
    "time/ppo/calc_stats": 0.0065694451332092285,
    "time/ppo/total": 1.335845172405243,
    "mean_reward": 0.0,
    "mean_score": 0.0,
    "success_rate": 0.0,
    "num_samples": 16,
    "num_batches": 4,
    "total_valid_turns": 16,
    "total_invalid_turns": 17,
    "avg_valid_rate": 0.48214285714285715
  },
  "episodes_summary": [
    {
      "task_id": 124967903,
      "game_name": "liars_dice",
      "seed": 2071365141,
      "opponent": "mcts",
      "final_reward": 0.0,
      "total_turns": 1,
      "valid_turns": 0,
      "invalid_turns": 1,
      "valid_rate": 0.0
    },
    {
      "task_id": 139487734,
      "game_name": "liars_dice",
      "seed": 429529417,
      "opponent": "mcts",
      "final_reward": 0.0,
      "total_turns": 1,
      "valid_turns": 0,
      "invalid_turns": 1,
      "valid_rate": 0.0
    },
    {
      "task_id": 191882226,
      "game_name": "liars_dice",
      "seed": 1828663456,
      "opponent": "mcts",
      "final_reward": 0.0,
      "total_turns": 2,
      "valid_turns": 0,
      "invalid_turns": 2,
      "valid_rate": 0.0
    },
    {
      "task_id": 135195615,
      "game_name": "liars_dice",
      "seed": 1185945136,
      "opponent": "mcts",
      "final_reward": 0.0,
      "total_turns": 2,
      "valid_turns": 1,
      "invalid_turns": 1,
      "valid_rate": 0.5
    },
    {
      "task_id": 168327353,
      "game_name": "liars_dice",
      "seed": 320966391,
      "opponent": "mcts",
      "final_reward": 0.0,
      "total_turns": 1,
      "valid_turns": 0,
      "invalid_turns": 1,
      "valid_rate": 0.0
    },
    {
      "task_id": 179332947,
      "game_name": "liars_dice",
      "seed": 63672094,
      "opponent": "mcts",
      "final_reward": 0.0,
      "total_turns": 1,
      "valid_turns": 1,
      "invalid_turns": 0,
      "valid_rate": 1.0
    },
    {
      "task_id": 116490867,
      "game_name": "liars_dice",
      "seed": 1752784483,
      "opponent": "mcts",
      "final_reward": 0.0,
      "total_turns": 1,
      "valid_turns": 0,
      "invalid_turns": 1,
      "valid_rate": 0.0
    },
    {
      "task_id": 103630294,
      "game_name": "liars_dice",
      "seed": 1345566116,
      "opponent": "mcts",
      "final_reward": 0.0,
      "total_turns": 1,
      "valid_turns": 1,
      "invalid_turns": 0,
      "valid_rate": 1.0
    },
    {
      "task_id": 111418945,
      "game_name": "liars_dice",
      "seed": 1683800438,
      "opponent": "mcts",
      "final_reward": 0.0,
      "total_turns": 2,
      "valid_turns": 1,
      "invalid_turns": 1,
      "valid_rate": 0.5
    },
    {
      "task_id": 106537337,
      "game_name": "liars_dice",
      "seed": 898671333,
      "opponent": "mcts",
      "final_reward": 0.0,
      "total_turns": 1,
      "valid_turns": 1,
      "invalid_turns": 0,
      "valid_rate": 1.0
    },
    {
      "task_id": 106330782,
      "game_name": "liars_dice",
      "seed": 1715383083,
      "opponent": "mcts",
      "final_reward": 0.0,
      "total_turns": 1,
      "valid_turns": 0,
      "invalid_turns": 1,
      "valid_rate": 0.0
    },
    {
      "task_id": 101235938,
      "game_name": "liars_dice",
      "seed": 1276465485,
      "opponent": "mcts",
      "final_reward": 0.0,
      "total_turns": 1,
      "valid_turns": 0,
      "invalid_turns": 1,
      "valid_rate": 0.0
    },
    {
      "task_id": 199683107,
      "game_name": "liars_dice",
      "seed": 1914214969,
      "opponent": "mcts",
      "final_reward": 0.0,
      "total_turns": 1,
      "valid_turns": 0,
      "invalid_turns": 1,
      "valid_rate": 0.0
    },
    {
      "task_id": 175238092,
      "game_name": "liars_dice",
      "seed": 545949838,
      "opponent": "mcts",
      "final_reward": 0.0,
      "total_turns": 2,
      "valid_turns": 2,
      "invalid_turns": 0,
      "valid_rate": 1.0
    },
    {
      "task_id": 111983287,
      "game_name": "liars_dice",
      "seed": 2016929030,
      "opponent": "mcts",
      "final_reward": 0.0,
      "total_turns": 1,
      "valid_turns": 1,
      "invalid_turns": 0,
      "valid_rate": 1.0
    },
    {
      "task_id": 134177091,
      "game_name": "liars_dice",
      "seed": 1085404749,
      "opponent": "mcts",
      "final_reward": 0.0,
      "total_turns": 1,
      "valid_turns": 0,
      "invalid_turns": 1,
      "valid_rate": 0.0
    },
    {
      "task_id": 154559887,
      "game_name": "liars_dice",
      "seed": 38626782,
      "opponent": "mcts",
      "final_reward": 0.0,
      "total_turns": 1,
      "valid_turns": 1,
      "invalid_turns": 0,
      "valid_rate": 1.0
    },
    {
      "task_id": 170258861,
      "game_name": "liars_dice",
      "seed": 301350555,
      "opponent": "mcts",
      "final_reward": 0.0,
      "total_turns": 1,
      "valid_turns": 1,
      "invalid_turns": 0,
      "valid_rate": 1.0
    },
    {
      "task_id": 120737447,
      "game_name": "liars_dice",
      "seed": 604944065,
      "opponent": "mcts",
      "final_reward": 0.0,
      "total_turns": 1,
      "valid_turns": 0,
      "invalid_turns": 1,
      "valid_rate": 0.0
    },
    {
      "task_id": 115370214,
      "game_name": "liars_dice",
      "seed": 1426871508,
      "opponent": "mcts",
      "final_reward": 0.0,
      "total_turns": 2,
      "valid_turns": 1,
      "invalid_turns": 1,
      "valid_rate": 0.5
    },
    {
      "task_id": 121984249,
      "game_name": "liars_dice",
      "seed": 1388648457,
      "opponent": "mcts",
      "final_reward": 0.0,
      "total_turns": 1,
      "valid_turns": 1,
      "invalid_turns": 0,
      "valid_rate": 1.0
    },
    {
      "task_id": 177626267,
      "game_name": "liars_dice",
      "seed": 268753269,
      "opponent": "mcts",
      "final_reward": 0.0,
      "total_turns": 1,
      "valid_turns": 0,
      "invalid_turns": 1,
      "valid_rate": 0.0
    },
    {
      "task_id": 166899603,
      "game_name": "liars_dice",
      "seed": 889512556,
      "opponent": "mcts",
      "final_reward": 0.0,
      "total_turns": 1,
      "valid_turns": 1,
      "invalid_turns": 0,
      "valid_rate": 1.0
    },
    {
      "task_id": 154886165,
      "game_name": "liars_dice",
      "seed": 1425123235,
      "opponent": "mcts",
      "final_reward": 0.0,
      "total_turns": 1,
      "valid_turns": 1,
      "invalid_turns": 0,
      "valid_rate": 1.0
    },
    {
      "task_id": 171900765,
      "game_name": "liars_dice",
      "seed": 362312522,
      "opponent": "mcts",
      "final_reward": 0.0,
      "total_turns": 1,