{
  "step": 46,
  "timestamp": "2026-01-19T10:30:24.693474",
  "num_episodes": 29,
  "stats": {
    "objective/kl": 2.4868924617767334,
    "objective/kl_coef": 0.050114769488573074,
    "objective/entropy": 79.50571632385254,
    "ppo/mean_non_score_reward": -0.01557865971699357,
    "ppo/mean_scores": -0.08298963867127895,
    "ppo/std_scores": 0.0,
    "tokens/queries_len_mean": 215.625,
    "tokens/queries_len_std": 15.712233543395996,
    "tokens/responses_len_mean": 8.0,
    "tokens/responses_len_std": 0.0,
    "ppo/loss/policy": -0.002728621009737253,
    "ppo/loss/value": 0.8020501434803009,
    "ppo/loss/total": 0.0774763934314251,
    "ppo/policy/entropy": 1.4754029214382172,
    "ppo/policy/approxkl": 0.000802482696599327,
    "ppo/policy/policykl": 0.001906543388031423,
    "ppo/policy/clipfrac": 0.0078125,
    "ppo/policy/advantages_mean": 2.7939677238464355e-08,
    "ppo/returns/mean": -0.8738871067762375,
    "ppo/returns/var": 1.1794217824935913,
    "ppo/val/vpred": -0.18554919585585594,
    "ppo/val/error": 1.6041002869606018,
    "ppo/val/clipfrac": 0.0,
    "ppo/val/mean": -0.1839023120701313,
    "ppo/val/var": 0.3760952837765217,
    "ppo/val/var_explained": -0.5068043023347855,
    "ppo/learning_rate": 5e-07,
    "time/ppo/forward_pass": 0.4116571545600891,
    "time/ppo/compute_rewards": 0.000816047191619873,
    "time/ppo/compute_advantages": 0.017670631408691406,
    "time/ppo/optimize_step": 0.9040753841400146,
    "time/ppo/calc_stats": 0.006809115409851074,
    "time/ppo/total": 1.3411280512809753,
    "mean_reward": 0.0,
    "mean_score": 0.0,
    "success_rate": 0.0,
    "num_samples": 16,
    "num_batches": 4,
    "total_valid_turns": 16,
    "total_invalid_turns": 17,
    "avg_valid_rate": 0.46551724137931033
  },
  "episodes_summary": [
    {
      "task_id": 145753177,
      "game_name": "liars_dice",
      "seed": 29303797,
      "opponent": "mcts",
      "final_reward": 0.0,
      "total_turns": 1,
      "valid_turns": 1,
      "invalid_turns": 0,
      "valid_rate": 1.0
    },
    {
      "task_id": 179033707,
      "game_name": "liars_dice",
      "seed": 452931365,
      "opponent": "mcts",
      "final_reward": 0.0,
      "total_turns": 1,
      "valid_turns": 0,
      "invalid_turns": 1,
      "valid_rate": 0.0
    },
    {
      "task_id": 102455045,
      "game_name": "liars_dice",
      "seed": 77653892,
      "opponent": "mcts",
      "final_reward": 0.0,
      "total_turns": 1,
      "valid_turns": 1,
      "invalid_turns": 0,
      "valid_rate": 1.0
    },
    {
      "task_id": 114786764,
      "game_name": "liars_dice",
      "seed": 85774824,
      "opponent": "mcts",
      "final_reward": 0.0,
      "total_turns": 1,
      "valid_turns": 1,
      "invalid_turns": 0,
      "valid_rate": 1.0
    },
    {
      "task_id": 136821941,
      "game_name": "liars_dice",
      "seed": 1294427454,
      "opponent": "mcts",
      "final_reward": 0.0,
      "total_turns": 1,
      "valid_turns": 1,
      "invalid_turns": 0,
      "valid_rate": 1.0
    },
    {
      "task_id": 126951303,
      "game_name": "liars_dice",
      "seed": 1723925398,
      "opponent": "mcts",
      "final_reward": 0.0,
      "total_turns": 2,
      "valid_turns": 2,
      "invalid_turns": 0,
      "valid_rate": 1.0
    },
    {
      "task_id": 141179354,
      "game_name": "liars_dice",
      "seed": 1421564093,
      "opponent": "mcts",
      "final_reward": 0.0,
      "total_turns": 1,
      "valid_turns": 1,
      "invalid_turns": 0,
      "valid_rate": 1.0
    },
    {
      "task_id": 158363731,
      "game_name": "liars_dice",
      "seed": 1264473201,
      "opponent": "mcts",
      "final_reward": 0.0,
      "total_turns": 1,
      "valid_turns": 1,
      "invalid_turns": 0,
      "valid_rate": 1.0
    },
    {
      "task_id": 144964705,
      "game_name": "liars_dice",
      "seed": 391569620,
      "opponent": "mcts",
      "final_reward": 0.0,
      "total_turns": 2,
      "valid_turns": 1,
      "invalid_turns": 1,
      "valid_rate": 0.5
    },
    {
      "task_id": 171632750,
      "game_name": "liars_dice",
      "seed": 1960066413,
      "opponent": "mcts",
      "final_reward": 0.0,
      "total_turns": 1,
      "valid_turns": 1,
      "invalid_turns": 0,
      "valid_rate": 1.0
    },
    {
      "task_id": 171699147,
      "game_name": "liars_dice",
      "seed": 1497542074,
      "opponent": "mcts",
      "final_reward": 0.0,
      "total_turns": 1,
      "valid_turns": 1,
      "invalid_turns": 0,
      "valid_rate": 1.0
    },
    {
      "task_id": 169986442,
      "game_name": "liars_dice",
      "seed": 951356567,
      "opponent": "mcts",
      "final_reward": 0.0,
      "total_turns": 1,
      "valid_turns": 0,
      "invalid_turns": 1,
      "valid_rate": 0.0
    },
    {
      "task_id": 162609110,
      "game_name": "liars_dice",
      "seed": 1112653234,
      "opponent": "mcts",
      "final_reward": 0.0,
      "total_turns": 1,
      "valid_turns": 0,
      "invalid_turns": 1,
      "valid_rate": 0.0
    },
    {
      "task_id": 192217151,
      "game_name": "liars_dice",
      "seed": 740771776,
      "opponent": "mcts",
      "final_reward": 0.0,
      "total_turns": 1,
      "valid_turns": 0,
      "invalid_turns": 1,
      "valid_rate": 0.0
    },
    {
      "task_id": 148341108,
      "game_name": "liars_dice",
      "seed": 1427807926,
      "opponent": "mcts",
      "final_reward": 0.0,
      "total_turns": 2,
      "valid_turns": 1,
      "invalid_turns": 1,
      "valid_rate": 0.5
    },
    {
      "task_id": 189965470,
      "game_name": "liars_dice",
      "seed": 1465497897,
      "opponent": "mcts",
      "final_reward": 0.0,
      "total_turns": 1,
      "valid_turns": 0,
      "invalid_turns": 1,
      "valid_rate": 0.0
    },
    {
      "task_id": 146763597,
      "game_name": "liars_dice",
      "seed": 1222910717,
      "opponent": "mcts",
      "final_reward": 0.0,
      "total_turns": 1,
      "valid_turns": 0,
      "invalid_turns": 1,
      "valid_rate": 0.0
    },
    {
      "task_id": 172557351,
      "game_name": "liars_dice",
      "seed": 1300688347,
      "opponent": "mcts",
      "final_reward": 0.0,
      "total_turns": 1,
      "valid_turns": 0,
      "invalid_turns": 1,
      "valid_rate": 0.0
    },
    {
      "task_id": 183254908,
      "game_name": "liars_dice",
      "seed": 1373752746,
      "opponent": "mcts",
      "final_reward": 0.0,
      "total_turns": 1,
      "valid_turns": 0,
      "invalid_turns": 1,
      "valid_rate": 0.0
    },
    {
      "task_id": 156283322,
      "game_name": "liars_dice",
      "seed": 1499132111,
      "opponent": "mcts",
      "final_reward": 0.0,
      "total_turns": 1,
      "valid_turns": 0,
      "invalid_turns": 1,
      "valid_rate": 0.0
    },
    {
      "task_id": 183528978,
      "game_name": "liars_dice",
      "seed": 746436927,
      "opponent": "mcts",
      "final_reward": 0.0,
      "total_turns": 1,
      "valid_turns": 0,
      "invalid_turns": 1,
      "valid_rate": 0.0
    },
    {
      "task_id": 193228204,
      "game_name": "liars_dice",
      "seed": 1135717039,
      "opponent": "mcts",
      "final_reward": 0.0,
      "total_turns": 1,
      "valid_turns": 0,
      "invalid_turns": 1,
      "valid_rate": 0.0
    },
    {
      "task_id": 121174694,
      "game_name": "liars_dice",
      "seed": 1047828647,
      "opponent": "mcts",
      "final_reward": 0.0,
      "total_turns": 1,
      "valid_turns": 0,
      "invalid_turns": 1,
      "valid_rate": 0.0
    },
    {
      "task_id": 115235878,
      "game_name": "liars_dice",
      "seed": 204721882,
      "opponent": "mcts",
      "final_reward": 0.0,
      "total_turns": 2,
      "valid_turns": 1,
      "invalid_turns": 1,
      "valid_rate": 0.5
    },
    {
      "task_id": 186781544,
      "game_name": "liars_dice",
      "seed": 157618144,
      "opponent": "mcts",
      "final_reward": 0.0,
      "total_turns": 1,