{
  "step": 68,
  "timestamp": "2026-01-19T10:43:57.377766",
  "num_episodes": 22,
  "stats": {
    "objective/kl": 24.39711332321167,
    "objective/kl_coef": 0.050178153440356255,
    "objective/entropy": 97.04524040222168,
    "ppo/mean_non_score_reward": -0.1530248336493969,
    "ppo/mean_scores": -0.06810487434267998,
    "ppo/std_scores": 0.0,
    "tokens/queries_len_mean": 226.8125,
    "tokens/queries_len_std": 29.455809593200684,
    "tokens/responses_len_mean": 8.0,
    "tokens/responses_len_std": 0.0,
    "ppo/loss/policy": -0.01203332282602787,
    "ppo/loss/value": 2.538728564977646,
    "ppo/loss/total": 0.24183954298496246,
    "ppo/policy/entropy": 1.1572053954005241,
    "ppo/policy/approxkl": 0.0030299328500404954,
    "ppo/policy/policykl": 0.016540164360776544,
    "ppo/policy/clipfrac": 0.01953125,
    "ppo/policy/advantages_mean": -1.862645149230957e-09,
    "ppo/returns/mean": -0.4552651457488537,
    "ppo/returns/var": 5.201087117195129,
    "ppo/val/vpred": -0.4875502213835716,
    "ppo/val/error": 5.077457129955292,
    "ppo/val/clipfrac": 0.0,
    "ppo/val/mean": -0.4827632009983063,
    "ppo/val/var": 0.337822288274765,
    "ppo/val/var_explained": 0.04220092296600342,
    "ppo/learning_rate": 5e-07,
    "time/ppo/forward_pass": 0.4432458281517029,
    "time/ppo/compute_rewards": 0.0008934736251831055,
    "time/ppo/compute_advantages": 0.023105502128601074,
    "time/ppo/optimize_step": 0.9574590921401978,
    "time/ppo/calc_stats": 0.015119671821594238,
    "time/ppo/total": 1.439921796321869,
    "mean_reward": 0.0,
    "mean_score": 0.0,
    "success_rate": 0.0,
    "num_samples": 16,
    "num_batches": 4,
    "total_valid_turns": 16,
    "total_invalid_turns": 12,
    "avg_valid_rate": 0.5227272727272727
  },
  "episodes_summary": [
    {
      "task_id": 182945516,
      "game_name": "liars_dice",
      "seed": 2146113153,
      "opponent": "mcts",
      "final_reward": 0.0,
      "total_turns": 1,
      "valid_turns": 1,
      "invalid_turns": 0,
      "valid_rate": 1.0
    },
    {
      "task_id": 155496101,
      "game_name": "liars_dice",
      "seed": 1992868226,
      "opponent": "mcts",
      "final_reward": 0.0,
      "total_turns": 2,
      "valid_turns": 1,
      "invalid_turns": 1,
      "valid_rate": 0.5
    },
    {
      "task_id": 106262273,
      "game_name": "liars_dice",
      "seed": 1379583130,
      "opponent": "mcts",
      "final_reward": 0.0,
      "total_turns": 2,
      "valid_turns": 1,
      "invalid_turns": 1,
      "valid_rate": 0.5
    },
    {
      "task_id": 174050627,
      "game_name": "liars_dice",
      "seed": 700754099,
      "opponent": "mcts",
      "final_reward": 0.0,
      "total_turns": 1,
      "valid_turns": 0,
      "invalid_turns": 1,
      "valid_rate": 0.0
    },
    {
      "task_id": 146287551,
      "game_name": "liars_dice",
      "seed": 2107278465,
      "opponent": "mcts",
      "final_reward": 0.0,
      "total_turns": 1,
      "valid_turns": 0,
      "invalid_turns": 1,
      "valid_rate": 0.0
    },
    {
      "task_id": 141250042,
      "game_name": "liars_dice",
      "seed": 766116131,
      "opponent": "mcts",
      "final_reward": 0.0,
      "total_turns": 1,
      "valid_turns": 0,
      "invalid_turns": 1,
      "valid_rate": 0.0
    },
    {
      "task_id": 104001405,
      "game_name": "liars_dice",
      "seed": 71895901,
      "opponent": "mcts",
      "final_reward": 0.0,
      "total_turns": 1,
      "valid_turns": 0,
      "invalid_turns": 1,
      "valid_rate": 0.0
    },
    {
      "task_id": 159887968,
      "game_name": "liars_dice",
      "seed": 1246075134,
      "opponent": "mcts",
      "final_reward": 0.0,
      "total_turns": 2,
      "valid_turns": 2,
      "invalid_turns": 0,
      "valid_rate": 1.0
    },
    {
      "task_id": 100961543,
      "game_name": "liars_dice",
      "seed": 1507526749,
      "opponent": "mcts",
      "final_reward": 0.0,
      "total_turns": 1,
      "valid_turns": 1,
      "invalid_turns": 0,
      "valid_rate": 1.0
    },
    {
      "task_id": 105452944,
      "game_name": "liars_dice",
      "seed": 392036558,
      "opponent": "mcts",
      "final_reward": 0.0,
      "total_turns": 1,
      "valid_turns": 1,
      "invalid_turns": 0,
      "valid_rate": 1.0
    },
    {
      "task_id": 107791465,
      "game_name": "liars_dice",
      "seed": 107359852,
      "opponent": "mcts",
      "final_reward": 0.0,
      "total_turns": 1,
      "valid_turns": 1,
      "invalid_turns": 0,
      "valid_rate": 1.0
    },
    {
      "task_id": 120046225,
      "game_name": "liars_dice",
      "seed": 368260983,
      "opponent": "mcts",
      "final_reward": 0.0,
      "total_turns": 1,
      "valid_turns": 1,
      "invalid_turns": 0,
      "valid_rate": 1.0
    },
    {
      "task_id": 107745073,
      "game_name": "liars_dice",
      "seed": 1102869047,
      "opponent": "mcts",
      "final_reward": 0.0,
      "total_turns": 1,
      "valid_turns": 0,
      "invalid_turns": 1,
      "valid_rate": 0.0
    },
    {
      "task_id": 108390949,
      "game_name": "liars_dice",
      "seed": 344029244,
      "opponent": "mcts",
      "final_reward": 0.0,
      "total_turns": 2,
      "valid_turns": 2,
      "invalid_turns": 0,
      "valid_rate": 1.0
    },
    {
      "task_id": 184394026,
      "game_name": "liars_dice",
      "seed": 1343862130,
      "opponent": "mcts",
      "final_reward": 0.0,
      "total_turns": 2,
      "valid_turns": 1,
      "invalid_turns": 1,
      "valid_rate": 0.5
    },
    {
      "task_id": 103203368,
      "game_name": "liars_dice",
      "seed": 2093635614,
      "opponent": "mcts",
      "final_reward": 0.0,
      "total_turns": 1,
      "valid_turns": 1,
      "invalid_turns": 0,
      "valid_rate": 1.0
    },
    {
      "task_id": 138893723,
      "game_name": "liars_dice",
      "seed": 111387911,
      "opponent": "mcts",
      "final_reward": 0.0,
      "total_turns": 1,
      "valid_turns": 0,
      "invalid_turns": 1,
      "valid_rate": 0.0
    },
    {
      "task_id": 108362586,
      "game_name": "liars_dice",
      "seed": 1504964927,
      "opponent": "mcts",
      "final_reward": 0.0,
      "total_turns": 1,
      "valid_turns": 0,
      "invalid_turns": 1,
      "valid_rate": 0.0
    },
    {
      "task_id": 156322981,
      "game_name": "liars_dice",
      "seed": 817098216,
      "opponent": "mcts",
      "final_reward": 0.0,
      "total_turns": 1,
      "valid_turns": 1,
      "invalid_turns": 0,
      "valid_rate": 1.0
    },
    {
      "task_id": 135976217,
      "game_name": "liars_dice",
      "seed": 917219353,
      "opponent": "mcts",
      "final_reward": 0.0,
      "total_turns": 1,
      "valid_turns": 0,
      "invalid_turns": 1,
      "valid_rate": 0.0
    },
    {
      "task_id": 180009715,
      "game_name": "liars_dice",
      "seed": 51479095,
      "opponent": "mcts",
      "final_reward": 0.0,
      "total_turns": 1,
      "valid_turns": 0,
      "invalid_turns": 1,
      "valid_rate": 0.0
    },
    {
      "task_id": 133267275,
      "game_name": "liars_dice",
      "seed": 82303356,
      "opponent": "mcts",
      "final_reward": 0.0,
      "total_turns": 2,
      "valid_turns": 2,
      "invalid_turns": 0,
      "valid_rate": 1.0
    }
  ],
  "aggregated": {
    "total_valid_turns": 16,
    "total_invalid_turns": 12,
    "avg_valid_rate": 0.5227272727272727,
    "games_played": {
      "liars_dice": 22
    },
    "success_count": 0,
    "failure_count": 22,
    "success_rate": 0.0
  }
}