{
  "step": 14,
  "timestamp": "2026-01-19T10:08:24.445458",
  "num_episodes": 32,
  "stats": {
    "objective/kl": 9.567947149276733,
    "objective/kl_coef": 0.05018750298768282,
    "objective/entropy": 77.88137435913086,
    "ppo/mean_non_score_reward": -0.06002301722764969,
    "ppo/mean_scores": -0.11787248030304909,
    "ppo/std_scores": 0.0,
    "tokens/queries_len_mean": 215.75,
    "tokens/queries_len_std": 14.815884709358215,
    "tokens/responses_len_mean": 8.0,
    "tokens/responses_len_std": 0.0,
    "ppo/loss/policy": -0.0012313448823988438,
    "ppo/loss/value": 1.1300449669361115,
    "ppo/loss/total": 0.11177315190434456,
    "ppo/policy/entropy": 2.0103327333927155,
    "ppo/policy/approxkl": 0.0006468596257036552,
    "ppo/policy/policykl": -0.002375288342591375,
    "ppo/policy/clipfrac": 0.0,
    "ppo/policy/advantages_mean": 6.05359673500061e-09,
    "ppo/returns/mean": 0.43350689858198166,
    "ppo/returns/var": 1.4767915606498718,
    "ppo/val/vpred": 0.42155591025948524,
    "ppo/val/error": 2.260089933872223,
    "ppo/val/clipfrac": 0.0,
    "ppo/val/mean": 0.42333050817251205,
    "ppo/val/var": 0.5677763521671295,
    "ppo/val/var_explained": -0.5553253889083862,
    "ppo/learning_rate": 5e-07,
    "time/ppo/forward_pass": 0.4069339632987976,
    "time/ppo/compute_rewards": 0.0007982850074768066,
    "time/ppo/compute_advantages": 0.016871631145477295,
    "time/ppo/optimize_step": 0.9046919345855713,
    "time/ppo/calc_stats": 0.0067288875579833984,
    "time/ppo/total": 1.3361225724220276,
    "mean_reward": 0.0,
    "mean_score": 0.0,
    "success_rate": 0.0,
    "num_samples": 16,
    "num_batches": 4,
    "total_valid_turns": 16,
    "total_invalid_turns": 18,
    "avg_valid_rate": 0.453125
  },
  "episodes_summary": [
    {
      "task_id": 121053467,
      "game_name": "liars_dice",
      "seed": 630860584,
      "opponent": "mcts",
      "final_reward": 0.0,
      "total_turns": 2,
      "valid_turns": 1,
      "invalid_turns": 1,
      "valid_rate": 0.5
    },
    {
      "task_id": 158682214,
      "game_name": "liars_dice",
      "seed": 682793404,
      "opponent": "mcts",
      "final_reward": 0.0,
      "total_turns": 1,
      "valid_turns": 1,
      "invalid_turns": 0,
      "valid_rate": 1.0
    },
    {
      "task_id": 183847939,
      "game_name": "liars_dice",
      "seed": 1409911015,
      "opponent": "mcts",
      "final_reward": 0.0,
      "total_turns": 1,
      "valid_turns": 1,
      "invalid_turns": 0,
      "valid_rate": 1.0
    },
    {
      "task_id": 183998522,
      "game_name": "liars_dice",
      "seed": 1709844945,
      "opponent": "mcts",
      "final_reward": 0.0,
      "total_turns": 1,
      "valid_turns": 0,
      "invalid_turns": 1,
      "valid_rate": 0.0
    },
    {
      "task_id": 100033985,
      "game_name": "liars_dice",
      "seed": 1032039804,
      "opponent": "mcts",
      "final_reward": 0.0,
      "total_turns": 1,
      "valid_turns": 0,
      "invalid_turns": 1,
      "valid_rate": 0.0
    },
    {
      "task_id": 122819252,
      "game_name": "liars_dice",
      "seed": 1023005182,
      "opponent": "mcts",
      "final_reward": 0.0,
      "total_turns": 1,
      "valid_turns": 0,
      "invalid_turns": 1,
      "valid_rate": 0.0
    },
    {
      "task_id": 156471810,
      "game_name": "liars_dice",
      "seed": 1988135195,
      "opponent": "mcts",
      "final_reward": 0.0,
      "total_turns": 1,
      "valid_turns": 0,
      "invalid_turns": 1,
      "valid_rate": 0.0
    },
    {
      "task_id": 151876500,
      "game_name": "liars_dice",
      "seed": 57843251,
      "opponent": "mcts",
      "final_reward": 0.0,
      "total_turns": 1,
      "valid_turns": 1,
      "invalid_turns": 0,
      "valid_rate": 1.0
    },
    {
      "task_id": 134910915,
      "game_name": "liars_dice",
      "seed": 24211229,
      "opponent": "mcts",
      "final_reward": 0.0,
      "total_turns": 1,
      "valid_turns": 0,
      "invalid_turns": 1,
      "valid_rate": 0.0
    },
    {
      "task_id": 119982176,
      "game_name": "liars_dice",
      "seed": 83793725,
      "opponent": "mcts",
      "final_reward": 0.0,
      "total_turns": 1,
      "valid_turns": 1,
      "invalid_turns": 0,
      "valid_rate": 1.0
    },
    {
      "task_id": 100033985,
      "game_name": "liars_dice",
      "seed": 1388663733,
      "opponent": "mcts",
      "final_reward": 0.0,
      "total_turns": 1,
      "valid_turns": 0,
      "invalid_turns": 1,
      "valid_rate": 0.0
    },
    {
      "task_id": 106335787,
      "game_name": "liars_dice",
      "seed": 480617205,
      "opponent": "mcts",
      "final_reward": 0.0,
      "total_turns": 1,
      "valid_turns": 0,
      "invalid_turns": 1,
      "valid_rate": 0.0
    },
    {
      "task_id": 120555725,
      "game_name": "liars_dice",
      "seed": 1631547789,
      "opponent": "mcts",
      "final_reward": 0.0,
      "total_turns": 1,
      "valid_turns": 0,
      "invalid_turns": 1,
      "valid_rate": 0.0
    },
    {
      "task_id": 158554358,
      "game_name": "liars_dice",
      "seed": 1429894970,
      "opponent": "mcts",
      "final_reward": 0.0,
      "total_turns": 1,
      "valid_turns": 1,
      "invalid_turns": 0,
      "valid_rate": 1.0
    },
    {
      "task_id": 148858844,
      "game_name": "liars_dice",
      "seed": 930559858,
      "opponent": "mcts",
      "final_reward": 0.0,
      "total_turns": 1,
      "valid_turns": 1,
      "invalid_turns": 0,
      "valid_rate": 1.0
    },
    {
      "task_id": 117421142,
      "game_name": "liars_dice",
      "seed": 1751309348,
      "opponent": "mcts",
      "final_reward": 0.0,
      "total_turns": 1,
      "valid_turns": 1,
      "invalid_turns": 0,
      "valid_rate": 1.0
    },
    {
      "task_id": 112959629,
      "game_name": "liars_dice",
      "seed": 1853454994,
      "opponent": "mcts",
      "final_reward": 0.0,
      "total_turns": 1,
      "valid_turns": 1,
      "invalid_turns": 0,
      "valid_rate": 1.0
    },
    {
      "task_id": 163234531,
      "game_name": "liars_dice",
      "seed": 1639643705,
      "opponent": "mcts",
      "final_reward": 0.0,
      "total_turns": 1,
      "valid_turns": 1,
      "invalid_turns": 0,
      "valid_rate": 1.0
    },
    {
      "task_id": 173046040,
      "game_name": "liars_dice",
      "seed": 1695814769,
      "opponent": "mcts",
      "final_reward": 0.0,
      "total_turns": 1,
      "valid_turns": 0,
      "invalid_turns": 1,
      "valid_rate": 0.0
    },
    {
      "task_id": 122236518,
      "game_name": "liars_dice",
      "seed": 2066665413,
      "opponent": "mcts",
      "final_reward": 0.0,
      "total_turns": 1,
      "valid_turns": 0,
      "invalid_turns": 1,
      "valid_rate": 0.0
    },
    {
      "task_id": 133872354,
      "game_name": "liars_dice",
      "seed": 1184875113,
      "opponent": "mcts",
      "final_reward": 0.0,
      "total_turns": 1,
      "valid_turns": 0,
      "invalid_turns": 1,
      "valid_rate": 0.0
    },
    {
      "task_id": 172791650,
      "game_name": "liars_dice",
      "seed": 93317333,
      "opponent": "mcts",
      "final_reward": 0.0,
      "total_turns": 1,
      "valid_turns": 0,
      "invalid_turns": 1,
      "valid_rate": 0.0
    },
    {
      "task_id": 131811898,
      "game_name": "liars_dice",
      "seed": 1186621525,
      "opponent": "mcts",
      "final_reward": 0.0,
      "total_turns": 1,
      "valid_turns": 0,
      "invalid_turns": 1,
      "valid_rate": 0.0
    },
    {
      "task_id": 144038962,
      "game_name": "liars_dice",
      "seed": 1381133637,
      "opponent": "mcts",
      "final_reward": 0.0,
      "total_turns": 1,
      "valid_turns": 0,
      "invalid_turns": 1,
      "valid_rate": 0.0
    },
    {
      "task_id": 184034013,
      "game_name": "liars_dice",
      "seed": 458101800,
      "opponent": "mcts",
      "final_reward": 0.0,
      "total_turns": 1,
      "valid_turns": 1,