{
  "step": 2,
  "timestamp": "2026-01-19T09:59:04.144252",
  "num_episodes": 31,
  "stats": {
    "objective/kl": 9.178884148597717,
    "objective/kl_coef": 0.050007774494588375,
    "objective/entropy": 83.94381713867188,
    "ppo/mean_non_score_reward": -0.05737573094666004,
    "ppo/mean_scores": 0.0,
    "ppo/std_scores": 0.0,
    "tokens/queries_len_mean": 217.8125,
    "tokens/queries_len_std": 10.227163791656494,
    "tokens/responses_len_mean": 8.0,
    "tokens/responses_len_std": 0.0,
    "ppo/loss/policy": -0.0015595783479511738,
    "ppo/loss/value": 1.4183189868927002,
    "ppo/loss/total": 0.14027232863008976,
    "ppo/policy/entropy": 2.1094042658805847,
    "ppo/policy/approxkl": 0.0005487137677846476,
    "ppo/policy/policykl": -0.0029945088317617774,
    "ppo/policy/clipfrac": 0.00390625,
    "ppo/policy/advantages_mean": 1.5599653124809265e-08,
    "ppo/returns/mean": 0.8064242154359818,
    "ppo/returns/var": 1.4642823189496994,
    "ppo/val/vpred": 0.24086284404620528,
    "ppo/val/error": 2.8366379737854004,
    "ppo/val/clipfrac": 0.0,
    "ppo/val/mean": 0.24105602595955133,
    "ppo/val/var": 0.4822547510266304,
    "ppo/val/var_explained": -1.4502344727516174,
    "ppo/learning_rate": 5e-07,
    "time/ppo/forward_pass": 0.408855140209198,
    "time/ppo/compute_rewards": 0.0008299946784973145,
    "time/ppo/compute_advantages": 0.01725172996520996,
    "time/ppo/optimize_step": 0.8996410965919495,
    "time/ppo/calc_stats": 0.006669163703918457,
    "time/ppo/total": 1.333339810371399,
    "mean_reward": 0.0,
    "mean_score": 0.0,
    "success_rate": 0.0,
    "num_samples": 16,
    "num_batches": 4,
    "total_valid_turns": 16,
    "total_invalid_turns": 19,
    "avg_valid_rate": 0.46774193548387094
  },
  "episodes_summary": [
    {
      "task_id": 115721498,
      "game_name": "liars_dice",
      "seed": 946870804,
      "opponent": "mcts",
      "final_reward": 0.0,
      "total_turns": 1,
      "valid_turns": 1,
      "invalid_turns": 0,
      "valid_rate": 1.0
    },
    {
      "task_id": 144632246,
      "game_name": "liars_dice",
      "seed": 1830219288,
      "opponent": "mcts",
      "final_reward": 0.0,
      "total_turns": 1,
      "valid_turns": 1,
      "invalid_turns": 0,
      "valid_rate": 1.0
    },
    {
      "task_id": 119643903,
      "game_name": "liars_dice",
      "seed": 939625287,
      "opponent": "mcts",
      "final_reward": 0.0,
      "total_turns": 1,
      "valid_turns": 0,
      "invalid_turns": 1,
      "valid_rate": 0.0
    },
    {
      "task_id": 182127436,
      "game_name": "liars_dice",
      "seed": 317814271,
      "opponent": "mcts",
      "final_reward": 0.0,
      "total_turns": 1,
      "valid_turns": 0,
      "invalid_turns": 1,
      "valid_rate": 0.0
    },
    {
      "task_id": 182127436,
      "game_name": "liars_dice",
      "seed": 809689893,
      "opponent": "mcts",
      "final_reward": 0.0,
      "total_turns": 1,
      "valid_turns": 0,
      "invalid_turns": 1,
      "valid_rate": 0.0
    },
    {
      "task_id": 152507238,
      "game_name": "liars_dice",
      "seed": 393126321,
      "opponent": "mcts",
      "final_reward": 0.0,
      "total_turns": 1,
      "valid_turns": 0,
      "invalid_turns": 1,
      "valid_rate": 0.0
    },
    {
      "task_id": 104884456,
      "game_name": "liars_dice",
      "seed": 92928119,
      "opponent": "mcts",
      "final_reward": 0.0,
      "total_turns": 1,
      "valid_turns": 0,
      "invalid_turns": 1,
      "valid_rate": 0.0
    },
    {
      "task_id": 152507238,
      "game_name": "liars_dice",
      "seed": 794448426,
      "opponent": "mcts",
      "final_reward": 0.0,
      "total_turns": 2,
      "valid_turns": 1,
      "invalid_turns": 1,
      "valid_rate": 0.5
    },
    {
      "task_id": 128263100,
      "game_name": "liars_dice",
      "seed": 262357606,
      "opponent": "mcts",
      "final_reward": 0.0,
      "total_turns": 1,
      "valid_turns": 1,
      "invalid_turns": 0,
      "valid_rate": 1.0
    },
    {
      "task_id": 173046040,
      "game_name": "liars_dice",
      "seed": 1828018965,
      "opponent": "mcts",
      "final_reward": 0.0,
      "total_turns": 1,
      "valid_turns": 0,
      "invalid_turns": 1,
      "valid_rate": 0.0
    },
    {
      "task_id": 109395818,
      "game_name": "liars_dice",
      "seed": 948454521,
      "opponent": "mcts",
      "final_reward": 0.0,
      "total_turns": 1,
      "valid_turns": 1,
      "invalid_turns": 0,
      "valid_rate": 1.0
    },
    {
      "task_id": 178300211,
      "game_name": "liars_dice",
      "seed": 1293049471,
      "opponent": "mcts",
      "final_reward": 0.0,
      "total_turns": 1,
      "valid_turns": 0,
      "invalid_turns": 1,
      "valid_rate": 0.0
    },
    {
      "task_id": 108192977,
      "game_name": "liars_dice",
      "seed": 2006313350,
      "opponent": "mcts",
      "final_reward": 0.0,
      "total_turns": 2,
      "valid_turns": 0,
      "invalid_turns": 2,
      "valid_rate": 0.0
    },
    {
      "task_id": 152507238,
      "game_name": "liars_dice",
      "seed": 433453424,
      "opponent": "mcts",
      "final_reward": 0.0,
      "total_turns": 1,
      "valid_turns": 1,
      "invalid_turns": 0,
      "valid_rate": 1.0
    },
    {
      "task_id": 126757081,
      "game_name": "liars_dice",
      "seed": 1117263813,
      "opponent": "mcts",
      "final_reward": 0.0,
      "total_turns": 1,
      "valid_turns": 0,
      "invalid_turns": 1,
      "valid_rate": 0.0
    },
    {
      "task_id": 176473039,
      "game_name": "liars_dice",
      "seed": 727673138,
      "opponent": "mcts",
      "final_reward": 0.0,
      "total_turns": 1,
      "valid_turns": 1,
      "invalid_turns": 0,
      "valid_rate": 1.0
    },
    {
      "task_id": 107791465,
      "game_name": "liars_dice",
      "seed": 679500893,
      "opponent": "mcts",
      "final_reward": 0.0,
      "total_turns": 1,
      "valid_turns": 1,
      "invalid_turns": 0,
      "valid_rate": 1.0
    },
    {
      "task_id": 171064827,
      "game_name": "liars_dice",
      "seed": 1076693935,
      "opponent": "mcts",
      "final_reward": 0.0,
      "total_turns": 1,
      "valid_turns": 1,
      "invalid_turns": 0,
      "valid_rate": 1.0
    },
    {
      "task_id": 182245023,
      "game_name": "liars_dice",
      "seed": 1899724293,
      "opponent": "mcts",
      "final_reward": 0.0,
      "total_turns": 1,
      "valid_turns": 0,
      "invalid_turns": 1,
      "valid_rate": 0.0
    },
    {
      "task_id": 163300491,
      "game_name": "liars_dice",
      "seed": 1760530271,
      "opponent": "mcts",
      "final_reward": 0.0,
      "total_turns": 1,
      "valid_turns": 0,
      "invalid_turns": 1,
      "valid_rate": 0.0
    },
    {
      "task_id": 187098378,
      "game_name": "liars_dice",
      "seed": 1533954791,
      "opponent": "mcts",
      "final_reward": 0.0,
      "total_turns": 1,
      "valid_turns": 0,
      "invalid_turns": 1,
      "valid_rate": 0.0
    },
    {
      "task_id": 120590713,
      "game_name": "liars_dice",
      "seed": 53413578,
      "opponent": "mcts",
      "final_reward": 0.0,
      "total_turns": 1,
      "valid_turns": 1,
      "invalid_turns": 0,
      "valid_rate": 1.0
    },
    {
      "task_id": 145085956,
      "game_name": "liars_dice",
      "seed": 196264944,
      "opponent": "mcts",
      "final_reward": 0.0,
      "total_turns": 1,
      "valid_turns": 0,
      "invalid_turns": 1,
      "valid_rate": 0.0
    },
    {
      "task_id": 132229757,
      "game_name": "liars_dice",
      "seed": 2069431579,
      "opponent": "mcts",
      "final_reward": 0.0,
      "total_turns": 1,
      "valid_turns": 0,
      "invalid_turns": 1,
      "valid_rate": 0.0
    },
    {
      "task_id": 190382682,
      "game_name": "liars_dice",
      "seed": 1542757380,
      "opponent": "mcts",
      "final_reward": 0.0,
      "total_turns": 1,
      "valid_turns": 0,