{
  "step": 19,
  "timestamp": "2026-01-19T10:12:09.632594",
  "num_episodes": 34,
  "stats": {
    "objective/kl": 10.349411964416504,
    "objective/kl_coef": 0.050253091380000114,
    "objective/entropy": 75.38765335083008,
    "ppo/mean_non_score_reward": -0.06501166056841612,
    "ppo/mean_scores": -0.10068303160369396,
    "ppo/std_scores": 0.0,
    "tokens/queries_len_mean": 215.8125,
    "tokens/queries_len_std": 11.438385009765625,
    "tokens/responses_len_mean": 8.0,
    "tokens/responses_len_std": 0.0,
    "ppo/loss/policy": 0.003600934986025095,
    "ppo/loss/value": 1.1043232381343842,
    "ppo/loss/total": 0.11403326876461506,
    "ppo/policy/entropy": 2.0200617015361786,
    "ppo/policy/approxkl": 0.0007222820640890859,
    "ppo/policy/policykl": -0.0010240857081953436,
    "ppo/policy/clipfrac": 0.0,
    "ppo/policy/advantages_mean": 1.3969838619232178e-09,
    "ppo/returns/mean": 0.4631364867091179,
    "ppo/returns/var": 1.5599416196346283,
    "ppo/val/vpred": 0.4194057872518897,
    "ppo/val/error": 2.2086464762687683,
    "ppo/val/clipfrac": 0.0,
    "ppo/val/mean": 0.4207148067653179,
    "ppo/val/var": 0.6635684072971344,
    "ppo/val/var_explained": -0.4886184334754944,
    "ppo/learning_rate": 5e-07,
    "time/ppo/forward_pass": 0.4072248339653015,
    "time/ppo/compute_rewards": 0.0008271336555480957,
    "time/ppo/compute_advantages": 0.016770124435424805,
    "time/ppo/optimize_step": 0.8879956007003784,
    "time/ppo/calc_stats": 0.006561636924743652,
    "time/ppo/total": 1.319469928741455,
    "mean_reward": 0.0,
    "mean_score": 0.0,
    "success_rate": 0.0,
    "num_samples": 16,
    "num_batches": 4,
    "total_valid_turns": 16,
    "total_invalid_turns": 23,
    "avg_valid_rate": 0.39705882352941174
  },
  "episodes_summary": [
    {
      "task_id": 106326136,
      "game_name": "liars_dice",
      "seed": 1455838285,
      "opponent": "mcts",
      "final_reward": 0.0,
      "total_turns": 1,
      "valid_turns": 0,
      "invalid_turns": 1,
      "valid_rate": 0.0
    },
    {
      "task_id": 191547836,
      "game_name": "liars_dice",
      "seed": 805921219,
      "opponent": "mcts",
      "final_reward": 0.0,
      "total_turns": 1,
      "valid_turns": 1,
      "invalid_turns": 0,
      "valid_rate": 1.0
    },
    {
      "task_id": 169687242,
      "game_name": "liars_dice",
      "seed": 1864194991,
      "opponent": "mcts",
      "final_reward": 0.0,
      "total_turns": 1,
      "valid_turns": 0,
      "invalid_turns": 1,
      "valid_rate": 0.0
    },
    {
      "task_id": 122996192,
      "game_name": "liars_dice",
      "seed": 2119327311,
      "opponent": "mcts",
      "final_reward": 0.0,
      "total_turns": 1,
      "valid_turns": 0,
      "invalid_turns": 1,
      "valid_rate": 0.0
    },
    {
      "task_id": 180270760,
      "game_name": "liars_dice",
      "seed": 1895709948,
      "opponent": "mcts",
      "final_reward": 0.0,
      "total_turns": 2,
      "valid_turns": 2,
      "invalid_turns": 0,
      "valid_rate": 1.0
    },
    {
      "task_id": 114058807,
      "game_name": "liars_dice",
      "seed": 2094904524,
      "opponent": "mcts",
      "final_reward": 0.0,
      "total_turns": 1,
      "valid_turns": 0,
      "invalid_turns": 1,
      "valid_rate": 0.0
    },
    {
      "task_id": 174600778,
      "game_name": "liars_dice",
      "seed": 843495385,
      "opponent": "mcts",
      "final_reward": 0.0,
      "total_turns": 1,
      "valid_turns": 1,
      "invalid_turns": 0,
      "valid_rate": 1.0
    },
    {
      "task_id": 103238907,
      "game_name": "liars_dice",
      "seed": 267425066,
      "opponent": "mcts",
      "final_reward": 0.0,
      "total_turns": 1,
      "valid_turns": 0,
      "invalid_turns": 1,
      "valid_rate": 0.0
    },
    {
      "task_id": 166618290,
      "game_name": "liars_dice",
      "seed": 1903612289,
      "opponent": "mcts",
      "final_reward": 0.0,
      "total_turns": 1,
      "valid_turns": 1,
      "invalid_turns": 0,
      "valid_rate": 1.0
    },
    {
      "task_id": 188695265,
      "game_name": "liars_dice",
      "seed": 468384207,
      "opponent": "mcts",
      "final_reward": 0.0,
      "total_turns": 1,
      "valid_turns": 0,
      "invalid_turns": 1,
      "valid_rate": 0.0
    },
    {
      "task_id": 186668132,
      "game_name": "liars_dice",
      "seed": 1230046189,
      "opponent": "mcts",
      "final_reward": 0.0,
      "total_turns": 1,
      "valid_turns": 0,
      "invalid_turns": 1,
      "valid_rate": 0.0
    },
    {
      "task_id": 166227014,
      "game_name": "liars_dice",
      "seed": 825261638,
      "opponent": "mcts",
      "final_reward": 0.0,
      "total_turns": 1,
      "valid_turns": 1,
      "invalid_turns": 0,
      "valid_rate": 1.0
    },
    {
      "task_id": 168658596,
      "game_name": "liars_dice",
      "seed": 1531301722,
      "opponent": "mcts",
      "final_reward": 0.0,
      "total_turns": 2,
      "valid_turns": 1,
      "invalid_turns": 1,
      "valid_rate": 0.5
    },
    {
      "task_id": 158908006,
      "game_name": "liars_dice",
      "seed": 1363768373,
      "opponent": "mcts",
      "final_reward": 0.0,
      "total_turns": 1,
      "valid_turns": 0,
      "invalid_turns": 1,
      "valid_rate": 0.0
    },
    {
      "task_id": 109035969,
      "game_name": "liars_dice",
      "seed": 629576886,
      "opponent": "mcts",
      "final_reward": 0.0,
      "total_turns": 1,
      "valid_turns": 1,
      "invalid_turns": 0,
      "valid_rate": 1.0
    },
    {
      "task_id": 154559887,
      "game_name": "liars_dice",
      "seed": 486605944,
      "opponent": "mcts",
      "final_reward": 0.0,
      "total_turns": 1,
      "valid_turns": 1,
      "invalid_turns": 0,
      "valid_rate": 1.0
    },
    {
      "task_id": 162260786,
      "game_name": "liars_dice",
      "seed": 902028949,
      "opponent": "mcts",
      "final_reward": 0.0,
      "total_turns": 1,
      "valid_turns": 0,
      "invalid_turns": 1,
      "valid_rate": 0.0
    },
    {
      "task_id": 102855901,
      "game_name": "liars_dice",
      "seed": 1744350039,
      "opponent": "mcts",
      "final_reward": 0.0,
      "total_turns": 1,
      "valid_turns": 0,
      "invalid_turns": 1,
      "valid_rate": 0.0
    },
    {
      "task_id": 195341559,
      "game_name": "liars_dice",
      "seed": 1770974394,
      "opponent": "mcts",
      "final_reward": 0.0,
      "total_turns": 1,
      "valid_turns": 1,
      "invalid_turns": 0,
      "valid_rate": 1.0
    },
    {
      "task_id": 172590838,
      "game_name": "liars_dice",
      "seed": 903952686,
      "opponent": "mcts",
      "final_reward": 0.0,
      "total_turns": 2,
      "valid_turns": 1,
      "invalid_turns": 1,
      "valid_rate": 0.5
    },
    {
      "task_id": 171248093,
      "game_name": "liars_dice",
      "seed": 2103283761,
      "opponent": "mcts",
      "final_reward": 0.0,
      "total_turns": 1,
      "valid_turns": 1,
      "invalid_turns": 0,
      "valid_rate": 1.0
    },
    {
      "task_id": 110507041,
      "game_name": "liars_dice",
      "seed": 2116289029,
      "opponent": "mcts",
      "final_reward": 0.0,
      "total_turns": 1,
      "valid_turns": 0,
      "invalid_turns": 1,
      "valid_rate": 0.0
    },
    {
      "task_id": 156283322,
      "game_name": "liars_dice",
      "seed": 1546237658,
      "opponent": "mcts",
      "final_reward": 0.0,
      "total_turns": 1,
      "valid_turns": 0,
      "invalid_turns": 1,
      "valid_rate": 0.0
    },
    {
      "task_id": 132094239,
      "game_name": "liars_dice",
      "seed": 119781270,
      "opponent": "mcts",
      "final_reward": 0.0,
      "total_turns": 1,
      "valid_turns": 0,
      "invalid_turns": 1,
      "valid_rate": 0.0
    },
    {
      "task_id": 120586246,
      "game_name": "liars_dice",
      "seed": 2000388944,
      "opponent": "mcts",
      "final_reward": 0.0,
      "total_turns": 2,