{
  "step": 81,
  "timestamp": "2026-01-19T10:52:16.893420",
  "num_episodes": 19,
  "stats": {
    "objective/kl": 34.51082181930542,
    "objective/kl_coef": 0.05037923529744148,
    "objective/entropy": 113.48041152954102,
    "ppo/mean_non_score_reward": -0.21732405945658684,
    "ppo/mean_scores": -0.06235425639897585,
    "ppo/std_scores": 0.0,
    "tokens/queries_len_mean": 222.0625,
    "tokens/queries_len_std": 19.17165720462799,
    "tokens/responses_len_mean": 8.0,
    "tokens/responses_len_std": 0.0,
    "ppo/loss/policy": -0.01603293651714921,
    "ppo/loss/value": 2.3765187859535217,
    "ppo/loss/total": 0.22161895036697388,
    "ppo/policy/entropy": 1.6284562945365906,
    "ppo/policy/approxkl": 0.0015710029110778123,
    "ppo/policy/policykl": 0.002405273262411356,
    "ppo/policy/clipfrac": 0.015625,
    "ppo/policy/advantages_mean": 1.5366822481155396e-08,
    "ppo/returns/mean": -0.6806865185499191,
    "ppo/returns/var": 5.495336055755615,
    "ppo/val/vpred": -0.7857958525419235,
    "ppo/val/error": 4.7530375719070435,
    "ppo/val/clipfrac": 0.0,
    "ppo/val/mean": -0.7828832864761353,
    "ppo/val/var": 0.5314547270536423,
    "ppo/val/var_explained": 0.12541186809539795,
    "ppo/learning_rate": 5e-07,
    "time/ppo/forward_pass": 0.4175712466239929,
    "time/ppo/compute_rewards": 0.0008258819580078125,
    "time/ppo/compute_advantages": 0.017902791500091553,
    "time/ppo/optimize_step": 0.91362065076828,
    "time/ppo/calc_stats": 0.01089257001876831,
    "time/ppo/total": 1.3609071373939514,
    "mean_reward": 0.0,
    "mean_score": 0.0,
    "success_rate": 0.0,
    "num_samples": 16,
    "num_batches": 4,
    "total_valid_turns": 16,
    "total_invalid_turns": 10,
    "avg_valid_rate": 0.6052631578947368
  },
  "episodes_summary": [
    {
      "task_id": 143524543,
      "game_name": "liars_dice",
      "seed": 2077504762,
      "opponent": "mcts",
      "final_reward": 0.0,
      "total_turns": 2,
      "valid_turns": 1,
      "invalid_turns": 1,
      "valid_rate": 0.5
    },
    {
      "task_id": 177113286,
      "game_name": "liars_dice",
      "seed": 306234874,
      "opponent": "mcts",
      "final_reward": 0.0,
      "total_turns": 2,
      "valid_turns": 2,
      "invalid_turns": 0,
      "valid_rate": 1.0
    },
    {
      "task_id": 180039005,
      "game_name": "liars_dice",
      "seed": 289179892,
      "opponent": "mcts",
      "final_reward": 0.0,
      "total_turns": 2,
      "valid_turns": 1,
      "invalid_turns": 1,
      "valid_rate": 0.5
    },
    {
      "task_id": 136666118,
      "game_name": "liars_dice",
      "seed": 1046054071,
      "opponent": "mcts",
      "final_reward": 0.0,
      "total_turns": 1,
      "valid_turns": 0,
      "invalid_turns": 1,
      "valid_rate": 0.0
    },
    {
      "task_id": 176673331,
      "game_name": "liars_dice",
      "seed": 816056297,
      "opponent": "mcts",
      "final_reward": 0.0,
      "total_turns": 1,
      "valid_turns": 0,
      "invalid_turns": 1,
      "valid_rate": 0.0
    },
    {
      "task_id": 108390949,
      "game_name": "liars_dice",
      "seed": 1875675943,
      "opponent": "mcts",
      "final_reward": 0.0,
      "total_turns": 1,
      "valid_turns": 1,
      "invalid_turns": 0,
      "valid_rate": 1.0
    },
    {
      "task_id": 159981670,
      "game_name": "liars_dice",
      "seed": 140268272,
      "opponent": "mcts",
      "final_reward": 0.0,
      "total_turns": 2,
      "valid_turns": 2,
      "invalid_turns": 0,
      "valid_rate": 1.0
    },
    {
      "task_id": 166735835,
      "game_name": "liars_dice",
      "seed": 557102250,
      "opponent": "mcts",
      "final_reward": 0.0,
      "total_turns": 1,
      "valid_turns": 1,
      "invalid_turns": 0,
      "valid_rate": 1.0
    },
    {
      "task_id": 157032377,
      "game_name": "liars_dice",
      "seed": 562925406,
      "opponent": "mcts",
      "final_reward": 0.0,
      "total_turns": 2,
      "valid_turns": 1,
      "invalid_turns": 1,
      "valid_rate": 0.5
    },
    {
      "task_id": 110272651,
      "game_name": "liars_dice",
      "seed": 889065995,
      "opponent": "mcts",
      "final_reward": 0.0,
      "total_turns": 1,
      "valid_turns": 0,
      "invalid_turns": 1,
      "valid_rate": 0.0
    },
    {
      "task_id": 163498840,
      "game_name": "liars_dice",
      "seed": 390230494,
      "opponent": "mcts",
      "final_reward": 0.0,
      "total_turns": 2,
      "valid_turns": 1,
      "invalid_turns": 1,
      "valid_rate": 0.5
    },
    {
      "task_id": 168281162,
      "game_name": "liars_dice",
      "seed": 1988204613,
      "opponent": "mcts",
      "final_reward": 0.0,
      "total_turns": 1,
      "valid_turns": 1,
      "invalid_turns": 0,
      "valid_rate": 1.0
    },
    {
      "task_id": 180974708,
      "game_name": "liars_dice",
      "seed": 1608848942,
      "opponent": "mcts",
      "final_reward": 0.0,
      "total_turns": 1,
      "valid_turns": 1,
      "invalid_turns": 0,
      "valid_rate": 1.0
    },
    {
      "task_id": 166227014,
      "game_name": "liars_dice",
      "seed": 486047977,
      "opponent": "mcts",
      "final_reward": 0.0,
      "total_turns": 1,
      "valid_turns": 0,
      "invalid_turns": 1,
      "valid_rate": 0.0
    },
    {
      "task_id": 154071212,
      "game_name": "liars_dice",
      "seed": 933327217,
      "opponent": "mcts",
      "final_reward": 0.0,
      "total_turns": 1,
      "valid_turns": 1,
      "invalid_turns": 0,
      "valid_rate": 1.0
    },
    {
      "task_id": 178867255,
      "game_name": "liars_dice",
      "seed": 541056703,
      "opponent": "mcts",
      "final_reward": 0.0,
      "total_turns": 1,
      "valid_turns": 1,
      "invalid_turns": 0,
      "valid_rate": 1.0
    },
    {
      "task_id": 105245062,
      "game_name": "liars_dice",
      "seed": 13827912,
      "opponent": "mcts",
      "final_reward": 0.0,
      "total_turns": 1,
      "valid_turns": 1,
      "invalid_turns": 0,
      "valid_rate": 1.0
    },
    {
      "task_id": 104154750,
      "game_name": "liars_dice",
      "seed": 564977647,
      "opponent": "mcts",
      "final_reward": 0.0,
      "total_turns": 1,
      "valid_turns": 0,
      "invalid_turns": 1,
      "valid_rate": 0.0
    },
    {
      "task_id": 113573631,
      "game_name": "liars_dice",
      "seed": 454791818,
      "opponent": "mcts",
      "final_reward": 0.0,
      "total_turns": 2,
      "valid_turns": 1,
      "invalid_turns": 1,
      "valid_rate": 0.5
    }
  ],
  "aggregated": {
    "total_valid_turns": 16,
    "total_invalid_turns": 10,
    "avg_valid_rate": 0.6052631578947368,
    "games_played": {
      "liars_dice": 19
    },
    "success_count": 0,
    "failure_count": 19,
    "success_rate": 0.0
  }
}