{
  "step": 50,
  "timestamp": "2026-01-19T10:32:41.010340",
  "num_episodes": 20,
  "stats": {
    "objective/kl": 3.687117576599121,
    "objective/kl_coef": 0.05005066655576229,
    "objective/entropy": 86.35743141174316,
    "ppo/mean_non_score_reward": -0.02306817565113306,
    "ppo/mean_scores": -0.07955681346356869,
    "ppo/std_scores": 0.0,
    "tokens/queries_len_mean": 213.1875,
    "tokens/queries_len_std": 2.5084885954856873,
    "tokens/responses_len_mean": 8.0,
    "tokens/responses_len_std": 0.0,
    "ppo/loss/policy": -0.006182336248457432,
    "ppo/loss/value": 1.6648920774459839,
    "ppo/loss/total": 0.1603068746626377,
    "ppo/policy/entropy": 1.7455506324768066,
    "ppo/policy/approxkl": 0.0008370153373107314,
    "ppo/policy/policykl": 0.005939904018305242,
    "ppo/policy/clipfrac": 0.0078125,
    "ppo/policy/advantages_mean": -5.587935447692871e-09,
    "ppo/returns/mean": -0.7570938766002655,
    "ppo/returns/var": 2.417690336704254,
    "ppo/val/vpred": -0.13388272374868393,
    "ppo/val/error": 3.3297841548919678,
    "ppo/val/clipfrac": 0.0,
    "ppo/val/mean": -0.13112575933337212,
    "ppo/val/var": 0.3609899580478668,
    "ppo/val/var_explained": -0.4345954656600952,
    "ppo/learning_rate": 5e-07,
    "time/ppo/forward_pass": 0.40182000398635864,
    "time/ppo/compute_rewards": 0.0008178353309631348,
    "time/ppo/compute_advantages": 0.015937745571136475,
    "time/ppo/optimize_step": 0.875377893447876,
    "time/ppo/calc_stats": 0.0024637579917907715,
    "time/ppo/total": 1.2965108752250671,
    "mean_reward": 0.0,
    "mean_score": 0.0,
    "success_rate": 0.0,
    "num_samples": 16,
    "num_batches": 4,
    "total_valid_turns": 16,
    "total_invalid_turns": 6,
    "avg_valid_rate": 0.75
  },
  "episodes_summary": [
    {
      "task_id": 153308662,
      "game_name": "liars_dice",
      "seed": 1035543420,
      "opponent": "mcts",
      "final_reward": 0.0,
      "total_turns": 1,
      "valid_turns": 1,
      "invalid_turns": 0,
      "valid_rate": 1.0
    },
    {
      "task_id": 127118099,
      "game_name": "liars_dice",
      "seed": 785168782,
      "opponent": "mcts",
      "final_reward": 0.0,
      "total_turns": 1,
      "valid_turns": 1,
      "invalid_turns": 0,
      "valid_rate": 1.0
    },
    {
      "task_id": 105068147,
      "game_name": "liars_dice",
      "seed": 1761126010,
      "opponent": "mcts",
      "final_reward": 0.0,
      "total_turns": 1,
      "valid_turns": 1,
      "invalid_turns": 0,
      "valid_rate": 1.0
    },
    {
      "task_id": 190476032,
      "game_name": "liars_dice",
      "seed": 1256136582,
      "opponent": "mcts",
      "final_reward": 0.0,
      "total_turns": 1,
      "valid_turns": 1,
      "invalid_turns": 0,
      "valid_rate": 1.0
    },
    {
      "task_id": 113924567,
      "game_name": "liars_dice",
      "seed": 1327602915,
      "opponent": "mcts",
      "final_reward": 0.0,
      "total_turns": 1,
      "valid_turns": 1,
      "invalid_turns": 0,
      "valid_rate": 1.0
    },
    {
      "task_id": 175107999,
      "game_name": "liars_dice",
      "seed": 647145561,
      "opponent": "mcts",
      "final_reward": 0.0,
      "total_turns": 1,
      "valid_turns": 0,
      "invalid_turns": 1,
      "valid_rate": 0.0
    },
    {
      "task_id": 117499513,
      "game_name": "liars_dice",
      "seed": 703668994,
      "opponent": "mcts",
      "final_reward": 0.0,
      "total_turns": 1,
      "valid_turns": 1,
      "invalid_turns": 0,
      "valid_rate": 1.0
    },
    {
      "task_id": 108051694,
      "game_name": "liars_dice",
      "seed": 449892334,
      "opponent": "mcts",
      "final_reward": 0.0,
      "total_turns": 2,
      "valid_turns": 1,
      "invalid_turns": 1,
      "valid_rate": 0.5
    },
    {
      "task_id": 133618953,
      "game_name": "liars_dice",
      "seed": 1083980529,
      "opponent": "mcts",
      "final_reward": 0.0,
      "total_turns": 1,
      "valid_turns": 1,
      "invalid_turns": 0,
      "valid_rate": 1.0
    },
    {
      "task_id": 124927419,
      "game_name": "liars_dice",
      "seed": 262340787,
      "opponent": "mcts",
      "final_reward": 0.0,
      "total_turns": 1,
      "valid_turns": 1,
      "invalid_turns": 0,
      "valid_rate": 1.0
    },
    {
      "task_id": 159547955,
      "game_name": "liars_dice",
      "seed": 1593839522,
      "opponent": "mcts",
      "final_reward": 0.0,
      "total_turns": 1,
      "valid_turns": 1,
      "invalid_turns": 0,
      "valid_rate": 1.0
    },
    {
      "task_id": 163959120,
      "game_name": "liars_dice",
      "seed": 1119103992,
      "opponent": "mcts",
      "final_reward": 0.0,
      "total_turns": 1,
      "valid_turns": 1,
      "invalid_turns": 0,
      "valid_rate": 1.0
    },
    {
      "task_id": 114451377,
      "game_name": "liars_dice",
      "seed": 242998444,
      "opponent": "mcts",
      "final_reward": 0.0,
      "total_turns": 2,
      "valid_turns": 1,
      "invalid_turns": 1,
      "valid_rate": 0.5
    },
    {
      "task_id": 106326136,
      "game_name": "liars_dice",
      "seed": 1821720029,
      "opponent": "mcts",
      "final_reward": 0.0,
      "total_turns": 1,
      "valid_turns": 0,
      "invalid_turns": 1,
      "valid_rate": 0.0
    },
    {
      "task_id": 189846598,
      "game_name": "liars_dice",
      "seed": 983100180,
      "opponent": "mcts",
      "final_reward": 0.0,
      "total_turns": 1,
      "valid_turns": 1,
      "invalid_turns": 0,
      "valid_rate": 1.0
    },
    {
      "task_id": 152487813,
      "game_name": "liars_dice",
      "seed": 1811869597,
      "opponent": "mcts",
      "final_reward": 0.0,
      "total_turns": 1,
      "valid_turns": 1,
      "invalid_turns": 0,
      "valid_rate": 1.0
    },
    {
      "task_id": 179536540,
      "game_name": "liars_dice",
      "seed": 1074159570,
      "opponent": "mcts",
      "final_reward": 0.0,
      "total_turns": 1,
      "valid_turns": 0,
      "invalid_turns": 1,
      "valid_rate": 0.0
    },
    {
      "task_id": 197230524,
      "game_name": "liars_dice",
      "seed": 645347831,
      "opponent": "mcts",
      "final_reward": 0.0,
      "total_turns": 1,
      "valid_turns": 1,
      "invalid_turns": 0,
      "valid_rate": 1.0
    },
    {
      "task_id": 125180156,
      "game_name": "liars_dice",
      "seed": 541388527,
      "opponent": "mcts",
      "final_reward": 0.0,
      "total_turns": 1,
      "valid_turns": 0,
      "invalid_turns": 1,
      "valid_rate": 0.0
    },
    {
      "task_id": 103782739,
      "game_name": "liars_dice",
      "seed": 1600204180,
      "opponent": "mcts",
      "final_reward": 0.0,
      "total_turns": 1,
      "valid_turns": 1,
      "invalid_turns": 0,
      "valid_rate": 1.0
    }
  ],
  "aggregated": {
    "total_valid_turns": 16,
    "total_invalid_turns": 6,
    "avg_valid_rate": 0.75,
    "games_played": {
      "liars_dice": 20
    },
    "success_count": 0,
    "failure_count": 20,
    "success_rate": 0.0
  }
}