{
  "step": 71,
  "timestamp": "2026-01-19T10:45:57.926398",
  "num_episodes": 22,
  "stats": {
    "objective/kl": 26.658029079437256,
    "objective/kl_coef": 0.050218306481838226,
    "objective/entropy": 114.18726539611816,
    "ppo/mean_non_score_reward": -0.1673387810587883,
    "ppo/mean_scores": -0.06663741171360016,
    "ppo/std_scores": 0.0,
    "tokens/queries_len_mean": 227.75,
    "tokens/queries_len_std": 22.588502883911133,
    "tokens/responses_len_mean": 8.0,
    "tokens/responses_len_std": 0.0,
    "ppo/loss/policy": -0.009557909332215786,
    "ppo/loss/value": 2.0316008031368256,
    "ppo/loss/total": 0.19360217824578285,
    "ppo/policy/entropy": 1.418122947216034,
    "ppo/policy/approxkl": 0.001279039803193882,
    "ppo/policy/policykl": 0.011802493245340884,
    "ppo/policy/clipfrac": 0.0078125,
    "ppo/policy/advantages_mean": -1.955777406692505e-08,
    "ppo/returns/mean": -0.3878346160054207,
    "ppo/returns/var": 4.460779845714569,
    "ppo/val/vpred": -0.49586155265569687,
    "ppo/val/error": 4.063201606273651,
    "ppo/val/clipfrac": 0.0,
    "ppo/val/mean": -0.4925505593419075,
    "ppo/val/var": 0.42977601289749146,
    "ppo/val/var_explained": 0.08805343508720398,
    "ppo/learning_rate": 5e-07,
    "time/ppo/forward_pass": 0.41521531343460083,
    "time/ppo/compute_rewards": 0.0008408427238464355,
    "time/ppo/compute_advantages": 0.018580377101898193,
    "time/ppo/optimize_step": 0.9181810021400452,
    "time/ppo/calc_stats": 0.011963844299316406,
    "time/ppo/total": 1.3648755550384521,
    "mean_reward": 0.0,
    "mean_score": 0.0,
    "success_rate": 0.0,
    "num_samples": 17,
    "num_batches": 4,
    "total_valid_turns": 17,
    "total_invalid_turns": 12,
    "avg_valid_rate": 0.5227272727272727
  },
  "episodes_summary": [
    {
      "task_id": 157774591,
      "game_name": "liars_dice",
      "seed": 1671463330,
      "opponent": "mcts",
      "final_reward": 0.0,
      "total_turns": 2,
      "valid_turns": 1,
      "invalid_turns": 1,
      "valid_rate": 0.5
    },
    {
      "task_id": 183609376,
      "game_name": "liars_dice",
      "seed": 935981165,
      "opponent": "mcts",
      "final_reward": 0.0,
      "total_turns": 1,
      "valid_turns": 0,
      "invalid_turns": 1,
      "valid_rate": 0.0
    },
    {
      "task_id": 162056606,
      "game_name": "liars_dice",
      "seed": 568650533,
      "opponent": "mcts",
      "final_reward": 0.0,
      "total_turns": 1,
      "valid_turns": 0,
      "invalid_turns": 1,
      "valid_rate": 0.0
    },
    {
      "task_id": 160253897,
      "game_name": "liars_dice",
      "seed": 1756278856,
      "opponent": "mcts",
      "final_reward": 0.0,
      "total_turns": 1,
      "valid_turns": 1,
      "invalid_turns": 0,
      "valid_rate": 1.0
    },
    {
      "task_id": 134296210,
      "game_name": "liars_dice",
      "seed": 215666281,
      "opponent": "mcts",
      "final_reward": 0.0,
      "total_turns": 1,
      "valid_turns": 1,
      "invalid_turns": 0,
      "valid_rate": 1.0
    },
    {
      "task_id": 155369282,
      "game_name": "liars_dice",
      "seed": 748025475,
      "opponent": "mcts",
      "final_reward": 0.0,
      "total_turns": 1,
      "valid_turns": 0,
      "invalid_turns": 1,
      "valid_rate": 0.0
    },
    {
      "task_id": 175965603,
      "game_name": "liars_dice",
      "seed": 1082419814,
      "opponent": "mcts",
      "final_reward": 0.0,
      "total_turns": 1,
      "valid_turns": 0,
      "invalid_turns": 1,
      "valid_rate": 0.0
    },
    {
      "task_id": 104273194,
      "game_name": "liars_dice",
      "seed": 1171520044,
      "opponent": "mcts",
      "final_reward": 0.0,
      "total_turns": 2,
      "valid_turns": 2,
      "invalid_turns": 0,
      "valid_rate": 1.0
    },
    {
      "task_id": 195088139,
      "game_name": "liars_dice",
      "seed": 1285220252,
      "opponent": "mcts",
      "final_reward": 0.0,
      "total_turns": 1,
      "valid_turns": 1,
      "invalid_turns": 0,
      "valid_rate": 1.0
    },
    {
      "task_id": 150890561,
      "game_name": "liars_dice",
      "seed": 1747551113,
      "opponent": "mcts",
      "final_reward": 0.0,
      "total_turns": 1,
      "valid_turns": 1,
      "invalid_turns": 0,
      "valid_rate": 1.0
    },
    {
      "task_id": 193092311,
      "game_name": "liars_dice",
      "seed": 1068279638,
      "opponent": "mcts",
      "final_reward": 0.0,
      "total_turns": 2,
      "valid_turns": 1,
      "invalid_turns": 1,
      "valid_rate": 0.5
    },
    {
      "task_id": 168658596,
      "game_name": "liars_dice",
      "seed": 1904447334,
      "opponent": "mcts",
      "final_reward": 0.0,
      "total_turns": 2,
      "valid_turns": 1,
      "invalid_turns": 1,
      "valid_rate": 0.5
    },
    {
      "task_id": 142153854,
      "game_name": "liars_dice",
      "seed": 1940907095,
      "opponent": "mcts",
      "final_reward": 0.0,
      "total_turns": 1,
      "valid_turns": 0,
      "invalid_turns": 1,
      "valid_rate": 0.0
    },
    {
      "task_id": 176410148,
      "game_name": "liars_dice",
      "seed": 418892279,
      "opponent": "mcts",
      "final_reward": 0.0,
      "total_turns": 1,
      "valid_turns": 0,
      "invalid_turns": 1,
      "valid_rate": 0.0
    },
    {
      "task_id": 160750023,
      "game_name": "liars_dice",
      "seed": 498058008,
      "opponent": "mcts",
      "final_reward": 0.0,
      "total_turns": 1,
      "valid_turns": 1,
      "invalid_turns": 0,
      "valid_rate": 1.0
    },
    {
      "task_id": 174803002,
      "game_name": "liars_dice",
      "seed": 1304375585,
      "opponent": "mcts",
      "final_reward": 0.0,
      "total_turns": 1,
      "valid_turns": 1,
      "invalid_turns": 0,
      "valid_rate": 1.0
    },
    {
      "task_id": 187653434,
      "game_name": "liars_dice",
      "seed": 1464385586,
      "opponent": "mcts",
      "final_reward": 0.0,
      "total_turns": 2,
      "valid_turns": 2,
      "invalid_turns": 0,
      "valid_rate": 1.0
    },
    {
      "task_id": 176851904,
      "game_name": "liars_dice",
      "seed": 1440448181,
      "opponent": "mcts",
      "final_reward": 0.0,
      "total_turns": 1,
      "valid_turns": 0,
      "invalid_turns": 1,
      "valid_rate": 0.0
    },
    {
      "task_id": 166134300,
      "game_name": "liars_dice",
      "seed": 62438314,
      "opponent": "mcts",
      "final_reward": 0.0,
      "total_turns": 2,
      "valid_turns": 2,
      "invalid_turns": 0,
      "valid_rate": 1.0
    },
    {
      "task_id": 108359024,
      "game_name": "liars_dice",
      "seed": 585661581,
      "opponent": "mcts",
      "final_reward": 0.0,
      "total_turns": 1,
      "valid_turns": 0,
      "invalid_turns": 1,
      "valid_rate": 0.0
    },
    {
      "task_id": 117057507,
      "game_name": "liars_dice",
      "seed": 1028117471,
      "opponent": "mcts",
      "final_reward": 0.0,
      "total_turns": 1,
      "valid_turns": 0,
      "invalid_turns": 1,
      "valid_rate": 0.0
    },
    {
      "task_id": 131039394,
      "game_name": "liars_dice",
      "seed": 1465250976,
      "opponent": "mcts",
      "final_reward": 0.0,
      "total_turns": 2,
      "valid_turns": 2,
      "invalid_turns": 0,
      "valid_rate": 1.0
    }
  ],
  "aggregated": {
    "total_valid_turns": 17,
    "total_invalid_turns": 12,
    "avg_valid_rate": 0.5227272727272727,
    "games_played": {
      "liars_dice": 22
    },
    "success_count": 0,
    "failure_count": 22,
    "success_rate": 0.0
  }
}