{
  "step": 100,
  "timestamp": "2026-01-19T11:04:13.417940",
  "num_episodes": 19,
  "stats": {
    "objective/kl": 70.98904609680176,
    "objective/kl_coef": 0.05068642273545265,
    "objective/entropy": 133.98983192443848,
    "ppo/mean_non_score_reward": -0.4497743509709835,
    "ppo/mean_scores": -0.07099989615380764,
    "ppo/std_scores": 0.0,
    "tokens/queries_len_mean": 232.1875,
    "tokens/queries_len_std": 36.679969787597656,
    "tokens/responses_len_mean": 8.0,
    "tokens/responses_len_std": 0.0,
    "ppo/loss/policy": -0.019365851301699877,
    "ppo/loss/value": 2.3263713121414185,
    "ppo/loss/total": 0.213271277025342,
    "ppo/policy/entropy": 1.58632230758667,
    "ppo/policy/approxkl": 0.004653692536521703,
    "ppo/policy/policykl": 0.0036619938910007477,
    "ppo/policy/clipfrac": 0.046875,
    "ppo/policy/advantages_mean": -4.656612873077393e-10,
    "ppo/returns/mean": -1.5260905772447586,
    "ppo/returns/var": 6.2092137932777405,
    "ppo/val/vpred": -1.3958293795585632,
    "ppo/val/error": 4.652742624282837,
    "ppo/val/clipfrac": 0.0,
    "ppo/val/mean": -1.3928986191749573,
    "ppo/val/var": 0.7838160246610641,
    "ppo/val/var_explained": 0.17216643691062927,
    "ppo/learning_rate": 5e-07,
    "time/ppo/forward_pass": 0.42954206466674805,
    "time/ppo/compute_rewards": 0.0008180737495422363,
    "time/ppo/compute_advantages": 0.02145487070083618,
    "time/ppo/optimize_step": 0.9774561524391174,
    "time/ppo/calc_stats": 0.019221901893615723,
    "time/ppo/total": 1.4485893249511719,
    "mean_reward": 0.0,
    "mean_score": 0.0,
    "success_rate": 0.0,
    "num_samples": 16,
    "num_batches": 4,
    "total_valid_turns": 16,
    "total_invalid_turns": 10,
    "avg_valid_rate": 0.5526315789473685
  },
  "episodes_summary": [
    {
      "task_id": 106172858,
      "game_name": "liars_dice",
      "seed": 825485497,
      "opponent": "mcts",
      "final_reward": 0.0,
      "total_turns": 1,
      "valid_turns": 0,
      "invalid_turns": 1,
      "valid_rate": 0.0
    },
    {
      "task_id": 175437109,
      "game_name": "liars_dice",
      "seed": 316513476,
      "opponent": "mcts",
      "final_reward": 0.0,
      "total_turns": 1,
      "valid_turns": 1,
      "invalid_turns": 0,
      "valid_rate": 1.0
    },
    {
      "task_id": 124061706,
      "game_name": "liars_dice",
      "seed": 987506835,
      "opponent": "mcts",
      "final_reward": 0.0,
      "total_turns": 1,
      "valid_turns": 0,
      "invalid_turns": 1,
      "valid_rate": 0.0
    },
    {
      "task_id": 101691281,
      "game_name": "liars_dice",
      "seed": 1688067409,
      "opponent": "mcts",
      "final_reward": 0.0,
      "total_turns": 1,
      "valid_turns": 0,
      "invalid_turns": 1,
      "valid_rate": 0.0
    },
    {
      "task_id": 181804744,
      "game_name": "liars_dice",
      "seed": 1126004634,
      "opponent": "mcts",
      "final_reward": 0.0,
      "total_turns": 2,
      "valid_turns": 2,
      "invalid_turns": 0,
      "valid_rate": 1.0
    },
    {
      "task_id": 183605199,
      "game_name": "liars_dice",
      "seed": 1660849512,
      "opponent": "mcts",
      "final_reward": 0.0,
      "total_turns": 2,
      "valid_turns": 1,
      "invalid_turns": 1,
      "valid_rate": 0.5
    },
    {
      "task_id": 128240371,
      "game_name": "liars_dice",
      "seed": 381235546,
      "opponent": "mcts",
      "final_reward": 0.0,
      "total_turns": 2,
      "valid_turns": 2,
      "invalid_turns": 0,
      "valid_rate": 1.0
    },
    {
      "task_id": 120797929,
      "game_name": "liars_dice",
      "seed": 1734798392,
      "opponent": "mcts",
      "final_reward": 0.0,
      "total_turns": 1,
      "valid_turns": 0,
      "invalid_turns": 1,
      "valid_rate": 0.0
    },
    {
      "task_id": 141907572,
      "game_name": "liars_dice",
      "seed": 63793113,
      "opponent": "mcts",
      "final_reward": 0.0,
      "total_turns": 1,
      "valid_turns": 1,
      "invalid_turns": 0,
      "valid_rate": 1.0
    },
    {
      "task_id": 143079644,
      "game_name": "liars_dice",
      "seed": 944229662,
      "opponent": "mcts",
      "final_reward": 0.0,
      "total_turns": 1,
      "valid_turns": 1,
      "invalid_turns": 0,
      "valid_rate": 1.0
    },
    {
      "task_id": 152405458,
      "game_name": "liars_dice",
      "seed": 162788856,
      "opponent": "mcts",
      "final_reward": 0.0,
      "total_turns": 1,
      "valid_turns": 1,
      "invalid_turns": 0,
      "valid_rate": 1.0
    },
    {
      "task_id": 154346352,
      "game_name": "liars_dice",
      "seed": 590859152,
      "opponent": "mcts",
      "final_reward": 0.0,
      "total_turns": 2,
      "valid_turns": 2,
      "invalid_turns": 0,
      "valid_rate": 1.0
    },
    {
      "task_id": 149331794,
      "game_name": "liars_dice",
      "seed": 927393028,
      "opponent": "mcts",
      "final_reward": 0.0,
      "total_turns": 2,
      "valid_turns": 2,
      "invalid_turns": 0,
      "valid_rate": 1.0
    },
    {
      "task_id": 192978317,
      "game_name": "liars_dice",
      "seed": 1149864708,
      "opponent": "mcts",
      "final_reward": 0.0,
      "total_turns": 2,
      "valid_turns": 1,
      "invalid_turns": 1,
      "valid_rate": 0.5
    },
    {
      "task_id": 187889602,
      "game_name": "liars_dice",
      "seed": 1789081865,
      "opponent": "mcts",
      "final_reward": 0.0,
      "total_turns": 1,
      "valid_turns": 0,
      "invalid_turns": 1,
      "valid_rate": 0.0
    },
    {
      "task_id": 187415444,
      "game_name": "liars_dice",
      "seed": 1348575243,
      "opponent": "mcts",
      "final_reward": 0.0,
      "total_turns": 1,
      "valid_turns": 0,
      "invalid_turns": 1,
      "valid_rate": 0.0
    },
    {
      "task_id": 192210896,
      "game_name": "liars_dice",
      "seed": 1029731255,
      "opponent": "mcts",
      "final_reward": 0.0,
      "total_turns": 1,
      "valid_turns": 0,
      "invalid_turns": 1,
      "valid_rate": 0.0
    },
    {
      "task_id": 102901350,
      "game_name": "liars_dice",
      "seed": 1743965576,
      "opponent": "mcts",
      "final_reward": 0.0,
      "total_turns": 2,
      "valid_turns": 1,
      "invalid_turns": 1,
      "valid_rate": 0.5
    },
    {
      "task_id": 180163218,
      "game_name": "liars_dice",
      "seed": 330799472,
      "opponent": "mcts",
      "final_reward": 0.0,
      "total_turns": 1,
      "valid_turns": 1,
      "invalid_turns": 0,
      "valid_rate": 1.0
    }
  ],
  "aggregated": {
    "total_valid_turns": 16,
    "total_invalid_turns": 10,
    "avg_valid_rate": 0.5526315789473685,
    "games_played": {
      "liars_dice": 19
    },
    "success_count": 0,
    "failure_count": 19,
    "success_rate": 0.0
  }
}