{
  "step": 5,
  "timestamp": "2026-01-10T01:43:57.144678",
  "num_episodes": 16,
  "stats": {
    "objective/kl": 0.2113025188446045,
    "objective/kl_coef": 0.001,
    "objective/entropy": 54.415557861328125,
    "ppo/mean_non_score_reward": -7.683727744733915e-05,
    "ppo/mean_scores": 0.9730806350708008,
    "ppo/std_scores": 0.0,
    "tokens/queries_len_mean": 508.0,
    "tokens/queries_len_std": 0.0,
    "tokens/responses_len_mean": 2.75,
    "tokens/responses_len_std": 0.5,
    "ppo/loss/policy": -7.044184968663103e-08,
    "ppo/loss/value": 3.526759386062622,
    "ppo/loss/total": 0.3526758849620819,
    "ppo/policy/entropy": 0.21069492399692535,
    "ppo/policy/approxkl": 0.0,
    "ppo/policy/policykl": 0.0,
    "ppo/policy/clipfrac": 0.0,
    "ppo/policy/advantages_mean": 7.044184968663103e-08,
    "ppo/returns/mean": 0.8676513433456421,
    "ppo/returns/var": 0.010027785785496235,
    "ppo/val/vpred": -1.3904801607131958,
    "ppo/val/error": 7.053518772125244,
    "ppo/val/clipfrac": 0.0,
    "ppo/val/mean": -1.3904801607131958,
    "ppo/val/var": 2.129181385040283,
    "ppo/val/var_explained": -702.3974609375,
    "ppo/learning_rate": 5e-06,
    "time/ppo/forward_pass": 0.6366629600524902,
    "time/ppo/compute_rewards": 0.0007665157318115234,
    "time/ppo/compute_advantages": 0.038236141204833984,
    "time/ppo/optimize_step": 0.7343337535858154,
    "time/ppo/calc_stats": 0.034234046936035156,
    "time/ppo/total": 1.4442791938781738,
    "mean_reward": 1.0,
    "mean_score": 1.0,
    "success_rate": 1.0,
    "num_samples": 6,
    "num_batches": 1,
    "total_valid_turns": 6,
    "total_invalid_turns": 638,
    "avg_valid_rate": 0.03452743304297133
  },
  "episodes_summary": [
    {
      "task_id": 197382257,
      "game_name": "liars_dice",
      "seed": 560586626,
      "opponent": "random",
      "final_reward": 1.0,
      "total_turns": 6,
      "valid_turns": 1,
      "invalid_turns": 5,
      "valid_rate": 0.16666666666666666
    },
    {
      "task_id": 691068742,
      "game_name": "hex",
      "seed": 1793084754,
      "opponent": "random",
      "final_reward": 1.0,
      "total_turns": 33,
      "valid_turns": 1,
      "invalid_turns": 32,
      "valid_rate": 0.030303030303030304
    },
    {
      "task_id": 301918147,
      "game_name": "gin_rummy",
      "seed": 10125659,
      "opponent": "random",
      "final_reward": 0.5,
      "total_turns": 23,
      "valid_turns": 0,
      "invalid_turns": 23,
      "valid_rate": 0.0
    },
    {
      "task_id": 125563099,
      "game_name": "liars_dice",
      "seed": 510688338,
      "opponent": "random",
      "final_reward": 1.0,
      "total_turns": 4,
      "valid_turns": 1,
      "invalid_turns": 3,
      "valid_rate": 0.25
    },
    {
      "task_id": 340589594,
      "game_name": "gin_rummy",
      "seed": 1202516726,
      "opponent": "random",
      "final_reward": 0.5,
      "total_turns": 67,
      "valid_turns": 0,
      "invalid_turns": 67,
      "valid_rate": 0.0
    },
    {
      "task_id": 213446024,
      "game_name": "leduc_poker",
      "seed": 2042709959,
      "opponent": "random",
      "final_reward": 0.46153846153846156,
      "total_turns": 1,
      "valid_turns": 0,
      "invalid_turns": 1,
      "valid_rate": 0.0
    },
    {
      "task_id": 684240294,
      "game_name": "hex",
      "seed": 349375932,
      "opponent": "random",
      "final_reward": 1.0,
      "total_turns": 36,
      "valid_turns": 1,
      "invalid_turns": 35,
      "valid_rate": 0.027777777777777776
    },
    {
      "task_id": 578300211,
      "game_name": "backgammon",
      "seed": 1945526488,
      "opponent": "random",
      "final_reward": 0.0,
      "total_turns": 98,
      "valid_turns": 0,
      "invalid_turns": 98,
      "valid_rate": 0.0
    },
    {
      "task_id": 134425340,
      "game_name": "liars_dice",
      "seed": 573036909,
      "opponent": "random",
      "final_reward": 0.0,
      "total_turns": 4,
      "valid_turns": 0,
      "invalid_turns": 4,
      "valid_rate": 0.0
    },
    {
      "task_id": 515449714,
      "game_name": "backgammon",
      "seed": 663315337,
      "opponent": "random",
      "final_reward": 0.0,
      "total_turns": 69,
      "valid_turns": 0,
      "invalid_turns": 69,
      "valid_rate": 0.0
    },
    {
      "task_id": 515449714,
      "game_name": "backgammon",
      "seed": 79776130,
      "opponent": "random",
      "final_reward": 1.0,
      "total_turns": 56,
      "valid_turns": 0,
      "invalid_turns": 56,
      "valid_rate": 0.0
    },
    {
      "task_id": 578300211,
      "game_name": "backgammon",
      "seed": 883628285,
      "opponent": "random",
      "final_reward": 1.0,
      "total_turns": 61,
      "valid_turns": 0,
      "invalid_turns": 61,
      "valid_rate": 0.0
    },
    {
      "task_id": 549243651,
      "game_name": "backgammon",
      "seed": 180408077,
      "opponent": "random",
      "final_reward": 0.0,
      "total_turns": 43,
      "valid_turns": 0,
      "invalid_turns": 43,
      "valid_rate": 0.0
    },
    {
      "task_id": 795611025,
      "game_name": "clobber",
      "seed": 1969948437,
      "opponent": "random",
      "final_reward": 1.0,
      "total_turns": 17,
      "valid_turns": 1,
      "invalid_turns": 16,
      "valid_rate": 0.058823529411764705
    },
    {
      "task_id": 572199579,
      "game_name": "backgammon",
      "seed": 765742497,
      "opponent": "random",
      "final_reward": 1.0,
      "total_turns": 53,
      "valid_turns": 1,
      "invalid_turns": 52,
      "valid_rate": 0.018867924528301886
    },
    {
      "task_id": 302175538,
      "game_name": "gin_rummy",
      "seed": 1249987923,
      "opponent": "random",
      "final_reward": 0.5,
      "total_turns": 73,
      "valid_turns": 0,
      "invalid_turns": 73,
      "valid_rate": 0.0
    }
  ],
  "aggregated": {
    "total_valid_turns": 6,
    "total_invalid_turns": 638,
    "avg_valid_rate": 0.03452743304297133,
    "games_played": {
      "hex": 2,
      "backgammon": 6,
      "leduc_poker": 1,
      "gin_rummy": 3,
      "clobber": 1,
      "liars_dice": 3
    }
  }
}