{
  "step": 29,
  "timestamp": "2026-01-19T10:19:06.943373",
  "num_episodes": 25,
  "stats": {
    "objective/kl": 5.09215372800827,
    "objective/kl_coef": 0.050363355316221714,
    "objective/entropy": 69.90367698669434,
    "ppo/mean_non_score_reward": -0.03205722011625767,
    "ppo/mean_scores": -0.09376537054777145,
    "ppo/std_scores": 0.0,
    "tokens/queries_len_mean": 235.8125,
    "tokens/queries_len_std": 35.99240970611572,
    "tokens/responses_len_mean": 8.0,
    "tokens/responses_len_std": 0.0,
    "ppo/loss/policy": -0.005980670684948564,
    "ppo/loss/value": 0.9286966472864151,
    "ppo/loss/total": 0.08688899502158165,
    "ppo/policy/entropy": 1.4993465542793274,
    "ppo/policy/approxkl": 0.0005894163768971339,
    "ppo/policy/policykl": 0.001963093294762075,
    "ppo/policy/clipfrac": 0.00390625,
    "ppo/policy/advantages_mean": -6.984919309616089e-10,
    "ppo/returns/mean": -0.2411482036113739,
    "ppo/returns/var": 1.2481648623943329,
    "ppo/val/vpred": 0.26906848326325417,
    "ppo/val/error": 1.8573932945728302,
    "ppo/val/clipfrac": 0.0,
    "ppo/val/mean": 0.2704833149909973,
    "ppo/val/var": 0.35561636835336685,
    "ppo/val/var_explained": -0.5169534385204315,
    "ppo/learning_rate": 5e-07,
    "time/ppo/forward_pass": 0.42440569400787354,
    "time/ppo/compute_rewards": 0.0008572936058044434,
    "time/ppo/compute_advantages": 0.020672082901000977,
    "time/ppo/optimize_step": 0.9546493291854858,
    "time/ppo/calc_stats": 0.0195997953414917,
    "time/ppo/total": 1.42028146982193,
    "mean_reward": 0.0,
    "mean_score": 0.0,
    "success_rate": 0.0,
    "num_samples": 16,
    "num_batches": 4,
    "total_valid_turns": 16,
    "total_invalid_turns": 16,
    "avg_valid_rate": 0.42
  },
  "episodes_summary": [
    {
      "task_id": 107866874,
      "game_name": "liars_dice",
      "seed": 1490515674,
      "opponent": "mcts",
      "final_reward": 0.0,
      "total_turns": 2,
      "valid_turns": 2,
      "invalid_turns": 0,
      "valid_rate": 1.0
    },
    {
      "task_id": 152410217,
      "game_name": "liars_dice",
      "seed": 95230121,
      "opponent": "mcts",
      "final_reward": 0.0,
      "total_turns": 1,
      "valid_turns": 1,
      "invalid_turns": 0,
      "valid_rate": 1.0
    },
    {
      "task_id": 128494233,
      "game_name": "liars_dice",
      "seed": 382880359,
      "opponent": "mcts",
      "final_reward": 0.0,
      "total_turns": 1,
      "valid_turns": 0,
      "invalid_turns": 1,
      "valid_rate": 0.0
    },
    {
      "task_id": 133266826,
      "game_name": "liars_dice",
      "seed": 914821824,
      "opponent": "mcts",
      "final_reward": 0.0,
      "total_turns": 1,
      "valid_turns": 0,
      "invalid_turns": 1,
      "valid_rate": 0.0
    },
    {
      "task_id": 133618953,
      "game_name": "liars_dice",
      "seed": 1807455773,
      "opponent": "mcts",
      "final_reward": 0.0,
      "total_turns": 1,
      "valid_turns": 0,
      "invalid_turns": 1,
      "valid_rate": 0.0
    },
    {
      "task_id": 195402814,
      "game_name": "liars_dice",
      "seed": 1425448560,
      "opponent": "mcts",
      "final_reward": 0.0,
      "total_turns": 1,
      "valid_turns": 0,
      "invalid_turns": 1,
      "valid_rate": 0.0
    },
    {
      "task_id": 126901693,
      "game_name": "liars_dice",
      "seed": 1280928329,
      "opponent": "mcts",
      "final_reward": 0.0,
      "total_turns": 1,
      "valid_turns": 0,
      "invalid_turns": 1,
      "valid_rate": 0.0
    },
    {
      "task_id": 112242798,
      "game_name": "liars_dice",
      "seed": 1158260647,
      "opponent": "mcts",
      "final_reward": 0.0,
      "total_turns": 1,
      "valid_turns": 1,
      "invalid_turns": 0,
      "valid_rate": 1.0
    },
    {
      "task_id": 152152833,
      "game_name": "liars_dice",
      "seed": 1124523286,
      "opponent": "mcts",
      "final_reward": 0.0,
      "total_turns": 2,
      "valid_turns": 1,
      "invalid_turns": 1,
      "valid_rate": 0.5
    },
    {
      "task_id": 111366204,
      "game_name": "liars_dice",
      "seed": 1580215277,
      "opponent": "mcts",
      "final_reward": 0.0,
      "total_turns": 1,
      "valid_turns": 0,
      "invalid_turns": 1,
      "valid_rate": 0.0
    },
    {
      "task_id": 156341640,
      "game_name": "liars_dice",
      "seed": 112801547,
      "opponent": "mcts",
      "final_reward": 0.0,
      "total_turns": 1,
      "valid_turns": 0,
      "invalid_turns": 1,
      "valid_rate": 0.0
    },
    {
      "task_id": 106975189,
      "game_name": "liars_dice",
      "seed": 1225535783,
      "opponent": "mcts",
      "final_reward": 0.0,
      "total_turns": 1,
      "valid_turns": 0,
      "invalid_turns": 1,
      "valid_rate": 0.0
    },
    {
      "task_id": 162841648,
      "game_name": "liars_dice",
      "seed": 836040671,
      "opponent": "mcts",
      "final_reward": 0.0,
      "total_turns": 1,
      "valid_turns": 0,
      "invalid_turns": 1,
      "valid_rate": 0.0
    },
    {
      "task_id": 105787490,
      "game_name": "liars_dice",
      "seed": 32309979,
      "opponent": "mcts",
      "final_reward": 0.0,
      "total_turns": 1,
      "valid_turns": 1,
      "invalid_turns": 0,
      "valid_rate": 1.0
    },
    {
      "task_id": 156129512,
      "game_name": "liars_dice",
      "seed": 1653104524,
      "opponent": "mcts",
      "final_reward": 0.0,
      "total_turns": 2,
      "valid_turns": 2,
      "invalid_turns": 0,
      "valid_rate": 1.0
    },
    {
      "task_id": 165068354,
      "game_name": "liars_dice",
      "seed": 2022205330,
      "opponent": "mcts",
      "final_reward": 0.0,
      "total_turns": 2,
      "valid_turns": 2,
      "invalid_turns": 0,
      "valid_rate": 1.0
    },
    {
      "task_id": 188178973,
      "game_name": "liars_dice",
      "seed": 1735846711,
      "opponent": "mcts",
      "final_reward": 0.0,
      "total_turns": 1,
      "valid_turns": 0,
      "invalid_turns": 1,
      "valid_rate": 0.0
    },
    {
      "task_id": 106326136,
      "game_name": "liars_dice",
      "seed": 2136354456,
      "opponent": "mcts",
      "final_reward": 0.0,
      "total_turns": 1,
      "valid_turns": 1,
      "invalid_turns": 0,
      "valid_rate": 1.0
    },
    {
      "task_id": 105581612,
      "game_name": "liars_dice",
      "seed": 738680108,
      "opponent": "mcts",
      "final_reward": 0.0,
      "total_turns": 1,
      "valid_turns": 0,
      "invalid_turns": 1,
      "valid_rate": 0.0
    },
    {
      "task_id": 145484826,
      "game_name": "liars_dice",
      "seed": 1124053015,
      "opponent": "mcts",
      "final_reward": 0.0,
      "total_turns": 1,
      "valid_turns": 0,
      "invalid_turns": 1,
      "valid_rate": 0.0
    },
    {
      "task_id": 188254903,
      "game_name": "liars_dice",
      "seed": 134014838,
      "opponent": "mcts",
      "final_reward": 0.0,
      "total_turns": 1,
      "valid_turns": 1,
      "invalid_turns": 0,
      "valid_rate": 1.0
    },
    {
      "task_id": 183488053,
      "game_name": "liars_dice",
      "seed": 826946350,
      "opponent": "mcts",
      "final_reward": 0.0,
      "total_turns": 2,
      "valid_turns": 1,
      "invalid_turns": 1,
      "valid_rate": 0.5
    },
    {
      "task_id": 186029880,
      "game_name": "liars_dice",
      "seed": 532256361,
      "opponent": "mcts",
      "final_reward": 0.0,
      "total_turns": 1,
      "valid_turns": 0,
      "invalid_turns": 1,
      "valid_rate": 0.0
    },
    {
      "task_id": 122236518,
      "game_name": "liars_dice",
      "seed": 2028851654,
      "opponent": "mcts",
      "final_reward": 0.0,
      "total_turns": 2,
      "valid_turns": 2,
      "invalid_turns": 0,
      "valid_rate": 1.0
    },
    {
      "task_id": 157403261,
      "game_name": "liars_dice",
      "seed": 1874154588,
      "opponent": "mcts",
      "final_reward": 0.0,
      "total_turns": 2,
      "valid_turns": 1,