{
  "step": 74,
  "timestamp": "2026-01-19T10:47:41.842448",
  "num_episodes": 19,
  "stats": {
    "objective/kl": 32.0615017414093,
    "objective/kl_coef": 0.050266532227396965,
    "objective/entropy": 108.32404518127441,
    "ppo/mean_non_score_reward": -0.20145763456821442,
    "ppo/mean_scores": -0.06526090204715729,
    "ppo/std_scores": 0.0,
    "tokens/queries_len_mean": 217.1875,
    "tokens/queries_len_std": 12.284852504730225,
    "tokens/responses_len_mean": 8.0,
    "tokens/responses_len_std": 0.0,
    "ppo/loss/policy": -0.010188684798777103,
    "ppo/loss/value": 2.3286375999450684,
    "ppo/loss/total": 0.22267507016658783,
    "ppo/policy/entropy": 1.2260971665382385,
    "ppo/policy/approxkl": 0.0010353153920732439,
    "ppo/policy/policykl": 0.0028820516890846193,
    "ppo/policy/clipfrac": 0.0,
    "ppo/policy/advantages_mean": 9.313225746154785e-09,
    "ppo/returns/mean": -0.593044251203537,
    "ppo/returns/var": 4.990997076034546,
    "ppo/val/vpred": -0.6794102340936661,
    "ppo/val/error": 4.657275199890137,
    "ppo/val/clipfrac": 0.0,
    "ppo/val/mean": -0.6813903152942657,
    "ppo/val/var": 0.39358343183994293,
    "ppo/val/var_explained": 0.06476208567619324,
    "ppo/learning_rate": 5e-07,
    "time/ppo/forward_pass": 0.4066106677055359,
    "time/ppo/compute_rewards": 0.0008144378662109375,
    "time/ppo/compute_advantages": 0.01772838830947876,
    "time/ppo/optimize_step": 0.904077410697937,
    "time/ppo/calc_stats": 0.006780505180358887,
    "time/ppo/total": 1.336106777191162,
    "mean_reward": 0.0,
    "mean_score": 0.0,
    "success_rate": 0.0,
    "num_samples": 17,
    "num_batches": 4,
    "total_valid_turns": 17,
    "total_invalid_turns": 7,
    "avg_valid_rate": 0.7105263157894737
  },
  "episodes_summary": [
    {
      "task_id": 161388931,
      "game_name": "liars_dice",
      "seed": 1789614361,
      "opponent": "mcts",
      "final_reward": 0.0,
      "total_turns": 1,
      "valid_turns": 1,
      "invalid_turns": 0,
      "valid_rate": 1.0
    },
    {
      "task_id": 174699193,
      "game_name": "liars_dice",
      "seed": 964566073,
      "opponent": "mcts",
      "final_reward": 0.0,
      "total_turns": 1,
      "valid_turns": 1,
      "invalid_turns": 0,
      "valid_rate": 1.0
    },
    {
      "task_id": 164836875,
      "game_name": "liars_dice",
      "seed": 89941213,
      "opponent": "mcts",
      "final_reward": 0.0,
      "total_turns": 1,
      "valid_turns": 1,
      "invalid_turns": 0,
      "valid_rate": 1.0
    },
    {
      "task_id": 168724998,
      "game_name": "liars_dice",
      "seed": 1724071948,
      "opponent": "mcts",
      "final_reward": 0.0,
      "total_turns": 2,
      "valid_turns": 1,
      "invalid_turns": 1,
      "valid_rate": 0.5
    },
    {
      "task_id": 130817494,
      "game_name": "liars_dice",
      "seed": 1782091608,
      "opponent": "mcts",
      "final_reward": 0.0,
      "total_turns": 2,
      "valid_turns": 2,
      "invalid_turns": 0,
      "valid_rate": 1.0
    },
    {
      "task_id": 119588730,
      "game_name": "liars_dice",
      "seed": 216111398,
      "opponent": "mcts",
      "final_reward": 0.0,
      "total_turns": 1,
      "valid_turns": 1,
      "invalid_turns": 0,
      "valid_rate": 1.0
    },
    {
      "task_id": 178649777,
      "game_name": "liars_dice",
      "seed": 17398190,
      "opponent": "mcts",
      "final_reward": 0.0,
      "total_turns": 1,
      "valid_turns": 1,
      "invalid_turns": 0,
      "valid_rate": 1.0
    },
    {
      "task_id": 139436964,
      "game_name": "liars_dice",
      "seed": 494740578,
      "opponent": "mcts",
      "final_reward": 0.0,
      "total_turns": 1,
      "valid_turns": 1,
      "invalid_turns": 0,
      "valid_rate": 1.0
    },
    {
      "task_id": 125771906,
      "game_name": "liars_dice",
      "seed": 1064007466,
      "opponent": "mcts",
      "final_reward": 0.0,
      "total_turns": 2,
      "valid_turns": 1,
      "invalid_turns": 1,
      "valid_rate": 0.5
    },
    {
      "task_id": 144015490,
      "game_name": "liars_dice",
      "seed": 1444035187,
      "opponent": "mcts",
      "final_reward": 0.0,
      "total_turns": 1,
      "valid_turns": 0,
      "invalid_turns": 1,
      "valid_rate": 0.0
    },
    {
      "task_id": 111003895,
      "game_name": "liars_dice",
      "seed": 1585655148,
      "opponent": "mcts",
      "final_reward": 0.0,
      "total_turns": 2,
      "valid_turns": 1,
      "invalid_turns": 1,
      "valid_rate": 0.5
    },
    {
      "task_id": 186422764,
      "game_name": "liars_dice",
      "seed": 1667306773,
      "opponent": "mcts",
      "final_reward": 0.0,
      "total_turns": 1,
      "valid_turns": 0,
      "invalid_turns": 1,
      "valid_rate": 0.0
    },
    {
      "task_id": 114727236,
      "game_name": "liars_dice",
      "seed": 1399846988,
      "opponent": "mcts",
      "final_reward": 0.0,
      "total_turns": 1,
      "valid_turns": 1,
      "invalid_turns": 0,
      "valid_rate": 1.0
    },
    {
      "task_id": 146301280,
      "game_name": "liars_dice",
      "seed": 208810951,
      "opponent": "mcts",
      "final_reward": 0.0,
      "total_turns": 1,
      "valid_turns": 0,
      "invalid_turns": 1,
      "valid_rate": 0.0
    },
    {
      "task_id": 163675117,
      "game_name": "liars_dice",
      "seed": 154953070,
      "opponent": "mcts",
      "final_reward": 0.0,
      "total_turns": 1,
      "valid_turns": 1,
      "invalid_turns": 0,
      "valid_rate": 1.0
    },
    {
      "task_id": 114442823,
      "game_name": "liars_dice",
      "seed": 1603435323,
      "opponent": "mcts",
      "final_reward": 0.0,
      "total_turns": 1,
      "valid_turns": 0,
      "invalid_turns": 1,
      "valid_rate": 0.0
    },
    {
      "task_id": 123028050,
      "game_name": "liars_dice",
      "seed": 1949829414,
      "opponent": "mcts",
      "final_reward": 0.0,
      "total_turns": 1,
      "valid_turns": 1,
      "invalid_turns": 0,
      "valid_rate": 1.0
    },
    {
      "task_id": 187289294,
      "game_name": "liars_dice",
      "seed": 1047423045,
      "opponent": "mcts",
      "final_reward": 0.0,
      "total_turns": 1,
      "valid_turns": 1,
      "invalid_turns": 0,
      "valid_rate": 1.0
    },
    {
      "task_id": 197770919,
      "game_name": "liars_dice",
      "seed": 1783162292,
      "opponent": "mcts",
      "final_reward": 0.0,
      "total_turns": 2,
      "valid_turns": 2,
      "invalid_turns": 0,
      "valid_rate": 1.0
    }
  ],
  "aggregated": {
    "total_valid_turns": 17,
    "total_invalid_turns": 7,
    "avg_valid_rate": 0.7105263157894737,
    "games_played": {
      "liars_dice": 19
    },
    "success_count": 0,
    "failure_count": 19,
    "success_rate": 0.0
  }
}