{
  "step": 9,
  "timestamp": "2026-01-19T10:04:50.746532",
  "num_episodes": 25,
  "stats": {
    "objective/kl": 10.575388431549072,
    "objective/kl_coef": 0.05010882019996643,
    "objective/entropy": 73.33837509155273,
    "ppo/mean_non_score_reward": -0.06623947340995073,
    "ppo/mean_scores": -0.12087585777044296,
    "ppo/std_scores": 0.0,
    "tokens/queries_len_mean": 218.5625,
    "tokens/queries_len_std": 13.078363418579102,
    "tokens/responses_len_mean": 8.0,
    "tokens/responses_len_std": 0.0,
    "ppo/loss/policy": -0.002613097196444869,
    "ppo/loss/value": 1.1997198462486267,
    "ppo/loss/total": 0.11735889129340649,
    "ppo/policy/entropy": 2.1643302738666534,
    "ppo/policy/approxkl": 0.0004283220914658159,
    "ppo/policy/policykl": 0.0007240105769596994,
    "ppo/policy/clipfrac": 0.0,
    "ppo/policy/advantages_mean": 1.3737007975578308e-08,
    "ppo/returns/mean": 0.4467768892645836,
    "ppo/returns/var": 1.258682906627655,
    "ppo/val/vpred": 0.42568038403987885,
    "ppo/val/error": 2.3994396924972534,
    "ppo/val/clipfrac": 0.0,
    "ppo/val/mean": 0.42889389395713806,
    "ppo/val/var": 0.9075624942779541,
    "ppo/val/var_explained": -0.9772452414035797,
    "ppo/learning_rate": 5e-07,
    "time/ppo/forward_pass": 0.41031110286712646,
    "time/ppo/compute_rewards": 0.0008237957954406738,
    "time/ppo/compute_advantages": 0.01781439781188965,
    "time/ppo/optimize_step": 0.9050873517990112,
    "time/ppo/calc_stats": 0.006857037544250488,
    "time/ppo/total": 1.3409815430641174,
    "mean_reward": 0.0,
    "mean_score": 0.0,
    "success_rate": 0.0,
    "num_samples": 16,
    "num_batches": 4,
    "total_valid_turns": 16,
    "total_invalid_turns": 12,
    "avg_valid_rate": 0.56
  },
  "episodes_summary": [
    {
      "task_id": 123162782,
      "game_name": "liars_dice",
      "seed": 1780950047,
      "opponent": "mcts",
      "final_reward": 0.0,
      "total_turns": 1,
      "valid_turns": 0,
      "invalid_turns": 1,
      "valid_rate": 0.0
    },
    {
      "task_id": 133389840,
      "game_name": "liars_dice",
      "seed": 936580772,
      "opponent": "mcts",
      "final_reward": 0.0,
      "total_turns": 1,
      "valid_turns": 1,
      "invalid_turns": 0,
      "valid_rate": 1.0
    },
    {
      "task_id": 152507238,
      "game_name": "liars_dice",
      "seed": 27656350,
      "opponent": "mcts",
      "final_reward": 0.0,
      "total_turns": 1,
      "valid_turns": 1,
      "invalid_turns": 0,
      "valid_rate": 1.0
    },
    {
      "task_id": 106680064,
      "game_name": "liars_dice",
      "seed": 523100789,
      "opponent": "mcts",
      "final_reward": 0.0,
      "total_turns": 1,
      "valid_turns": 1,
      "invalid_turns": 0,
      "valid_rate": 1.0
    },
    {
      "task_id": 115870482,
      "game_name": "liars_dice",
      "seed": 1541483785,
      "opponent": "mcts",
      "final_reward": 0.0,
      "total_turns": 1,
      "valid_turns": 0,
      "invalid_turns": 1,
      "valid_rate": 0.0
    },
    {
      "task_id": 144964705,
      "game_name": "liars_dice",
      "seed": 1211898446,
      "opponent": "mcts",
      "final_reward": 0.0,
      "total_turns": 2,
      "valid_turns": 1,
      "invalid_turns": 1,
      "valid_rate": 0.5
    },
    {
      "task_id": 159957555,
      "game_name": "liars_dice",
      "seed": 1031376651,
      "opponent": "mcts",
      "final_reward": 0.0,
      "total_turns": 1,
      "valid_turns": 1,
      "invalid_turns": 0,
      "valid_rate": 1.0
    },
    {
      "task_id": 175350493,
      "game_name": "liars_dice",
      "seed": 1320781672,
      "opponent": "mcts",
      "final_reward": 0.0,
      "total_turns": 1,
      "valid_turns": 1,
      "invalid_turns": 0,
      "valid_rate": 1.0
    },
    {
      "task_id": 150089642,
      "game_name": "liars_dice",
      "seed": 2062742530,
      "opponent": "mcts",
      "final_reward": 0.0,
      "total_turns": 1,
      "valid_turns": 0,
      "invalid_turns": 1,
      "valid_rate": 0.0
    },
    {
      "task_id": 108905975,
      "game_name": "liars_dice",
      "seed": 736081703,
      "opponent": "mcts",
      "final_reward": 0.0,
      "total_turns": 1,
      "valid_turns": 1,
      "invalid_turns": 0,
      "valid_rate": 1.0
    },
    {
      "task_id": 174249853,
      "game_name": "liars_dice",
      "seed": 66566661,
      "opponent": "mcts",
      "final_reward": 0.0,
      "total_turns": 1,
      "valid_turns": 0,
      "invalid_turns": 1,
      "valid_rate": 0.0
    },
    {
      "task_id": 149256195,
      "game_name": "liars_dice",
      "seed": 108604231,
      "opponent": "mcts",
      "final_reward": 0.0,
      "total_turns": 1,
      "valid_turns": 1,
      "invalid_turns": 0,
      "valid_rate": 1.0
    },
    {
      "task_id": 120836380,
      "game_name": "liars_dice",
      "seed": 759199420,
      "opponent": "mcts",
      "final_reward": 0.0,
      "total_turns": 2,
      "valid_turns": 2,
      "invalid_turns": 0,
      "valid_rate": 1.0
    },
    {
      "task_id": 118197343,
      "game_name": "liars_dice",
      "seed": 886928932,
      "opponent": "mcts",
      "final_reward": 0.0,
      "total_turns": 1,
      "valid_turns": 1,
      "invalid_turns": 0,
      "valid_rate": 1.0
    },
    {
      "task_id": 176436732,
      "game_name": "liars_dice",
      "seed": 916794873,
      "opponent": "mcts",
      "final_reward": 0.0,
      "total_turns": 1,
      "valid_turns": 0,
      "invalid_turns": 1,
      "valid_rate": 0.0
    },
    {
      "task_id": 161132180,
      "game_name": "liars_dice",
      "seed": 567488036,
      "opponent": "mcts",
      "final_reward": 0.0,
      "total_turns": 1,
      "valid_turns": 1,
      "invalid_turns": 0,
      "valid_rate": 1.0
    },
    {
      "task_id": 147440920,
      "game_name": "liars_dice",
      "seed": 569258030,
      "opponent": "mcts",
      "final_reward": 0.0,
      "total_turns": 1,
      "valid_turns": 0,
      "invalid_turns": 1,
      "valid_rate": 0.0
    },
    {
      "task_id": 182680371,
      "game_name": "liars_dice",
      "seed": 111731247,
      "opponent": "mcts",
      "final_reward": 0.0,
      "total_turns": 1,
      "valid_turns": 0,
      "invalid_turns": 1,
      "valid_rate": 0.0
    },
    {
      "task_id": 165659196,
      "game_name": "liars_dice",
      "seed": 1956799556,
      "opponent": "mcts",
      "final_reward": 0.0,
      "total_turns": 1,
      "valid_turns": 0,
      "invalid_turns": 1,
      "valid_rate": 0.0
    },
    {
      "task_id": 174560961,
      "game_name": "liars_dice",
      "seed": 700239593,
      "opponent": "mcts",
      "final_reward": 0.0,
      "total_turns": 1,
      "valid_turns": 0,
      "invalid_turns": 1,
      "valid_rate": 0.0
    },
    {
      "task_id": 198968331,
      "game_name": "liars_dice",
      "seed": 2065514569,
      "opponent": "mcts",
      "final_reward": 0.0,
      "total_turns": 1,
      "valid_turns": 1,
      "invalid_turns": 0,
      "valid_rate": 1.0
    },
    {
      "task_id": 134783638,
      "game_name": "liars_dice",
      "seed": 590318683,
      "opponent": "mcts",
      "final_reward": 0.0,
      "total_turns": 1,
      "valid_turns": 1,
      "invalid_turns": 0,
      "valid_rate": 1.0
    },
    {
      "task_id": 142469260,
      "game_name": "liars_dice",
      "seed": 1252962834,
      "opponent": "mcts",
      "final_reward": 0.0,
      "total_turns": 1,
      "valid_turns": 1,
      "invalid_turns": 0,
      "valid_rate": 1.0
    },
    {
      "task_id": 128006329,
      "game_name": "liars_dice",
      "seed": 164445151,
      "opponent": "mcts",
      "final_reward": 0.0,
      "total_turns": 1,
      "valid_turns": 0,
      "invalid_turns": 1,
      "valid_rate": 0.0
    },
    {
      "task_id": 146058876,
      "game_name": "liars_dice",
      "seed": 1894918522,
      "opponent": "mcts",
      "final_reward": 0.0,
      "total_turns": 2,
      "valid_turns": 1,