{
  "step": 30,
  "timestamp": "2026-01-19T10:19:51.337830",
  "num_episodes": 28,
  "stats": {
    "objective/kl": 5.823337912559509,
    "objective/kl_coef": 0.050356242805719376,
    "objective/entropy": 74.79203414916992,
    "ppo/mean_non_score_reward": -0.03665499947965145,
    "ppo/mean_scores": -0.0921587236225605,
    "ppo/std_scores": 0.0,
    "tokens/queries_len_mean": 223.6875,
    "tokens/queries_len_std": 20.905280113220215,
    "tokens/responses_len_mean": 8.0,
    "tokens/responses_len_std": 0.0,
    "ppo/loss/policy": -0.001185939647257328,
    "ppo/loss/value": 0.8322765380144119,
    "ppo/loss/total": 0.08204171620309353,
    "ppo/policy/entropy": 1.9986932277679443,
    "ppo/policy/approxkl": 0.0004638673854060471,
    "ppo/policy/policykl": 0.0002797454362735152,
    "ppo/policy/clipfrac": 0.00390625,
    "ppo/policy/advantages_mean": 2.421438694000244e-08,
    "ppo/returns/mean": 0.04659467935562134,
    "ppo/returns/var": 1.437055766582489,
    "ppo/val/vpred": 0.1907033221796155,
    "ppo/val/error": 1.6645530760288239,
    "ppo/val/clipfrac": 0.0,
    "ppo/val/mean": 0.1912825177423656,
    "ppo/val/var": 0.36570025980472565,
    "ppo/val/var_explained": -0.17615996301174164,
    "ppo/learning_rate": 5e-07,
    "time/ppo/forward_pass": 0.42243748903274536,
    "time/ppo/compute_rewards": 0.0008136630058288574,
    "time/ppo/compute_advantages": 0.01893073320388794,
    "time/ppo/optimize_step": 0.9272428154945374,
    "time/ppo/calc_stats": 0.011292457580566406,
    "time/ppo/total": 1.380807876586914,
    "mean_reward": 0.0,
    "mean_score": 0.0,
    "success_rate": 0.0,
    "num_samples": 16,
    "num_batches": 4,
    "total_valid_turns": 16,
    "total_invalid_turns": 17,
    "avg_valid_rate": 0.4642857142857143
  },
  "episodes_summary": [
    {
      "task_id": 155047219,
      "game_name": "liars_dice",
      "seed": 1566077047,
      "opponent": "mcts",
      "final_reward": 0.0,
      "total_turns": 1,
      "valid_turns": 1,
      "invalid_turns": 0,
      "valid_rate": 1.0
    },
    {
      "task_id": 174844796,
      "game_name": "liars_dice",
      "seed": 1944891113,
      "opponent": "mcts",
      "final_reward": 0.0,
      "total_turns": 1,
      "valid_turns": 0,
      "invalid_turns": 1,
      "valid_rate": 0.0
    },
    {
      "task_id": 155328130,
      "game_name": "liars_dice",
      "seed": 66799808,
      "opponent": "mcts",
      "final_reward": 0.0,
      "total_turns": 1,
      "valid_turns": 1,
      "invalid_turns": 0,
      "valid_rate": 1.0
    },
    {
      "task_id": 187856533,
      "game_name": "liars_dice",
      "seed": 2061607502,
      "opponent": "mcts",
      "final_reward": 0.0,
      "total_turns": 2,
      "valid_turns": 0,
      "invalid_turns": 2,
      "valid_rate": 0.0
    },
    {
      "task_id": 133886336,
      "game_name": "liars_dice",
      "seed": 415017505,
      "opponent": "mcts",
      "final_reward": 0.0,
      "total_turns": 1,
      "valid_turns": 0,
      "invalid_turns": 1,
      "valid_rate": 0.0
    },
    {
      "task_id": 180635601,
      "game_name": "liars_dice",
      "seed": 731941412,
      "opponent": "mcts",
      "final_reward": 0.0,
      "total_turns": 2,
      "valid_turns": 2,
      "invalid_turns": 0,
      "valid_rate": 1.0
    },
    {
      "task_id": 174880403,
      "game_name": "liars_dice",
      "seed": 1449024231,
      "opponent": "mcts",
      "final_reward": 0.0,
      "total_turns": 1,
      "valid_turns": 0,
      "invalid_turns": 1,
      "valid_rate": 0.0
    },
    {
      "task_id": 165068354,
      "game_name": "liars_dice",
      "seed": 620401046,
      "opponent": "mcts",
      "final_reward": 0.0,
      "total_turns": 1,
      "valid_turns": 1,
      "invalid_turns": 0,
      "valid_rate": 1.0
    },
    {
      "task_id": 105433721,
      "game_name": "liars_dice",
      "seed": 1457296619,
      "opponent": "mcts",
      "final_reward": 0.0,
      "total_turns": 1,
      "valid_turns": 0,
      "invalid_turns": 1,
      "valid_rate": 0.0
    },
    {
      "task_id": 126628341,
      "game_name": "liars_dice",
      "seed": 1042651350,
      "opponent": "mcts",
      "final_reward": 0.0,
      "total_turns": 1,
      "valid_turns": 1,
      "invalid_turns": 0,
      "valid_rate": 1.0
    },
    {
      "task_id": 135101639,
      "game_name": "liars_dice",
      "seed": 735329952,
      "opponent": "mcts",
      "final_reward": 0.0,
      "total_turns": 2,
      "valid_turns": 1,
      "invalid_turns": 1,
      "valid_rate": 0.5
    },
    {
      "task_id": 101993693,
      "game_name": "liars_dice",
      "seed": 443472255,
      "opponent": "mcts",
      "final_reward": 0.0,
      "total_turns": 1,
      "valid_turns": 0,
      "invalid_turns": 1,
      "valid_rate": 0.0
    },
    {
      "task_id": 175350493,
      "game_name": "liars_dice",
      "seed": 1415750029,
      "opponent": "mcts",
      "final_reward": 0.0,
      "total_turns": 1,
      "valid_turns": 0,
      "invalid_turns": 1,
      "valid_rate": 0.0
    },
    {
      "task_id": 173118203,
      "game_name": "liars_dice",
      "seed": 494084689,
      "opponent": "mcts",
      "final_reward": 0.0,
      "total_turns": 1,
      "valid_turns": 0,
      "invalid_turns": 1,
      "valid_rate": 0.0
    },
    {
      "task_id": 112418305,
      "game_name": "liars_dice",
      "seed": 439619285,
      "opponent": "mcts",
      "final_reward": 0.0,
      "total_turns": 1,
      "valid_turns": 0,
      "invalid_turns": 1,
      "valid_rate": 0.0
    },
    {
      "task_id": 199386665,
      "game_name": "liars_dice",
      "seed": 261675173,
      "opponent": "mcts",
      "final_reward": 0.0,
      "total_turns": 1,
      "valid_turns": 1,
      "invalid_turns": 0,
      "valid_rate": 1.0
    },
    {
      "task_id": 115959280,
      "game_name": "liars_dice",
      "seed": 477873864,
      "opponent": "mcts",
      "final_reward": 0.0,
      "total_turns": 1,
      "valid_turns": 1,
      "invalid_turns": 0,
      "valid_rate": 1.0
    },
    {
      "task_id": 122222974,
      "game_name": "liars_dice",
      "seed": 711743179,
      "opponent": "mcts",
      "final_reward": 0.0,
      "total_turns": 1,
      "valid_turns": 0,
      "invalid_turns": 1,
      "valid_rate": 0.0
    },
    {
      "task_id": 159036620,
      "game_name": "liars_dice",
      "seed": 117051828,
      "opponent": "mcts",
      "final_reward": 0.0,
      "total_turns": 2,
      "valid_turns": 1,
      "invalid_turns": 1,
      "valid_rate": 0.5
    },
    {
      "task_id": 116468688,
      "game_name": "liars_dice",
      "seed": 431405339,
      "opponent": "mcts",
      "final_reward": 0.0,
      "total_turns": 1,
      "valid_turns": 0,
      "invalid_turns": 1,
      "valid_rate": 0.0
    },
    {
      "task_id": 128005900,
      "game_name": "liars_dice",
      "seed": 1101624103,
      "opponent": "mcts",
      "final_reward": 0.0,
      "total_turns": 1,
      "valid_turns": 0,
      "invalid_turns": 1,
      "valid_rate": 0.0
    },
    {
      "task_id": 162158344,
      "game_name": "liars_dice",
      "seed": 1580625349,
      "opponent": "mcts",
      "final_reward": 0.0,
      "total_turns": 1,
      "valid_turns": 1,
      "invalid_turns": 0,
      "valid_rate": 1.0
    },
    {
      "task_id": 132229757,
      "game_name": "liars_dice",
      "seed": 35942160,
      "opponent": "mcts",
      "final_reward": 0.0,
      "total_turns": 1,
      "valid_turns": 1,
      "invalid_turns": 0,
      "valid_rate": 1.0
    },
    {
      "task_id": 138022624,
      "game_name": "liars_dice",
      "seed": 1489549957,
      "opponent": "mcts",
      "final_reward": 0.0,
      "total_turns": 1,
      "valid_turns": 1,
      "invalid_turns": 0,
      "valid_rate": 1.0
    },
    {
      "task_id": 184407536,
      "game_name": "liars_dice",
      "seed": 2008141345,
      "opponent": "mcts",
      "final_reward": 0.0,
      "total_turns": 1,