{
  "step": 62,
  "timestamp": "2026-01-19T10:40:06.880905",
  "num_episodes": 16,
  "stats": {
    "objective/kl": 20.022452116012573,
    "objective/kl_coef": 0.050081921741366386,
    "objective/entropy": 96.23584938049316,
    "ppo/mean_non_score_reward": -0.12534928787499666,
    "ppo/mean_scores": -0.07135635986924171,
    "ppo/std_scores": 0.0,
    "tokens/queries_len_mean": 231.5625,
    "tokens/queries_len_std": 31.71647357940674,
    "tokens/responses_len_mean": 8.0,
    "tokens/responses_len_std": 0.0,
    "ppo/loss/policy": -0.015349413733929396,
    "ppo/loss/value": 2.1393045783042908,
    "ppo/loss/total": 0.1985810473561287,
    "ppo/policy/entropy": 1.0172149986028671,
    "ppo/policy/approxkl": 0.002704086888115853,
    "ppo/policy/policykl": 0.01942359167151153,
    "ppo/policy/clipfrac": 0.0234375,
    "ppo/policy/advantages_mean": 0.0,
    "ppo/returns/mean": -0.446166655048728,
    "ppo/returns/var": 4.03957211971283,
    "ppo/val/vpred": -0.2344686072319746,
    "ppo/val/error": 4.2786091566085815,
    "ppo/val/clipfrac": 0.0,
    "ppo/val/mean": -0.23154597356915474,
    "ppo/val/var": 0.3455324172973633,
    "ppo/val/var_explained": -0.06952820718288422,
    "ppo/learning_rate": 5e-07,
    "time/ppo/forward_pass": 0.43684595823287964,
    "time/ppo/compute_rewards": 0.0008544325828552246,
    "time/ppo/compute_advantages": 0.020313560962677002,
    "time/ppo/optimize_step": 0.9755443334579468,
    "time/ppo/calc_stats": 0.015392124652862549,
    "time/ppo/total": 1.4490492939949036,
    "mean_reward": 0.0,
    "mean_score": 0.0,
    "success_rate": 0.0,
    "num_samples": 16,
    "num_batches": 4,
    "total_valid_turns": 16,
    "total_invalid_turns": 7,
    "avg_valid_rate": 0.65625
  },
  "episodes_summary": [
    {
      "task_id": 133332804,
      "game_name": "liars_dice",
      "seed": 1800955614,
      "opponent": "mcts",
      "final_reward": 0.0,
      "total_turns": 1,
      "valid_turns": 1,
      "invalid_turns": 0,
      "valid_rate": 1.0
    },
    {
      "task_id": 127788800,
      "game_name": "liars_dice",
      "seed": 1279674845,
      "opponent": "mcts",
      "final_reward": 0.0,
      "total_turns": 1,
      "valid_turns": 1,
      "invalid_turns": 0,
      "valid_rate": 1.0
    },
    {
      "task_id": 118972892,
      "game_name": "liars_dice",
      "seed": 1296123360,
      "opponent": "mcts",
      "final_reward": 0.0,
      "total_turns": 2,
      "valid_turns": 1,
      "invalid_turns": 1,
      "valid_rate": 0.5
    },
    {
      "task_id": 121461243,
      "game_name": "liars_dice",
      "seed": 1011131557,
      "opponent": "mcts",
      "final_reward": 0.0,
      "total_turns": 1,
      "valid_turns": 1,
      "invalid_turns": 0,
      "valid_rate": 1.0
    },
    {
      "task_id": 185575271,
      "game_name": "liars_dice",
      "seed": 1397468370,
      "opponent": "mcts",
      "final_reward": 0.0,
      "total_turns": 2,
      "valid_turns": 2,
      "invalid_turns": 0,
      "valid_rate": 1.0
    },
    {
      "task_id": 179153161,
      "game_name": "liars_dice",
      "seed": 671455825,
      "opponent": "mcts",
      "final_reward": 0.0,
      "total_turns": 1,
      "valid_turns": 0,
      "invalid_turns": 1,
      "valid_rate": 0.0
    },
    {
      "task_id": 197388718,
      "game_name": "liars_dice",
      "seed": 2122188672,
      "opponent": "mcts",
      "final_reward": 0.0,
      "total_turns": 2,
      "valid_turns": 2,
      "invalid_turns": 0,
      "valid_rate": 1.0
    },
    {
      "task_id": 125697992,
      "game_name": "liars_dice",
      "seed": 564320672,
      "opponent": "mcts",
      "final_reward": 0.0,
      "total_turns": 1,
      "valid_turns": 1,
      "invalid_turns": 0,
      "valid_rate": 1.0
    },
    {
      "task_id": 100409526,
      "game_name": "liars_dice",
      "seed": 1321312573,
      "opponent": "mcts",
      "final_reward": 0.0,
      "total_turns": 1,
      "valid_turns": 0,
      "invalid_turns": 1,
      "valid_rate": 0.0
    },
    {
      "task_id": 126510786,
      "game_name": "liars_dice",
      "seed": 602870044,
      "opponent": "mcts",
      "final_reward": 0.0,
      "total_turns": 2,
      "valid_turns": 2,
      "invalid_turns": 0,
      "valid_rate": 1.0
    },
    {
      "task_id": 140933668,
      "game_name": "liars_dice",
      "seed": 583563303,
      "opponent": "mcts",
      "final_reward": 0.0,
      "total_turns": 1,
      "valid_turns": 0,
      "invalid_turns": 1,
      "valid_rate": 0.0
    },
    {
      "task_id": 148207285,
      "game_name": "liars_dice",
      "seed": 1390107673,
      "opponent": "mcts",
      "final_reward": 0.0,
      "total_turns": 1,
      "valid_turns": 0,
      "invalid_turns": 1,
      "valid_rate": 0.0
    },
    {
      "task_id": 146988754,
      "game_name": "liars_dice",
      "seed": 1936742976,
      "opponent": "mcts",
      "final_reward": 0.0,
      "total_turns": 2,
      "valid_turns": 1,
      "invalid_turns": 1,
      "valid_rate": 0.5
    },
    {
      "task_id": 123820243,
      "game_name": "liars_dice",
      "seed": 1949490364,
      "opponent": "mcts",
      "final_reward": 0.0,
      "total_turns": 1,
      "valid_turns": 1,
      "invalid_turns": 0,
      "valid_rate": 1.0
    },
    {
      "task_id": 146214295,
      "game_name": "liars_dice",
      "seed": 1801675166,
      "opponent": "mcts",
      "final_reward": 0.0,
      "total_turns": 2,
      "valid_turns": 2,
      "invalid_turns": 0,
      "valid_rate": 1.0
    },
    {
      "task_id": 165836180,
      "game_name": "liars_dice",
      "seed": 264915980,
      "opponent": "mcts",
      "final_reward": 0.0,
      "total_turns": 2,
      "valid_turns": 1,
      "invalid_turns": 1,
      "valid_rate": 0.5
    }
  ],
  "aggregated": {
    "total_valid_turns": 16,
    "total_invalid_turns": 7,
    "avg_valid_rate": 0.65625,
    "games_played": {
      "liars_dice": 16
    },
    "success_count": 0,
    "failure_count": 16,
    "success_rate": 0.0
  }
}