{
  "step": 88,
  "timestamp": "2026-01-19T10:56:29.004547",
  "num_episodes": 21,
  "stats": {
    "objective/kl": 76.53787803649902,
    "objective/kl_coef": 0.050492193549871445,
    "objective/entropy": 151.1299171447754,
    "ppo/mean_non_score_reward": -0.4830789342522621,
    "ppo/mean_scores": -0.06553581915795803,
    "ppo/std_scores": 0.0,
    "tokens/queries_len_mean": 218.625,
    "tokens/queries_len_std": 9.25,
    "tokens/responses_len_mean": 8.0,
    "tokens/responses_len_std": 0.0,
    "ppo/loss/policy": -0.020372805185616016,
    "ppo/loss/value": 2.6277741193771362,
    "ppo/loss/total": 0.24240460991859436,
    "ppo/policy/entropy": 1.306325625628233,
    "ppo/policy/approxkl": 0.003989880002336577,
    "ppo/policy/policykl": 0.016456512501463294,
    "ppo/policy/clipfrac": 0.046875,
    "ppo/policy/advantages_mean": 2.1420419216156006e-08,
    "ppo/returns/mean": -1.5953037738800049,
    "ppo/returns/var": 6.4557294845581055,
    "ppo/val/vpred": -1.0725609511137009,
    "ppo/val/error": 5.2555482387542725,
    "ppo/val/clipfrac": 0.0,
    "ppo/val/mean": -1.0662809759378433,
    "ppo/val/var": 0.603477381169796,
    "ppo/val/var_explained": 0.18265847861766815,
    "ppo/learning_rate": 5e-07,
    "time/ppo/forward_pass": 0.4146943688392639,
    "time/ppo/compute_rewards": 0.0008167624473571777,
    "time/ppo/compute_advantages": 0.01730060577392578,
    "time/ppo/optimize_step": 0.9015588760375977,
    "time/ppo/calc_stats": 0.007176399230957031,
    "time/ppo/total": 1.341640293598175,
    "mean_reward": 0.0,
    "mean_score": 0.0,
    "success_rate": 0.0,
    "num_samples": 16,
    "num_batches": 4,
    "total_valid_turns": 16,
    "total_invalid_turns": 10,
    "avg_valid_rate": 0.6190476190476191
  },
  "episodes_summary": [
    {
      "task_id": 153401708,
      "game_name": "liars_dice",
      "seed": 1611326930,
      "opponent": "mcts",
      "final_reward": 0.0,
      "total_turns": 2,
      "valid_turns": 1,
      "invalid_turns": 1,
      "valid_rate": 0.5
    },
    {
      "task_id": 191892382,
      "game_name": "liars_dice",
      "seed": 1898022492,
      "opponent": "mcts",
      "final_reward": 0.0,
      "total_turns": 2,
      "valid_turns": 1,
      "invalid_turns": 1,
      "valid_rate": 0.5
    },
    {
      "task_id": 151819203,
      "game_name": "liars_dice",
      "seed": 1958145663,
      "opponent": "mcts",
      "final_reward": 0.0,
      "total_turns": 1,
      "valid_turns": 0,
      "invalid_turns": 1,
      "valid_rate": 0.0
    },
    {
      "task_id": 140064883,
      "game_name": "liars_dice",
      "seed": 540588165,
      "opponent": "mcts",
      "final_reward": 0.0,
      "total_turns": 1,
      "valid_turns": 1,
      "invalid_turns": 0,
      "valid_rate": 1.0
    },
    {
      "task_id": 123685174,
      "game_name": "liars_dice",
      "seed": 920276349,
      "opponent": "mcts",
      "final_reward": 0.0,
      "total_turns": 1,
      "valid_turns": 0,
      "invalid_turns": 1,
      "valid_rate": 0.0
    },
    {
      "task_id": 184644955,
      "game_name": "liars_dice",
      "seed": 1495429320,
      "opponent": "mcts",
      "final_reward": 0.0,
      "total_turns": 1,
      "valid_turns": 1,
      "invalid_turns": 0,
      "valid_rate": 1.0
    },
    {
      "task_id": 170068690,
      "game_name": "liars_dice",
      "seed": 783201116,
      "opponent": "mcts",
      "final_reward": 0.0,
      "total_turns": 1,
      "valid_turns": 1,
      "invalid_turns": 0,
      "valid_rate": 1.0
    },
    {
      "task_id": 129818755,
      "game_name": "liars_dice",
      "seed": 959766588,
      "opponent": "mcts",
      "final_reward": 0.0,
      "total_turns": 1,
      "valid_turns": 1,
      "invalid_turns": 0,
      "valid_rate": 1.0
    },
    {
      "task_id": 185127043,
      "game_name": "liars_dice",
      "seed": 772532328,
      "opponent": "mcts",
      "final_reward": 0.0,
      "total_turns": 2,
      "valid_turns": 1,
      "invalid_turns": 1,
      "valid_rate": 0.5
    },
    {
      "task_id": 139093509,
      "game_name": "liars_dice",
      "seed": 405558171,
      "opponent": "mcts",
      "final_reward": 0.0,
      "total_turns": 1,
      "valid_turns": 1,
      "invalid_turns": 0,
      "valid_rate": 1.0
    },
    {
      "task_id": 137111090,
      "game_name": "liars_dice",
      "seed": 1832405976,
      "opponent": "mcts",
      "final_reward": 0.0,
      "total_turns": 1,
      "valid_turns": 0,
      "invalid_turns": 1,
      "valid_rate": 0.0
    },
    {
      "task_id": 176269001,
      "game_name": "liars_dice",
      "seed": 1078411160,
      "opponent": "mcts",
      "final_reward": 0.0,
      "total_turns": 1,
      "valid_turns": 1,
      "invalid_turns": 0,
      "valid_rate": 1.0
    },
    {
      "task_id": 164670058,
      "game_name": "liars_dice",
      "seed": 1445216100,
      "opponent": "mcts",
      "final_reward": 0.0,
      "total_turns": 1,
      "valid_turns": 1,
      "invalid_turns": 0,
      "valid_rate": 1.0
    },
    {
      "task_id": 156789154,
      "game_name": "liars_dice",
      "seed": 1183570800,
      "opponent": "mcts",
      "final_reward": 0.0,
      "total_turns": 1,
      "valid_turns": 0,
      "invalid_turns": 1,
      "valid_rate": 0.0
    },
    {
      "task_id": 111764515,
      "game_name": "liars_dice",
      "seed": 980253310,
      "opponent": "mcts",
      "final_reward": 0.0,
      "total_turns": 2,
      "valid_turns": 2,
      "invalid_turns": 0,
      "valid_rate": 1.0
    },
    {
      "task_id": 165053560,
      "game_name": "liars_dice",
      "seed": 1176386281,
      "opponent": "mcts",
      "final_reward": 0.0,
      "total_turns": 1,
      "valid_turns": 0,
      "invalid_turns": 1,
      "valid_rate": 0.0
    },
    {
      "task_id": 188033748,
      "game_name": "liars_dice",
      "seed": 751116852,
      "opponent": "mcts",
      "final_reward": 0.0,
      "total_turns": 1,
      "valid_turns": 1,
      "invalid_turns": 0,
      "valid_rate": 1.0
    },
    {
      "task_id": 132654171,
      "game_name": "liars_dice",
      "seed": 379121892,
      "opponent": "mcts",
      "final_reward": 0.0,
      "total_turns": 2,
      "valid_turns": 1,
      "invalid_turns": 1,
      "valid_rate": 0.5
    },
    {
      "task_id": 122371300,
      "game_name": "liars_dice",
      "seed": 1572588035,
      "opponent": "mcts",
      "final_reward": 0.0,
      "total_turns": 1,
      "valid_turns": 0,
      "invalid_turns": 1,
      "valid_rate": 0.0
    },
    {
      "task_id": 158184912,
      "game_name": "liars_dice",
      "seed": 1323940624,
      "opponent": "mcts",
      "final_reward": 0.0,
      "total_turns": 1,
      "valid_turns": 1,
      "invalid_turns": 0,
      "valid_rate": 1.0
    },
    {
      "task_id": 119455150,
      "game_name": "liars_dice",
      "seed": 1564882294,
      "opponent": "mcts",
      "final_reward": 0.0,
      "total_turns": 1,
      "valid_turns": 1,
      "invalid_turns": 0,
      "valid_rate": 1.0
    }
  ],
  "aggregated": {
    "total_valid_turns": 16,
    "total_invalid_turns": 10,
    "avg_valid_rate": 0.6190476190476191,
    "games_played": {
      "liars_dice": 21
    },
    "success_count": 0,
    "failure_count": 21,
    "success_rate": 0.0
  }
}