{
  "step": 79,
  "timestamp": "2026-01-19T10:50:57.695914",
  "num_episodes": 23,
  "stats": {
    "objective/kl": 31.355300903320312,
    "objective/kl_coef": 0.05034700967371464,
    "objective/entropy": 110.90799522399902,
    "ppo/mean_non_score_reward": -0.19733387604355812,
    "ppo/mean_scores": -0.06314484588801861,
    "ppo/std_scores": 0.0,
    "tokens/queries_len_mean": 221.125,
    "tokens/queries_len_std": 14.980538368225098,
    "tokens/responses_len_mean": 8.0,
    "tokens/responses_len_std": 0.0,
    "ppo/loss/policy": -0.011277330107986927,
    "ppo/loss/value": 1.844696968793869,
    "ppo/loss/total": 0.1731923744082451,
    "ppo/policy/entropy": 1.6009823381900787,
    "ppo/policy/approxkl": 0.0014505901199299842,
    "ppo/policy/policykl": 0.013736784225329757,
    "ppo/policy/clipfrac": 0.0078125,
    "ppo/policy/advantages_mean": 1.6763806343078613e-08,
    "ppo/returns/mean": -0.41817014664411545,
    "ppo/returns/var": 4.445683836936951,
    "ppo/val/vpred": -0.7211568802595139,
    "ppo/val/error": 3.689393937587738,
    "ppo/val/clipfrac": 0.0,
    "ppo/val/mean": -0.7217206060886383,
    "ppo/val/var": 0.5344828888773918,
    "ppo/val/var_explained": 0.17093084752559662,
    "ppo/learning_rate": 5e-07,
    "time/ppo/forward_pass": 0.4092601537704468,
    "time/ppo/compute_rewards": 0.0008620023727416992,
    "time/ppo/compute_advantages": 0.01733618974685669,
    "time/ppo/optimize_step": 0.8952907919883728,
    "time/ppo/calc_stats": 0.0072509050369262695,
    "time/ppo/total": 1.3300955295562744,
    "mean_reward": 0.0,
    "mean_score": 0.0,
    "success_rate": 0.0,
    "num_samples": 16,
    "num_batches": 4,
    "total_valid_turns": 16,
    "total_invalid_turns": 14,
    "avg_valid_rate": 0.5
  },
  "episodes_summary": [
    {
      "task_id": 159526364,
      "game_name": "liars_dice",
      "seed": 516799788,
      "opponent": "mcts",
      "final_reward": 0.0,
      "total_turns": 2,
      "valid_turns": 1,
      "invalid_turns": 1,
      "valid_rate": 0.5
    },
    {
      "task_id": 111046175,
      "game_name": "liars_dice",
      "seed": 151505427,
      "opponent": "mcts",
      "final_reward": 0.0,
      "total_turns": 1,
      "valid_turns": 0,
      "invalid_turns": 1,
      "valid_rate": 0.0
    },
    {
      "task_id": 130226610,
      "game_name": "liars_dice",
      "seed": 1183697246,
      "opponent": "mcts",
      "final_reward": 0.0,
      "total_turns": 1,
      "valid_turns": 0,
      "invalid_turns": 1,
      "valid_rate": 0.0
    },
    {
      "task_id": 101044851,
      "game_name": "liars_dice",
      "seed": 2053611722,
      "opponent": "mcts",
      "final_reward": 0.0,
      "total_turns": 2,
      "valid_turns": 1,
      "invalid_turns": 1,
      "valid_rate": 0.5
    },
    {
      "task_id": 193710385,
      "game_name": "liars_dice",
      "seed": 1778682489,
      "opponent": "mcts",
      "final_reward": 0.0,
      "total_turns": 1,
      "valid_turns": 1,
      "invalid_turns": 0,
      "valid_rate": 1.0
    },
    {
      "task_id": 166624283,
      "game_name": "liars_dice",
      "seed": 2031993028,
      "opponent": "mcts",
      "final_reward": 0.0,
      "total_turns": 1,
      "valid_turns": 0,
      "invalid_turns": 1,
      "valid_rate": 0.0
    },
    {
      "task_id": 111142935,
      "game_name": "liars_dice",
      "seed": 492891750,
      "opponent": "mcts",
      "final_reward": 0.0,
      "total_turns": 2,
      "valid_turns": 2,
      "invalid_turns": 0,
      "valid_rate": 1.0
    },
    {
      "task_id": 193601314,
      "game_name": "liars_dice",
      "seed": 326160588,
      "opponent": "mcts",
      "final_reward": 0.0,
      "total_turns": 2,
      "valid_turns": 2,
      "invalid_turns": 0,
      "valid_rate": 1.0
    },
    {
      "task_id": 159221190,
      "game_name": "liars_dice",
      "seed": 293407511,
      "opponent": "mcts",
      "final_reward": 0.0,
      "total_turns": 1,
      "valid_turns": 0,
      "invalid_turns": 1,
      "valid_rate": 0.0
    },
    {
      "task_id": 186283062,
      "game_name": "liars_dice",
      "seed": 97284257,
      "opponent": "mcts",
      "final_reward": 0.0,
      "total_turns": 1,
      "valid_turns": 0,
      "invalid_turns": 1,
      "valid_rate": 0.0
    },
    {
      "task_id": 119021581,
      "game_name": "liars_dice",
      "seed": 1766050345,
      "opponent": "mcts",
      "final_reward": 0.0,
      "total_turns": 1,
      "valid_turns": 0,
      "invalid_turns": 1,
      "valid_rate": 0.0
    },
    {
      "task_id": 122371300,
      "game_name": "liars_dice",
      "seed": 1441120729,
      "opponent": "mcts",
      "final_reward": 0.0,
      "total_turns": 1,
      "valid_turns": 1,
      "invalid_turns": 0,
      "valid_rate": 1.0
    },
    {
      "task_id": 177759507,
      "game_name": "liars_dice",
      "seed": 2065237548,
      "opponent": "mcts",
      "final_reward": 0.0,
      "total_turns": 2,
      "valid_turns": 1,
      "invalid_turns": 1,
      "valid_rate": 0.5
    },
    {
      "task_id": 149060356,
      "game_name": "liars_dice",
      "seed": 684387170,
      "opponent": "mcts",
      "final_reward": 0.0,
      "total_turns": 1,
      "valid_turns": 1,
      "invalid_turns": 0,
      "valid_rate": 1.0
    },
    {
      "task_id": 144571449,
      "game_name": "liars_dice",
      "seed": 160493903,
      "opponent": "mcts",
      "final_reward": 0.0,
      "total_turns": 1,
      "valid_turns": 1,
      "invalid_turns": 0,
      "valid_rate": 1.0
    },
    {
      "task_id": 140126543,
      "game_name": "liars_dice",
      "seed": 1339655483,
      "opponent": "mcts",
      "final_reward": 0.0,
      "total_turns": 1,
      "valid_turns": 0,
      "invalid_turns": 1,
      "valid_rate": 0.0
    },
    {
      "task_id": 178557397,
      "game_name": "liars_dice",
      "seed": 890580154,
      "opponent": "mcts",
      "final_reward": 0.0,
      "total_turns": 2,
      "valid_turns": 1,
      "invalid_turns": 1,
      "valid_rate": 0.5
    },
    {
      "task_id": 136172094,
      "game_name": "liars_dice",
      "seed": 1718008738,
      "opponent": "mcts",
      "final_reward": 0.0,
      "total_turns": 2,
      "valid_turns": 1,
      "invalid_turns": 1,
      "valid_rate": 0.5
    },
    {
      "task_id": 149624033,
      "game_name": "liars_dice",
      "seed": 1640392910,
      "opponent": "mcts",
      "final_reward": 0.0,
      "total_turns": 1,
      "valid_turns": 1,
      "invalid_turns": 0,
      "valid_rate": 1.0
    },
    {
      "task_id": 155379385,
      "game_name": "liars_dice",
      "seed": 342258349,
      "opponent": "mcts",
      "final_reward": 0.0,
      "total_turns": 1,
      "valid_turns": 0,
      "invalid_turns": 1,
      "valid_rate": 0.0
    },
    {
      "task_id": 138837405,
      "game_name": "liars_dice",
      "seed": 2035482871,
      "opponent": "mcts",
      "final_reward": 0.0,
      "total_turns": 1,
      "valid_turns": 0,
      "invalid_turns": 1,
      "valid_rate": 0.0
    },
    {
      "task_id": 108417032,
      "game_name": "liars_dice",
      "seed": 77478640,
      "opponent": "mcts",
      "final_reward": 0.0,
      "total_turns": 1,
      "valid_turns": 1,
      "invalid_turns": 0,
      "valid_rate": 1.0
    },
    {
      "task_id": 136821941,
      "game_name": "liars_dice",
      "seed": 1440100251,
      "opponent": "mcts",
      "final_reward": 0.0,
      "total_turns": 1,
      "valid_turns": 1,
      "invalid_turns": 0,
      "valid_rate": 1.0
    }
  ],
  "aggregated": {
    "total_valid_turns": 16,
    "total_invalid_turns": 14,
    "avg_valid_rate": 0.5,
    "games_played": {
      "liars_dice": 23
    },
    "success_count": 0,
    "failure_count": 23,
    "success_rate": 0.0
  }
}