{
  "step": 90,
  "timestamp": "2026-01-19T10:57:44.547741",
  "num_episodes": 24,
  "stats": {
    "objective/kl": 50.16565418243408,
    "objective/kl_coef": 0.05052451230585575,
    "objective/entropy": 128.15518379211426,
    "ppo/mean_non_score_reward": -0.3168320059776306,
    "ppo/mean_scores": -0.06479786150157452,
    "ppo/std_scores": 0.0,
    "tokens/queries_len_mean": 223.0625,
    "tokens/queries_len_std": 20.633574098348618,
    "tokens/responses_len_mean": 8.0,
    "tokens/responses_len_std": 0.0,
    "ppo/loss/policy": -0.006726033985614777,
    "ppo/loss/value": 2.04815810918808,
    "ppo/loss/total": 0.19808978959918022,
    "ppo/policy/entropy": 2.23762646317482,
    "ppo/policy/approxkl": 0.0026342993951402605,
    "ppo/policy/policykl": 0.007880483637563884,
    "ppo/policy/clipfrac": 0.0234375,
    "ppo/policy/advantages_mean": 6.05359673500061e-09,
    "ppo/returns/mean": -0.9743330329656601,
    "ppo/returns/var": 5.0951913595199585,
    "ppo/val/vpred": -0.9660896509885788,
    "ppo/val/error": 4.09631621837616,
    "ppo/val/clipfrac": 0.0,
    "ppo/val/mean": -0.9687862396240234,
    "ppo/val/var": 0.6946724206209183,
    "ppo/val/var_explained": 0.17294909060001373,
    "ppo/learning_rate": 5e-07,
    "time/ppo/forward_pass": 0.41743433475494385,
    "time/ppo/compute_rewards": 0.000818789005279541,
    "time/ppo/compute_advantages": 0.018157660961151123,
    "time/ppo/optimize_step": 0.9244672060012817,
    "time/ppo/calc_stats": 0.01096266508102417,
    "time/ppo/total": 1.3719354271888733,
    "mean_reward": 0.0,
    "mean_score": 0.0,
    "success_rate": 0.0,
    "num_samples": 16,
    "num_batches": 4,
    "total_valid_turns": 16,
    "total_invalid_turns": 13,
    "avg_valid_rate": 0.5416666666666666
  },
  "episodes_summary": [
    {
      "task_id": 159306006,
      "game_name": "liars_dice",
      "seed": 1119058507,
      "opponent": "mcts",
      "final_reward": 0.0,
      "total_turns": 1,
      "valid_turns": 0,
      "invalid_turns": 1,
      "valid_rate": 0.0
    },
    {
      "task_id": 191110882,
      "game_name": "liars_dice",
      "seed": 488283811,
      "opponent": "mcts",
      "final_reward": 0.0,
      "total_turns": 1,
      "valid_turns": 1,
      "invalid_turns": 0,
      "valid_rate": 1.0
    },
    {
      "task_id": 144919565,
      "game_name": "liars_dice",
      "seed": 1696069455,
      "opponent": "mcts",
      "final_reward": 0.0,
      "total_turns": 1,
      "valid_turns": 0,
      "invalid_turns": 1,
      "valid_rate": 0.0
    },
    {
      "task_id": 171695803,
      "game_name": "liars_dice",
      "seed": 2529836,
      "opponent": "mcts",
      "final_reward": 0.0,
      "total_turns": 2,
      "valid_turns": 2,
      "invalid_turns": 0,
      "valid_rate": 1.0
    },
    {
      "task_id": 133516149,
      "game_name": "liars_dice",
      "seed": 1739800783,
      "opponent": "mcts",
      "final_reward": 0.0,
      "total_turns": 1,
      "valid_turns": 0,
      "invalid_turns": 1,
      "valid_rate": 0.0
    },
    {
      "task_id": 107719790,
      "game_name": "liars_dice",
      "seed": 681365885,
      "opponent": "mcts",
      "final_reward": 0.0,
      "total_turns": 1,
      "valid_turns": 0,
      "invalid_turns": 1,
      "valid_rate": 0.0
    },
    {
      "task_id": 139023854,
      "game_name": "liars_dice",
      "seed": 2074513523,
      "opponent": "mcts",
      "final_reward": 0.0,
      "total_turns": 1,
      "valid_turns": 0,
      "invalid_turns": 1,
      "valid_rate": 0.0
    },
    {
      "task_id": 140055008,
      "game_name": "liars_dice",
      "seed": 434660725,
      "opponent": "mcts",
      "final_reward": 0.0,
      "total_turns": 1,
      "valid_turns": 0,
      "invalid_turns": 1,
      "valid_rate": 0.0
    },
    {
      "task_id": 166315095,
      "game_name": "liars_dice",
      "seed": 157292324,
      "opponent": "mcts",
      "final_reward": 0.0,
      "total_turns": 1,
      "valid_turns": 1,
      "invalid_turns": 0,
      "valid_rate": 1.0
    },
    {
      "task_id": 135952224,
      "game_name": "liars_dice",
      "seed": 1585702209,
      "opponent": "mcts",
      "final_reward": 0.0,
      "total_turns": 1,
      "valid_turns": 0,
      "invalid_turns": 1,
      "valid_rate": 0.0
    },
    {
      "task_id": 196038109,
      "game_name": "liars_dice",
      "seed": 1602111818,
      "opponent": "mcts",
      "final_reward": 0.0,
      "total_turns": 2,
      "valid_turns": 0,
      "invalid_turns": 2,
      "valid_rate": 0.0
    },
    {
      "task_id": 166624283,
      "game_name": "liars_dice",
      "seed": 496062743,
      "opponent": "mcts",
      "final_reward": 0.0,
      "total_turns": 1,
      "valid_turns": 0,
      "invalid_turns": 1,
      "valid_rate": 0.0
    },
    {
      "task_id": 176234945,
      "game_name": "liars_dice",
      "seed": 1645427394,
      "opponent": "mcts",
      "final_reward": 0.0,
      "total_turns": 2,
      "valid_turns": 2,
      "invalid_turns": 0,
      "valid_rate": 1.0
    },
    {
      "task_id": 103996243,
      "game_name": "liars_dice",
      "seed": 1800630102,
      "opponent": "mcts",
      "final_reward": 0.0,
      "total_turns": 1,
      "valid_turns": 1,
      "invalid_turns": 0,
      "valid_rate": 1.0
    },
    {
      "task_id": 182749621,
      "game_name": "liars_dice",
      "seed": 1967830454,
      "opponent": "mcts",
      "final_reward": 0.0,
      "total_turns": 1,
      "valid_turns": 1,
      "invalid_turns": 0,
      "valid_rate": 1.0
    },
    {
      "task_id": 135880306,
      "game_name": "liars_dice",
      "seed": 1746247127,
      "opponent": "mcts",
      "final_reward": 0.0,
      "total_turns": 1,
      "valid_turns": 1,
      "invalid_turns": 0,
      "valid_rate": 1.0
    },
    {
      "task_id": 170013081,
      "game_name": "liars_dice",
      "seed": 1149401384,
      "opponent": "mcts",
      "final_reward": 0.0,
      "total_turns": 2,
      "valid_turns": 1,
      "invalid_turns": 1,
      "valid_rate": 0.5
    },
    {
      "task_id": 150445597,
      "game_name": "liars_dice",
      "seed": 1800299654,
      "opponent": "mcts",
      "final_reward": 0.0,
      "total_turns": 2,
      "valid_turns": 1,
      "invalid_turns": 1,
      "valid_rate": 0.5
    },
    {
      "task_id": 150684203,
      "game_name": "liars_dice",
      "seed": 881209643,
      "opponent": "mcts",
      "final_reward": 0.0,
      "total_turns": 1,
      "valid_turns": 1,
      "invalid_turns": 0,
      "valid_rate": 1.0
    },
    {
      "task_id": 122875714,
      "game_name": "liars_dice",
      "seed": 895524650,
      "opponent": "mcts",
      "final_reward": 0.0,
      "total_turns": 1,
      "valid_turns": 1,
      "invalid_turns": 0,
      "valid_rate": 1.0
    },
    {
      "task_id": 168149795,
      "game_name": "liars_dice",
      "seed": 979744482,
      "opponent": "mcts",
      "final_reward": 0.0,
      "total_turns": 1,
      "valid_turns": 1,
      "invalid_turns": 0,
      "valid_rate": 1.0
    },
    {
      "task_id": 165906001,
      "game_name": "liars_dice",
      "seed": 2047597369,
      "opponent": "mcts",
      "final_reward": 0.0,
      "total_turns": 1,
      "valid_turns": 0,
      "invalid_turns": 1,
      "valid_rate": 0.0
    },
    {
      "task_id": 117933826,
      "game_name": "liars_dice",
      "seed": 643572864,
      "opponent": "mcts",
      "final_reward": 0.0,
      "total_turns": 1,
      "valid_turns": 1,
      "invalid_turns": 0,
      "valid_rate": 1.0
    },
    {
      "task_id": 117277402,
      "game_name": "liars_dice",
      "seed": 180003520,
      "opponent": "mcts",
      "final_reward": 0.0,
      "total_turns": 1,
      "valid_turns": 1,
      "invalid_turns": 0,
      "valid_rate": 1.0
    }
  ],
  "aggregated": {
    "total_valid_turns": 16,
    "total_invalid_turns": 13,
    "avg_valid_rate": 0.5416666666666666,
    "games_played": {
      "liars_dice": 24
    },