{
  "step": 21,
  "timestamp": "2026-01-19T10:13:47.902963",
  "num_episodes": 32,
  "stats": {
    "objective/kl": 8.809955835342407,
    "objective/kl_coef": 0.05028453376144171,
    "objective/entropy": 80.19473075866699,
    "ppo/mean_non_score_reward": -0.055375393480062485,
    "ppo/mean_scores": -0.11060941219329834,
    "ppo/std_scores": 0.0,
    "tokens/queries_len_mean": 223.625,
    "tokens/queries_len_std": 26.985803365707397,
    "tokens/responses_len_mean": 8.0,
    "tokens/responses_len_std": 0.0,
    "ppo/loss/policy": -0.004105571191757917,
    "ppo/loss/value": 1.016648769378662,
    "ppo/loss/total": 0.09755930677056313,
    "ppo/policy/entropy": 2.259079933166504,
    "ppo/policy/approxkl": 0.0007287601183634251,
    "ppo/policy/policykl": -0.0025244989956263453,
    "ppo/policy/clipfrac": 0.00390625,
    "ppo/policy/advantages_mean": -2.3283064365386963e-09,
    "ppo/returns/mean": 0.3304174020886421,
    "ppo/returns/var": 1.6102463901042938,
    "ppo/val/vpred": 0.2938476726412773,
    "ppo/val/error": 2.033297538757324,
    "ppo/val/clipfrac": 0.0,
    "ppo/val/mean": 0.2927137538790703,
    "ppo/val/var": 0.44649019837379456,
    "ppo/val/var_explained": -0.30508238077163696,
    "ppo/learning_rate": 5e-07,
    "time/ppo/forward_pass": 0.4146449565887451,
    "time/ppo/compute_rewards": 0.0007951855659484863,
    "time/ppo/compute_advantages": 0.018751442432403564,
    "time/ppo/optimize_step": 0.9202049374580383,
    "time/ppo/calc_stats": 0.014941155910491943,
    "time/ppo/total": 1.3694270253181458,
    "mean_reward": 0.0,
    "mean_score": 0.0,
    "success_rate": 0.0,
    "num_samples": 16,
    "num_batches": 4,
    "total_valid_turns": 16,
    "total_invalid_turns": 24,
    "avg_valid_rate": 0.375
  },
  "episodes_summary": [
    {
      "task_id": 193601314,
      "game_name": "liars_dice",
      "seed": 250633071,
      "opponent": "mcts",
      "final_reward": 0.0,
      "total_turns": 1,
      "valid_turns": 0,
      "invalid_turns": 1,
      "valid_rate": 0.0
    },
    {
      "task_id": 122042882,
      "game_name": "liars_dice",
      "seed": 1534591466,
      "opponent": "mcts",
      "final_reward": 0.0,
      "total_turns": 2,
      "valid_turns": 1,
      "invalid_turns": 1,
      "valid_rate": 0.5
    },
    {
      "task_id": 122354791,
      "game_name": "liars_dice",
      "seed": 649185978,
      "opponent": "mcts",
      "final_reward": 0.0,
      "total_turns": 2,
      "valid_turns": 1,
      "invalid_turns": 1,
      "valid_rate": 0.5
    },
    {
      "task_id": 134783638,
      "game_name": "liars_dice",
      "seed": 1292094429,
      "opponent": "mcts",
      "final_reward": 0.0,
      "total_turns": 1,
      "valid_turns": 0,
      "invalid_turns": 1,
      "valid_rate": 0.0
    },
    {
      "task_id": 174044965,
      "game_name": "liars_dice",
      "seed": 1075457674,
      "opponent": "mcts",
      "final_reward": 0.0,
      "total_turns": 2,
      "valid_turns": 1,
      "invalid_turns": 1,
      "valid_rate": 0.5
    },
    {
      "task_id": 131223530,
      "game_name": "liars_dice",
      "seed": 1792591437,
      "opponent": "mcts",
      "final_reward": 0.0,
      "total_turns": 1,
      "valid_turns": 0,
      "invalid_turns": 1,
      "valid_rate": 0.0
    },
    {
      "task_id": 132661659,
      "game_name": "liars_dice",
      "seed": 553278675,
      "opponent": "mcts",
      "final_reward": 0.0,
      "total_turns": 1,
      "valid_turns": 1,
      "invalid_turns": 0,
      "valid_rate": 1.0
    },
    {
      "task_id": 199990470,
      "game_name": "liars_dice",
      "seed": 1064951089,
      "opponent": "mcts",
      "final_reward": 0.0,
      "total_turns": 1,
      "valid_turns": 0,
      "invalid_turns": 1,
      "valid_rate": 0.0
    },
    {
      "task_id": 195146720,
      "game_name": "liars_dice",
      "seed": 90343698,
      "opponent": "mcts",
      "final_reward": 0.0,
      "total_turns": 1,
      "valid_turns": 1,
      "invalid_turns": 0,
      "valid_rate": 1.0
    },
    {
      "task_id": 108370681,
      "game_name": "liars_dice",
      "seed": 1769702712,
      "opponent": "mcts",
      "final_reward": 0.0,
      "total_turns": 1,
      "valid_turns": 0,
      "invalid_turns": 1,
      "valid_rate": 0.0
    },
    {
      "task_id": 146058876,
      "game_name": "liars_dice",
      "seed": 1666032658,
      "opponent": "mcts",
      "final_reward": 0.0,
      "total_turns": 1,
      "valid_turns": 0,
      "invalid_turns": 1,
      "valid_rate": 0.0
    },
    {
      "task_id": 174044965,
      "game_name": "liars_dice",
      "seed": 2118202029,
      "opponent": "mcts",
      "final_reward": 0.0,
      "total_turns": 1,
      "valid_turns": 0,
      "invalid_turns": 1,
      "valid_rate": 0.0
    },
    {
      "task_id": 173046040,
      "game_name": "liars_dice",
      "seed": 369200326,
      "opponent": "mcts",
      "final_reward": 0.0,
      "total_turns": 2,
      "valid_turns": 1,
      "invalid_turns": 1,
      "valid_rate": 0.5
    },
    {
      "task_id": 101415647,
      "game_name": "liars_dice",
      "seed": 1043805534,
      "opponent": "mcts",
      "final_reward": 0.0,
      "total_turns": 1,
      "valid_turns": 0,
      "invalid_turns": 1,
      "valid_rate": 0.0
    },
    {
      "task_id": 190476032,
      "game_name": "liars_dice",
      "seed": 1184502409,
      "opponent": "mcts",
      "final_reward": 0.0,
      "total_turns": 1,
      "valid_turns": 1,
      "invalid_turns": 0,
      "valid_rate": 1.0
    },
    {
      "task_id": 188830303,
      "game_name": "liars_dice",
      "seed": 1702074680,
      "opponent": "mcts",
      "final_reward": 0.0,
      "total_turns": 2,
      "valid_turns": 1,
      "invalid_turns": 1,
      "valid_rate": 0.5
    },
    {
      "task_id": 136836974,
      "game_name": "liars_dice",
      "seed": 329145506,
      "opponent": "mcts",
      "final_reward": 0.0,
      "total_turns": 1,
      "valid_turns": 1,
      "invalid_turns": 0,
      "valid_rate": 1.0
    },
    {
      "task_id": 178655817,
      "game_name": "liars_dice",
      "seed": 1042262188,
      "opponent": "mcts",
      "final_reward": 0.0,
      "total_turns": 2,
      "valid_turns": 2,
      "invalid_turns": 0,
      "valid_rate": 1.0
    },
    {
      "task_id": 107202153,
      "game_name": "liars_dice",
      "seed": 287912178,
      "opponent": "mcts",
      "final_reward": 0.0,
      "total_turns": 1,
      "valid_turns": 0,
      "invalid_turns": 1,
      "valid_rate": 0.0
    },
    {
      "task_id": 160479956,
      "game_name": "liars_dice",
      "seed": 577625808,
      "opponent": "mcts",
      "final_reward": 0.0,
      "total_turns": 2,
      "valid_turns": 0,
      "invalid_turns": 2,
      "valid_rate": 0.0
    },
    {
      "task_id": 101810835,
      "game_name": "liars_dice",
      "seed": 634520547,
      "opponent": "mcts",
      "final_reward": 0.0,
      "total_turns": 1,
      "valid_turns": 0,
      "invalid_turns": 1,
      "valid_rate": 0.0
    },
    {
      "task_id": 149261369,
      "game_name": "liars_dice",
      "seed": 1277123039,
      "opponent": "mcts",
      "final_reward": 0.0,
      "total_turns": 1,
      "valid_turns": 1,
      "invalid_turns": 0,
      "valid_rate": 1.0
    },
    {
      "task_id": 117933856,
      "game_name": "liars_dice",
      "seed": 96645381,
      "opponent": "mcts",
      "final_reward": 0.0,
      "total_turns": 1,
      "valid_turns": 0,
      "invalid_turns": 1,
      "valid_rate": 0.0
    },
    {
      "task_id": 181680147,
      "game_name": "liars_dice",
      "seed": 1704701387,
      "opponent": "mcts",
      "final_reward": 0.0,
      "total_turns": 1,
      "valid_turns": 0,
      "invalid_turns": 1,
      "valid_rate": 0.0
    },
    {
      "task_id": 159105782,
      "game_name": "liars_dice",
      "seed": 598384231,
      "opponent": "mcts",
      "final_reward": 0.0,
      "total_turns": 1,
      "valid_turns": 0,