{
  "step": 61,
  "timestamp": "2026-01-19T10:39:34.355583",
  "num_episodes": 17,
  "stats": {
    "objective/kl": 16.70745086669922,
    "objective/kl_coef": 0.050065902993083,
    "objective/entropy": 80.61959648132324,
    "ppo/mean_non_score_reward": -0.10455934703350067,
    "ppo/mean_scores": -0.07194489426910877,
    "ppo/std_scores": 0.0,
    "tokens/queries_len_mean": 225.8125,
    "tokens/queries_len_std": 25.08869171142578,
    "tokens/responses_len_mean": 8.0,
    "tokens/responses_len_std": 0.0,
    "ppo/loss/policy": -0.01024872250854969,
    "ppo/loss/value": 1.8662353456020355,
    "ppo/loss/total": 0.17637481540441513,
    "ppo/policy/entropy": 0.9686955958604813,
    "ppo/policy/approxkl": 0.0018311010499019176,
    "ppo/policy/policykl": 0.011246619513258338,
    "ppo/policy/clipfrac": 0.01171875,
    "ppo/policy/advantages_mean": -5.587935447692871e-09,
    "ppo/returns/mean": -0.3201055936515331,
    "ppo/returns/var": 3.5526323914527893,
    "ppo/val/vpred": -0.24279604479670525,
    "ppo/val/error": 3.732470691204071,
    "ppo/val/clipfrac": 0.0,
    "ppo/val/mean": -0.23942671343684196,
    "ppo/val/var": 0.23665658943355083,
    "ppo/val/var_explained": -0.056250929832458496,
    "ppo/learning_rate": 5e-07,
    "time/ppo/forward_pass": 0.4515475034713745,
    "time/ppo/compute_rewards": 0.0009360313415527344,
    "time/ppo/compute_advantages": 0.022688567638397217,
    "time/ppo/optimize_step": 0.9970518946647644,
    "time/ppo/calc_stats": 0.012906253337860107,
    "time/ppo/total": 1.4852402210235596,
    "mean_reward": 0.0,
    "mean_score": 0.0,
    "success_rate": 0.0,
    "num_samples": 16,
    "num_batches": 4,
    "total_valid_turns": 16,
    "total_invalid_turns": 10,
    "avg_valid_rate": 0.5882352941176471
  },
  "episodes_summary": [
    {
      "task_id": 135971915,
      "game_name": "liars_dice",
      "seed": 1950013822,
      "opponent": "mcts",
      "final_reward": 0.0,
      "total_turns": 2,
      "valid_turns": 1,
      "invalid_turns": 1,
      "valid_rate": 0.5
    },
    {
      "task_id": 122838919,
      "game_name": "liars_dice",
      "seed": 174361463,
      "opponent": "mcts",
      "final_reward": 0.0,
      "total_turns": 1,
      "valid_turns": 0,
      "invalid_turns": 1,
      "valid_rate": 0.0
    },
    {
      "task_id": 135880306,
      "game_name": "liars_dice",
      "seed": 1822954208,
      "opponent": "mcts",
      "final_reward": 0.0,
      "total_turns": 2,
      "valid_turns": 1,
      "invalid_turns": 1,
      "valid_rate": 0.5
    },
    {
      "task_id": 127217706,
      "game_name": "liars_dice",
      "seed": 200528965,
      "opponent": "mcts",
      "final_reward": 0.0,
      "total_turns": 1,
      "valid_turns": 0,
      "invalid_turns": 1,
      "valid_rate": 0.0
    },
    {
      "task_id": 135156010,
      "game_name": "liars_dice",
      "seed": 1406052980,
      "opponent": "mcts",
      "final_reward": 0.0,
      "total_turns": 2,
      "valid_turns": 2,
      "invalid_turns": 0,
      "valid_rate": 1.0
    },
    {
      "task_id": 181355746,
      "game_name": "liars_dice",
      "seed": 99137752,
      "opponent": "mcts",
      "final_reward": 0.0,
      "total_turns": 2,
      "valid_turns": 2,
      "invalid_turns": 0,
      "valid_rate": 1.0
    },
    {
      "task_id": 176087131,
      "game_name": "liars_dice",
      "seed": 1437848226,
      "opponent": "mcts",
      "final_reward": 0.0,
      "total_turns": 2,
      "valid_turns": 1,
      "invalid_turns": 1,
      "valid_rate": 0.5
    },
    {
      "task_id": 139494646,
      "game_name": "liars_dice",
      "seed": 780414801,
      "opponent": "mcts",
      "final_reward": 0.0,
      "total_turns": 1,
      "valid_turns": 1,
      "invalid_turns": 0,
      "valid_rate": 1.0
    },
    {
      "task_id": 194028162,
      "game_name": "liars_dice",
      "seed": 1100637726,
      "opponent": "mcts",
      "final_reward": 0.0,
      "total_turns": 2,
      "valid_turns": 2,
      "invalid_turns": 0,
      "valid_rate": 1.0
    },
    {
      "task_id": 182748780,
      "game_name": "liars_dice",
      "seed": 1587528100,
      "opponent": "mcts",
      "final_reward": 0.0,
      "total_turns": 1,
      "valid_turns": 1,
      "invalid_turns": 0,
      "valid_rate": 1.0
    },
    {
      "task_id": 190741740,
      "game_name": "liars_dice",
      "seed": 1765956495,
      "opponent": "mcts",
      "final_reward": 0.0,
      "total_turns": 1,
      "valid_turns": 0,
      "invalid_turns": 1,
      "valid_rate": 0.0
    },
    {
      "task_id": 114016541,
      "game_name": "liars_dice",
      "seed": 1134667038,
      "opponent": "mcts",
      "final_reward": 0.0,
      "total_turns": 2,
      "valid_turns": 1,
      "invalid_turns": 1,
      "valid_rate": 0.5
    },
    {
      "task_id": 153569206,
      "game_name": "liars_dice",
      "seed": 1527713148,
      "opponent": "mcts",
      "final_reward": 0.0,
      "total_turns": 1,
      "valid_turns": 1,
      "invalid_turns": 0,
      "valid_rate": 1.0
    },
    {
      "task_id": 190137872,
      "game_name": "liars_dice",
      "seed": 1121664049,
      "opponent": "mcts",
      "final_reward": 0.0,
      "total_turns": 1,
      "valid_turns": 0,
      "invalid_turns": 1,
      "valid_rate": 0.0
    },
    {
      "task_id": 133758889,
      "game_name": "liars_dice",
      "seed": 1965297220,
      "opponent": "mcts",
      "final_reward": 0.0,
      "total_turns": 2,
      "valid_turns": 1,
      "invalid_turns": 1,
      "valid_rate": 0.5
    },
    {
      "task_id": 142512069,
      "game_name": "liars_dice",
      "seed": 54484572,
      "opponent": "mcts",
      "final_reward": 0.0,
      "total_turns": 2,
      "valid_turns": 1,
      "invalid_turns": 1,
      "valid_rate": 0.5
    },
    {
      "task_id": 127298043,
      "game_name": "liars_dice",
      "seed": 1825849360,
      "opponent": "mcts",
      "final_reward": 0.0,
      "total_turns": 1,
      "valid_turns": 1,
      "invalid_turns": 0,
      "valid_rate": 1.0
    }
  ],
  "aggregated": {
    "total_valid_turns": 16,
    "total_invalid_turns": 10,
    "avg_valid_rate": 0.5882352941176471,
    "games_played": {
      "liars_dice": 17
    },
    "success_count": 0,
    "failure_count": 17,
    "success_rate": 0.0
  }
}