{
  "step": 45,
  "timestamp": "2026-01-19T10:29:40.962588",
  "num_episodes": 30,
  "stats": {
    "objective/kl": 2.5049774646759033,
    "objective/kl_coef": 0.05013080406934023,
    "objective/entropy": 74.6264877319336,
    "ppo/mean_non_score_reward": -0.01569717889651656,
    "ppo/mean_scores": -0.0839195903390646,
    "ppo/std_scores": 0.0,
    "tokens/queries_len_mean": 212.3125,
    "tokens/queries_len_std": 2.8343555331230164,
    "tokens/responses_len_mean": 8.0,
    "tokens/responses_len_std": 0.0,
    "ppo/loss/policy": -0.0019144853577017784,
    "ppo/loss/value": 0.852898083627224,
    "ppo/loss/total": 0.08337532356381416,
    "ppo/policy/entropy": 1.5274387896060944,
    "ppo/policy/approxkl": 0.0006988522873143665,
    "ppo/policy/policykl": 0.0063876429630909115,
    "ppo/policy/clipfrac": 0.0,
    "ppo/policy/advantages_mean": -6.984919309616089e-09,
    "ppo/returns/mean": -0.7194115519523621,
    "ppo/returns/var": 1.1265057921409607,
    "ppo/val/vpred": -0.11362133733928204,
    "ppo/val/error": 1.705796167254448,
    "ppo/val/clipfrac": 0.0,
    "ppo/val/mean": -0.11052594892680645,
    "ppo/val/var": 0.21049809455871582,
    "ppo/val/var_explained": -0.4532031863927841,
    "ppo/learning_rate": 5e-07,
    "time/ppo/forward_pass": 0.40641337633132935,
    "time/ppo/compute_rewards": 0.0008235573768615723,
    "time/ppo/compute_advantages": 0.015969455242156982,
    "time/ppo/optimize_step": 0.8999964594841003,
    "time/ppo/calc_stats": 0.0027693510055541992,
    "time/ppo/total": 1.326071858406067,
    "mean_reward": 0.0,
    "mean_score": 0.0,
    "success_rate": 0.0,
    "num_samples": 16,
    "num_batches": 4,
    "total_valid_turns": 16,
    "total_invalid_turns": 16,
    "avg_valid_rate": 0.5
  },
  "episodes_summary": [
    {
      "task_id": 148107067,
      "game_name": "liars_dice",
      "seed": 1611459075,
      "opponent": "mcts",
      "final_reward": 0.0,
      "total_turns": 1,
      "valid_turns": 0,
      "invalid_turns": 1,
      "valid_rate": 0.0
    },
    {
      "task_id": 127023899,
      "game_name": "liars_dice",
      "seed": 74814971,
      "opponent": "mcts",
      "final_reward": 0.0,
      "total_turns": 1,
      "valid_turns": 0,
      "invalid_turns": 1,
      "valid_rate": 0.0
    },
    {
      "task_id": 152855641,
      "game_name": "liars_dice",
      "seed": 1323713391,
      "opponent": "mcts",
      "final_reward": 0.0,
      "total_turns": 1,
      "valid_turns": 0,
      "invalid_turns": 1,
      "valid_rate": 0.0
    },
    {
      "task_id": 153754109,
      "game_name": "liars_dice",
      "seed": 94532513,
      "opponent": "mcts",
      "final_reward": 0.0,
      "total_turns": 1,
      "valid_turns": 0,
      "invalid_turns": 1,
      "valid_rate": 0.0
    },
    {
      "task_id": 173161242,
      "game_name": "liars_dice",
      "seed": 510318854,
      "opponent": "mcts",
      "final_reward": 0.0,
      "total_turns": 2,
      "valid_turns": 1,
      "invalid_turns": 1,
      "valid_rate": 0.5
    },
    {
      "task_id": 119243529,
      "game_name": "liars_dice",
      "seed": 398250787,
      "opponent": "mcts",
      "final_reward": 0.0,
      "total_turns": 1,
      "valid_turns": 1,
      "invalid_turns": 0,
      "valid_rate": 1.0
    },
    {
      "task_id": 188102288,
      "game_name": "liars_dice",
      "seed": 1253377793,
      "opponent": "mcts",
      "final_reward": 0.0,
      "total_turns": 1,
      "valid_turns": 1,
      "invalid_turns": 0,
      "valid_rate": 1.0
    },
    {
      "task_id": 132537508,
      "game_name": "liars_dice",
      "seed": 355871775,
      "opponent": "mcts",
      "final_reward": 0.0,
      "total_turns": 1,
      "valid_turns": 0,
      "invalid_turns": 1,
      "valid_rate": 0.0
    },
    {
      "task_id": 142598474,
      "game_name": "liars_dice",
      "seed": 1231161147,
      "opponent": "mcts",
      "final_reward": 0.0,
      "total_turns": 1,
      "valid_turns": 0,
      "invalid_turns": 1,
      "valid_rate": 0.0
    },
    {
      "task_id": 188102288,
      "game_name": "liars_dice",
      "seed": 1979289409,
      "opponent": "mcts",
      "final_reward": 0.0,
      "total_turns": 1,
      "valid_turns": 1,
      "invalid_turns": 0,
      "valid_rate": 1.0
    },
    {
      "task_id": 122996192,
      "game_name": "liars_dice",
      "seed": 1638876989,
      "opponent": "mcts",
      "final_reward": 0.0,
      "total_turns": 1,
      "valid_turns": 1,
      "invalid_turns": 0,
      "valid_rate": 1.0
    },
    {
      "task_id": 198616608,
      "game_name": "liars_dice",
      "seed": 1945212743,
      "opponent": "mcts",
      "final_reward": 0.0,
      "total_turns": 1,
      "valid_turns": 0,
      "invalid_turns": 1,
      "valid_rate": 0.0
    },
    {
      "task_id": 151361347,
      "game_name": "liars_dice",
      "seed": 11284858,
      "opponent": "mcts",
      "final_reward": 0.0,
      "total_turns": 1,
      "valid_turns": 1,
      "invalid_turns": 0,
      "valid_rate": 1.0
    },
    {
      "task_id": 171900765,
      "game_name": "liars_dice",
      "seed": 213348785,
      "opponent": "mcts",
      "final_reward": 0.0,
      "total_turns": 1,
      "valid_turns": 1,
      "invalid_turns": 0,
      "valid_rate": 1.0
    },
    {
      "task_id": 127217706,
      "game_name": "liars_dice",
      "seed": 233212761,
      "opponent": "mcts",
      "final_reward": 0.0,
      "total_turns": 1,
      "valid_turns": 0,
      "invalid_turns": 1,
      "valid_rate": 0.0
    },
    {
      "task_id": 166624480,
      "game_name": "liars_dice",
      "seed": 1096799475,
      "opponent": "mcts",
      "final_reward": 0.0,
      "total_turns": 1,
      "valid_turns": 1,
      "invalid_turns": 0,
      "valid_rate": 1.0
    },
    {
      "task_id": 198839153,
      "game_name": "liars_dice",
      "seed": 1346483152,
      "opponent": "mcts",
      "final_reward": 0.0,
      "total_turns": 1,
      "valid_turns": 1,
      "invalid_turns": 0,
      "valid_rate": 1.0
    },
    {
      "task_id": 182775305,
      "game_name": "liars_dice",
      "seed": 214545715,
      "opponent": "mcts",
      "final_reward": 0.0,
      "total_turns": 1,
      "valid_turns": 0,
      "invalid_turns": 1,
      "valid_rate": 0.0
    },
    {
      "task_id": 144964705,
      "game_name": "liars_dice",
      "seed": 914573825,
      "opponent": "mcts",
      "final_reward": 0.0,
      "total_turns": 1,
      "valid_turns": 0,
      "invalid_turns": 1,
      "valid_rate": 0.0
    },
    {
      "task_id": 118848234,
      "game_name": "liars_dice",
      "seed": 453307044,
      "opponent": "mcts",
      "final_reward": 0.0,
      "total_turns": 1,
      "valid_turns": 1,
      "invalid_turns": 0,
      "valid_rate": 1.0
    },
    {
      "task_id": 151533165,
      "game_name": "liars_dice",
      "seed": 393157593,
      "opponent": "mcts",
      "final_reward": 0.0,
      "total_turns": 1,
      "valid_turns": 0,
      "invalid_turns": 1,
      "valid_rate": 0.0
    },
    {
      "task_id": 160821670,
      "game_name": "liars_dice",
      "seed": 1932356862,
      "opponent": "mcts",
      "final_reward": 0.0,
      "total_turns": 2,
      "valid_turns": 1,
      "invalid_turns": 1,
      "valid_rate": 0.5
    },
    {
      "task_id": 194392106,
      "game_name": "liars_dice",
      "seed": 905090554,
      "opponent": "mcts",
      "final_reward": 0.0,
      "total_turns": 1,
      "valid_turns": 1,
      "invalid_turns": 0,
      "valid_rate": 1.0
    },
    {
      "task_id": 125930823,
      "game_name": "liars_dice",
      "seed": 1286297283,
      "opponent": "mcts",
      "final_reward": 0.0,
      "total_turns": 1,
      "valid_turns": 0,
      "invalid_turns": 1,
      "valid_rate": 0.0
    },
    {
      "task_id": 179836234,
      "game_name": "liars_dice",
      "seed": 216003086,
      "opponent": "mcts",
      "final_reward": 0.0,
      "total_turns": 1,
      "valid_turns": 0,