{
  "step": 63,
  "timestamp": "2026-01-19T10:40:47.783532",
  "num_episodes": 27,
  "stats": {
    "objective/kl": 27.588319778442383,
    "objective/kl_coef": 0.05009794607758522,
    "objective/entropy": 93.76622772216797,
    "ppo/mean_non_score_reward": -0.1727642435580492,
    "ppo/mean_scores": -0.07078203372657299,
    "ppo/std_scores": 0.0,
    "tokens/queries_len_mean": 213.875,
    "tokens/queries_len_std": 1.725857436656952,
    "tokens/responses_len_mean": 8.0,
    "tokens/responses_len_std": 0.0,
    "ppo/loss/policy": -0.015169455669820309,
    "ppo/loss/value": 1.606486290693283,
    "ppo/loss/total": 0.14547917246818542,
    "ppo/policy/entropy": 0.6023688018321991,
    "ppo/policy/approxkl": 0.002256850100820884,
    "ppo/policy/policykl": 0.015463939402252436,
    "ppo/policy/clipfrac": 0.01171875,
    "ppo/policy/advantages_mean": 9.313225746154785e-10,
    "ppo/returns/mean": -0.5143999233841896,
    "ppo/returns/var": 2.9970813989639282,
    "ppo/val/vpred": -0.23615850880742073,
    "ppo/val/error": 3.212972581386566,
    "ppo/val/clipfrac": 0.0,
    "ppo/val/mean": -0.23233502730727196,
    "ppo/val/var": 0.3849070928990841,
    "ppo/val/var_explained": -0.0587293803691864,
    "ppo/learning_rate": 5e-07,
    "time/ppo/forward_pass": 0.40176326036453247,
    "time/ppo/compute_rewards": 0.0008068680763244629,
    "time/ppo/compute_advantages": 0.015644311904907227,
    "time/ppo/optimize_step": 0.8810238838195801,
    "time/ppo/calc_stats": 0.0026872754096984863,
    "time/ppo/total": 1.3020247220993042,
    "mean_reward": 0.0,
    "mean_score": 0.0,
    "success_rate": 0.0,
    "num_samples": 16,
    "num_batches": 4,
    "total_valid_turns": 16,
    "total_invalid_turns": 15,
    "avg_valid_rate": 0.5185185185185185
  },
  "episodes_summary": [
    {
      "task_id": 146002087,
      "game_name": "liars_dice",
      "seed": 2110550802,
      "opponent": "mcts",
      "final_reward": 0.0,
      "total_turns": 1,
      "valid_turns": 1,
      "invalid_turns": 0,
      "valid_rate": 1.0
    },
    {
      "task_id": 143398085,
      "game_name": "liars_dice",
      "seed": 2123523844,
      "opponent": "mcts",
      "final_reward": 0.0,
      "total_turns": 1,
      "valid_turns": 1,
      "invalid_turns": 0,
      "valid_rate": 1.0
    },
    {
      "task_id": 109040850,
      "game_name": "liars_dice",
      "seed": 401570424,
      "opponent": "mcts",
      "final_reward": 0.0,
      "total_turns": 2,
      "valid_turns": 1,
      "invalid_turns": 1,
      "valid_rate": 0.5
    },
    {
      "task_id": 187191355,
      "game_name": "liars_dice",
      "seed": 1269777708,
      "opponent": "mcts",
      "final_reward": 0.0,
      "total_turns": 1,
      "valid_turns": 1,
      "invalid_turns": 0,
      "valid_rate": 1.0
    },
    {
      "task_id": 187907016,
      "game_name": "liars_dice",
      "seed": 1954639821,
      "opponent": "mcts",
      "final_reward": 0.0,
      "total_turns": 1,
      "valid_turns": 1,
      "invalid_turns": 0,
      "valid_rate": 1.0
    },
    {
      "task_id": 191103799,
      "game_name": "liars_dice",
      "seed": 1919423311,
      "opponent": "mcts",
      "final_reward": 0.0,
      "total_turns": 1,
      "valid_turns": 0,
      "invalid_turns": 1,
      "valid_rate": 0.0
    },
    {
      "task_id": 173336203,
      "game_name": "liars_dice",
      "seed": 141428485,
      "opponent": "mcts",
      "final_reward": 0.0,
      "total_turns": 1,
      "valid_turns": 0,
      "invalid_turns": 1,
      "valid_rate": 0.0
    },
    {
      "task_id": 185576856,
      "game_name": "liars_dice",
      "seed": 27877250,
      "opponent": "mcts",
      "final_reward": 0.0,
      "total_turns": 1,
      "valid_turns": 1,
      "invalid_turns": 0,
      "valid_rate": 1.0
    },
    {
      "task_id": 179440498,
      "game_name": "liars_dice",
      "seed": 2020111359,
      "opponent": "mcts",
      "final_reward": 0.0,
      "total_turns": 1,
      "valid_turns": 0,
      "invalid_turns": 1,
      "valid_rate": 0.0
    },
    {
      "task_id": 129588168,
      "game_name": "liars_dice",
      "seed": 253181323,
      "opponent": "mcts",
      "final_reward": 0.0,
      "total_turns": 1,
      "valid_turns": 1,
      "invalid_turns": 0,
      "valid_rate": 1.0
    },
    {
      "task_id": 181210090,
      "game_name": "liars_dice",
      "seed": 933963444,
      "opponent": "mcts",
      "final_reward": 0.0,
      "total_turns": 1,
      "valid_turns": 1,
      "invalid_turns": 0,
      "valid_rate": 1.0
    },
    {
      "task_id": 115837053,
      "game_name": "liars_dice",
      "seed": 230635025,
      "opponent": "mcts",
      "final_reward": 0.0,
      "total_turns": 1,
      "valid_turns": 0,
      "invalid_turns": 1,
      "valid_rate": 0.0
    },
    {
      "task_id": 117087681,
      "game_name": "liars_dice",
      "seed": 1459269197,
      "opponent": "mcts",
      "final_reward": 0.0,
      "total_turns": 1,
      "valid_turns": 1,
      "invalid_turns": 0,
      "valid_rate": 1.0
    },
    {
      "task_id": 139175110,
      "game_name": "liars_dice",
      "seed": 641560782,
      "opponent": "mcts",
      "final_reward": 0.0,
      "total_turns": 2,
      "valid_turns": 1,
      "invalid_turns": 1,
      "valid_rate": 0.5
    },
    {
      "task_id": 180234843,
      "game_name": "liars_dice",
      "seed": 1745923637,
      "opponent": "mcts",
      "final_reward": 0.0,
      "total_turns": 1,
      "valid_turns": 0,
      "invalid_turns": 1,
      "valid_rate": 0.0
    },
    {
      "task_id": 175710393,
      "game_name": "liars_dice",
      "seed": 1169877023,
      "opponent": "mcts",
      "final_reward": 0.0,
      "total_turns": 1,
      "valid_turns": 0,
      "invalid_turns": 1,
      "valid_rate": 0.0
    },
    {
      "task_id": 139423550,
      "game_name": "liars_dice",
      "seed": 696407994,
      "opponent": "mcts",
      "final_reward": 0.0,
      "total_turns": 1,
      "valid_turns": 1,
      "invalid_turns": 0,
      "valid_rate": 1.0
    },
    {
      "task_id": 185575271,
      "game_name": "liars_dice",
      "seed": 863769332,
      "opponent": "mcts",
      "final_reward": 0.0,
      "total_turns": 1,
      "valid_turns": 1,
      "invalid_turns": 0,
      "valid_rate": 1.0
    },
    {
      "task_id": 132724951,
      "game_name": "liars_dice",
      "seed": 1162892637,
      "opponent": "mcts",
      "final_reward": 0.0,
      "total_turns": 1,
      "valid_turns": 0,
      "invalid_turns": 1,
      "valid_rate": 0.0
    },
    {
      "task_id": 176699047,
      "game_name": "liars_dice",
      "seed": 1399917913,
      "opponent": "mcts",
      "final_reward": 0.0,
      "total_turns": 1,
      "valid_turns": 0,
      "invalid_turns": 1,
      "valid_rate": 0.0
    },
    {
      "task_id": 169822839,
      "game_name": "liars_dice",
      "seed": 1651146558,
      "opponent": "mcts",
      "final_reward": 0.0,
      "total_turns": 2,
      "valid_turns": 1,
      "invalid_turns": 1,
      "valid_rate": 0.5
    },
    {
      "task_id": 135560974,
      "game_name": "liars_dice",
      "seed": 882815307,
      "opponent": "mcts",
      "final_reward": 0.0,
      "total_turns": 1,
      "valid_turns": 0,
      "invalid_turns": 1,
      "valid_rate": 0.0
    },
    {
      "task_id": 151170855,
      "game_name": "liars_dice",
      "seed": 701086480,
      "opponent": "mcts",
      "final_reward": 0.0,
      "total_turns": 1,
      "valid_turns": 1,
      "invalid_turns": 0,
      "valid_rate": 1.0
    },
    {
      "task_id": 182567987,
      "game_name": "liars_dice",
      "seed": 341668837,
      "opponent": "mcts",
      "final_reward": 0.0,
      "total_turns": 1,
      "valid_turns": 0,
      "invalid_turns": 1,
      "valid_rate": 0.0
    },
    {
      "task_id": 195845663,
      "game_name": "liars_dice",
      "seed": 1321675521,
      "opponent": "mcts",
      "final_reward": 0.0,
      "total_turns": 1,