{
  "step": 91,
  "timestamp": "2026-01-19T10:58:21.222300",
  "num_episodes": 20,
  "stats": {
    "objective/kl": 57.86831331253052,
    "objective/kl_coef": 0.050540680065751076,
    "objective/entropy": 135.92401885986328,
    "ppo/mean_non_score_reward": -0.36559414118528366,
    "ppo/mean_scores": -0.0644381195306778,
    "ppo/std_scores": 0.0,
    "tokens/queries_len_mean": 210.75,
    "tokens/queries_len_std": 6.889211893081665,
    "tokens/responses_len_mean": 8.0,
    "tokens/responses_len_std": 0.0,
    "ppo/loss/policy": -0.01407952280715108,
    "ppo/loss/value": 2.4616969227790833,
    "ppo/loss/total": 0.23209017887711525,
    "ppo/policy/entropy": 1.829387217760086,
    "ppo/policy/approxkl": 0.002354682219447568,
    "ppo/policy/policykl": 0.006449754815548658,
    "ppo/policy/clipfrac": 0.015625,
    "ppo/policy/advantages_mean": -1.3969838619232178e-09,
    "ppo/returns/mean": -1.1991746574640274,
    "ppo/returns/var": 6.2049479484558105,
    "ppo/val/vpred": -1.101633608341217,
    "ppo/val/error": 4.9233938455581665,
    "ppo/val/clipfrac": 0.0,
    "ppo/val/mean": -1.0997639149427414,
    "ppo/val/var": 0.6099934205412865,
    "ppo/val/var_explained": 0.20930318534374237,
    "ppo/learning_rate": 5e-07,
    "time/ppo/forward_pass": 0.4015604257583618,
    "time/ppo/compute_rewards": 0.0008207559585571289,
    "time/ppo/compute_advantages": 0.0161515474319458,
    "time/ppo/optimize_step": 0.8770184516906738,
    "time/ppo/calc_stats": 0.0024967193603515625,
    "time/ppo/total": 1.2981377243995667,
    "mean_reward": 0.0,
    "mean_score": 0.0,
    "success_rate": 0.0,
    "num_samples": 16,
    "num_batches": 4,
    "total_valid_turns": 16,
    "total_invalid_turns": 11,
    "avg_valid_rate": 0.625
  },
  "episodes_summary": [
    {
      "task_id": 176459266,
      "game_name": "liars_dice",
      "seed": 1612270642,
      "opponent": "mcts",
      "final_reward": 0.0,
      "total_turns": 2,
      "valid_turns": 1,
      "invalid_turns": 1,
      "valid_rate": 0.5
    },
    {
      "task_id": 170912971,
      "game_name": "liars_dice",
      "seed": 1995338715,
      "opponent": "mcts",
      "final_reward": 0.0,
      "total_turns": 1,
      "valid_turns": 1,
      "invalid_turns": 0,
      "valid_rate": 1.0
    },
    {
      "task_id": 134477313,
      "game_name": "liars_dice",
      "seed": 2009596328,
      "opponent": "mcts",
      "final_reward": 0.0,
      "total_turns": 2,
      "valid_turns": 1,
      "invalid_turns": 1,
      "valid_rate": 0.5
    },
    {
      "task_id": 152380414,
      "game_name": "liars_dice",
      "seed": 1855980139,
      "opponent": "mcts",
      "final_reward": 0.0,
      "total_turns": 1,
      "valid_turns": 1,
      "invalid_turns": 0,
      "valid_rate": 1.0
    },
    {
      "task_id": 162968116,
      "game_name": "liars_dice",
      "seed": 1307006565,
      "opponent": "mcts",
      "final_reward": 0.0,
      "total_turns": 1,
      "valid_turns": 0,
      "invalid_turns": 1,
      "valid_rate": 0.0
    },
    {
      "task_id": 182947149,
      "game_name": "liars_dice",
      "seed": 1787151790,
      "opponent": "mcts",
      "final_reward": 0.0,
      "total_turns": 2,
      "valid_turns": 1,
      "invalid_turns": 1,
      "valid_rate": 0.5
    },
    {
      "task_id": 195088139,
      "game_name": "liars_dice",
      "seed": 1922444601,
      "opponent": "mcts",
      "final_reward": 0.0,
      "total_turns": 1,
      "valid_turns": 1,
      "invalid_turns": 0,
      "valid_rate": 1.0
    },
    {
      "task_id": 151836926,
      "game_name": "liars_dice",
      "seed": 1424821856,
      "opponent": "mcts",
      "final_reward": 0.0,
      "total_turns": 1,
      "valid_turns": 1,
      "invalid_turns": 0,
      "valid_rate": 1.0
    },
    {
      "task_id": 146303022,
      "game_name": "liars_dice",
      "seed": 1322306893,
      "opponent": "mcts",
      "final_reward": 0.0,
      "total_turns": 1,
      "valid_turns": 0,
      "invalid_turns": 1,
      "valid_rate": 0.0
    },
    {
      "task_id": 169495610,
      "game_name": "liars_dice",
      "seed": 879791106,
      "opponent": "mcts",
      "final_reward": 0.0,
      "total_turns": 1,
      "valid_turns": 1,
      "invalid_turns": 0,
      "valid_rate": 1.0
    },
    {
      "task_id": 118784161,
      "game_name": "liars_dice",
      "seed": 1079569903,
      "opponent": "mcts",
      "final_reward": 0.0,
      "total_turns": 1,
      "valid_turns": 0,
      "invalid_turns": 1,
      "valid_rate": 0.0
    },
    {
      "task_id": 171125644,
      "game_name": "liars_dice",
      "seed": 1543714497,
      "opponent": "mcts",
      "final_reward": 0.0,
      "total_turns": 1,
      "valid_turns": 1,
      "invalid_turns": 0,
      "valid_rate": 1.0
    },
    {
      "task_id": 177667215,
      "game_name": "liars_dice",
      "seed": 174485818,
      "opponent": "mcts",
      "final_reward": 0.0,
      "total_turns": 2,
      "valid_turns": 1,
      "invalid_turns": 1,
      "valid_rate": 0.5
    },
    {
      "task_id": 190742911,
      "game_name": "liars_dice",
      "seed": 1801096708,
      "opponent": "mcts",
      "final_reward": 0.0,
      "total_turns": 2,
      "valid_turns": 1,
      "invalid_turns": 1,
      "valid_rate": 0.5
    },
    {
      "task_id": 101246242,
      "game_name": "liars_dice",
      "seed": 1505473756,
      "opponent": "mcts",
      "final_reward": 0.0,
      "total_turns": 1,
      "valid_turns": 1,
      "invalid_turns": 0,
      "valid_rate": 1.0
    },
    {
      "task_id": 104131111,
      "game_name": "liars_dice",
      "seed": 1369038832,
      "opponent": "mcts",
      "final_reward": 0.0,
      "total_turns": 2,
      "valid_turns": 1,
      "invalid_turns": 1,
      "valid_rate": 0.5
    },
    {
      "task_id": 186293447,
      "game_name": "liars_dice",
      "seed": 824969536,
      "opponent": "mcts",
      "final_reward": 0.0,
      "total_turns": 2,
      "valid_turns": 1,
      "invalid_turns": 1,
      "valid_rate": 0.5
    },
    {
      "task_id": 123820243,
      "game_name": "liars_dice",
      "seed": 1642452025,
      "opponent": "mcts",
      "final_reward": 0.0,
      "total_turns": 1,
      "valid_turns": 0,
      "invalid_turns": 1,
      "valid_rate": 0.0
    },
    {
      "task_id": 166436423,
      "game_name": "liars_dice",
      "seed": 1664485794,
      "opponent": "mcts",
      "final_reward": 0.0,
      "total_turns": 1,
      "valid_turns": 1,
      "invalid_turns": 0,
      "valid_rate": 1.0
    },
    {
      "task_id": 132998583,
      "game_name": "liars_dice",
      "seed": 542039553,
      "opponent": "mcts",
      "final_reward": 0.0,
      "total_turns": 1,
      "valid_turns": 1,
      "invalid_turns": 0,
      "valid_rate": 1.0
    }
  ],
  "aggregated": {
    "total_valid_turns": 16,
    "total_invalid_turns": 11,
    "avg_valid_rate": 0.625,
    "games_played": {
      "liars_dice": 20
    },
    "success_count": 0,
    "failure_count": 20,
    "success_rate": 0.0
  }
}