{
  "step": 33,
  "timestamp": "2026-01-19T10:21:55.687147",
  "num_episodes": 33,
  "stats": {
    "objective/kl": 4.495792388916016,
    "objective/kl_coef": 0.050322785042226315,
    "objective/entropy": 68.4747428894043,
    "ppo/mean_non_score_reward": -0.028280091006308794,
    "ppo/mean_scores": -0.08779304102063179,
    "ppo/std_scores": 0.0,
    "tokens/queries_len_mean": 212.6875,
    "tokens/queries_len_std": 4.625,
    "tokens/responses_len_mean": 8.0,
    "tokens/responses_len_std": 0.0,
    "ppo/loss/policy": 0.0010026423260569572,
    "ppo/loss/value": 1.1593847572803497,
    "ppo/loss/total": 0.11694111861288548,
    "ppo/policy/entropy": 1.5222627222537994,
    "ppo/policy/approxkl": 0.0004897961407550611,
    "ppo/policy/policykl": 0.0013899189070798457,
    "ppo/policy/clipfrac": 0.0,
    "ppo/policy/advantages_mean": 5.587935447692871e-09,
    "ppo/returns/mean": -0.19646771252155304,
    "ppo/returns/var": 1.768827497959137,
    "ppo/val/vpred": 0.2922710105776787,
    "ppo/val/error": 2.3187695145606995,
    "ppo/val/clipfrac": 0.0,
    "ppo/val/mean": 0.29221292212605476,
    "ppo/val/var": 0.4165240749716759,
    "ppo/val/var_explained": -0.3988974988460541,
    "ppo/learning_rate": 5e-07,
    "time/ppo/forward_pass": 0.40512311458587646,
    "time/ppo/compute_rewards": 0.0008882880210876465,
    "time/ppo/compute_advantages": 0.015772461891174316,
    "time/ppo/optimize_step": 0.8986874222755432,
    "time/ppo/calc_stats": 0.002469658851623535,
    "time/ppo/total": 1.3230387568473816,
    "mean_reward": 0.0,
    "mean_score": 0.0,
    "success_rate": 0.0,
    "num_samples": 16,
    "num_batches": 4,
    "total_valid_turns": 16,
    "total_invalid_turns": 26,
    "avg_valid_rate": 0.36363636363636365
  },
  "episodes_summary": [
    {
      "task_id": 107784657,
      "game_name": "liars_dice",
      "seed": 5036784,
      "opponent": "mcts",
      "final_reward": 0.0,
      "total_turns": 1,
      "valid_turns": 0,
      "invalid_turns": 1,
      "valid_rate": 0.0
    },
    {
      "task_id": 104442038,
      "game_name": "liars_dice",
      "seed": 185129621,
      "opponent": "mcts",
      "final_reward": 0.0,
      "total_turns": 1,
      "valid_turns": 0,
      "invalid_turns": 1,
      "valid_rate": 0.0
    },
    {
      "task_id": 120915679,
      "game_name": "liars_dice",
      "seed": 726883619,
      "opponent": "mcts",
      "final_reward": 0.0,
      "total_turns": 1,
      "valid_turns": 0,
      "invalid_turns": 1,
      "valid_rate": 0.0
    },
    {
      "task_id": 163046357,
      "game_name": "liars_dice",
      "seed": 348955257,
      "opponent": "mcts",
      "final_reward": 0.0,
      "total_turns": 1,
      "valid_turns": 0,
      "invalid_turns": 1,
      "valid_rate": 0.0
    },
    {
      "task_id": 178585753,
      "game_name": "liars_dice",
      "seed": 598086950,
      "opponent": "mcts",
      "final_reward": 0.0,
      "total_turns": 1,
      "valid_turns": 1,
      "invalid_turns": 0,
      "valid_rate": 1.0
    },
    {
      "task_id": 108359024,
      "game_name": "liars_dice",
      "seed": 579630869,
      "opponent": "mcts",
      "final_reward": 0.0,
      "total_turns": 1,
      "valid_turns": 1,
      "invalid_turns": 0,
      "valid_rate": 1.0
    },
    {
      "task_id": 195159965,
      "game_name": "liars_dice",
      "seed": 280543328,
      "opponent": "mcts",
      "final_reward": 0.0,
      "total_turns": 2,
      "valid_turns": 1,
      "invalid_turns": 1,
      "valid_rate": 0.5
    },
    {
      "task_id": 127080801,
      "game_name": "liars_dice",
      "seed": 429978930,
      "opponent": "mcts",
      "final_reward": 0.0,
      "total_turns": 2,
      "valid_turns": 1,
      "invalid_turns": 1,
      "valid_rate": 0.5
    },
    {
      "task_id": 110777853,
      "game_name": "liars_dice",
      "seed": 494483280,
      "opponent": "mcts",
      "final_reward": 0.0,
      "total_turns": 2,
      "valid_turns": 1,
      "invalid_turns": 1,
      "valid_rate": 0.5
    },
    {
      "task_id": 167298281,
      "game_name": "liars_dice",
      "seed": 721783310,
      "opponent": "mcts",
      "final_reward": 0.0,
      "total_turns": 1,
      "valid_turns": 1,
      "invalid_turns": 0,
      "valid_rate": 1.0
    },
    {
      "task_id": 149997627,
      "game_name": "liars_dice",
      "seed": 1813051775,
      "opponent": "mcts",
      "final_reward": 0.0,
      "total_turns": 1,
      "valid_turns": 0,
      "invalid_turns": 1,
      "valid_rate": 0.0
    },
    {
      "task_id": 184091134,
      "game_name": "liars_dice",
      "seed": 150732305,
      "opponent": "mcts",
      "final_reward": 0.0,
      "total_turns": 1,
      "valid_turns": 1,
      "invalid_turns": 0,
      "valid_rate": 1.0
    },
    {
      "task_id": 112651311,
      "game_name": "liars_dice",
      "seed": 1624099291,
      "opponent": "mcts",
      "final_reward": 0.0,
      "total_turns": 1,
      "valid_turns": 0,
      "invalid_turns": 1,
      "valid_rate": 0.0
    },
    {
      "task_id": 175389211,
      "game_name": "liars_dice",
      "seed": 1685305604,
      "opponent": "mcts",
      "final_reward": 0.0,
      "total_turns": 2,
      "valid_turns": 1,
      "invalid_turns": 1,
      "valid_rate": 0.5
    },
    {
      "task_id": 175965603,
      "game_name": "liars_dice",
      "seed": 393187352,
      "opponent": "mcts",
      "final_reward": 0.0,
      "total_turns": 2,
      "valid_turns": 0,
      "invalid_turns": 2,
      "valid_rate": 0.0
    },
    {
      "task_id": 152507238,
      "game_name": "liars_dice",
      "seed": 1739857640,
      "opponent": "mcts",
      "final_reward": 0.0,
      "total_turns": 1,
      "valid_turns": 1,
      "invalid_turns": 0,
      "valid_rate": 1.0
    },
    {
      "task_id": 198675270,
      "game_name": "liars_dice",
      "seed": 1218157059,
      "opponent": "mcts",
      "final_reward": 0.0,
      "total_turns": 1,
      "valid_turns": 0,
      "invalid_turns": 1,
      "valid_rate": 0.0
    },
    {
      "task_id": 102813942,
      "game_name": "liars_dice",
      "seed": 34261522,
      "opponent": "mcts",
      "final_reward": 0.0,
      "total_turns": 2,
      "valid_turns": 1,
      "invalid_turns": 1,
      "valid_rate": 0.5
    },
    {
      "task_id": 114804073,
      "game_name": "liars_dice",
      "seed": 1107259235,
      "opponent": "mcts",
      "final_reward": 0.0,
      "total_turns": 1,
      "valid_turns": 1,
      "invalid_turns": 0,
      "valid_rate": 1.0
    },
    {
      "task_id": 187574703,
      "game_name": "liars_dice",
      "seed": 587781373,
      "opponent": "mcts",
      "final_reward": 0.0,
      "total_turns": 1,
      "valid_turns": 0,
      "invalid_turns": 1,
      "valid_rate": 0.0
    },
    {
      "task_id": 163234531,
      "game_name": "liars_dice",
      "seed": 2102609977,
      "opponent": "mcts",
      "final_reward": 0.0,
      "total_turns": 1,
      "valid_turns": 0,
      "invalid_turns": 1,
      "valid_rate": 0.0
    },
    {
      "task_id": 136979319,
      "game_name": "liars_dice",
      "seed": 1119911038,
      "opponent": "mcts",
      "final_reward": 0.0,
      "total_turns": 2,
      "valid_turns": 1,
      "invalid_turns": 1,
      "valid_rate": 0.5
    },
    {
      "task_id": 123111220,
      "game_name": "liars_dice",
      "seed": 1508811531,
      "opponent": "mcts",
      "final_reward": 0.0,
      "total_turns": 1,
      "valid_turns": 0,
      "invalid_turns": 1,
      "valid_rate": 0.0
    },
    {
      "task_id": 126857707,
      "game_name": "liars_dice",
      "seed": 408342889,
      "opponent": "mcts",
      "final_reward": 0.0,
      "total_turns": 1,
      "valid_turns": 0,
      "invalid_turns": 1,
      "valid_rate": 0.0
    },
    {
      "task_id": 119409388,
      "game_name": "liars_dice",
      "seed": 1079382620,
      "opponent": "mcts",
      "final_reward": 0.0,
      "total_turns": 2,
      "valid_turns": 1,