{
  "step": 80,
  "timestamp": "2026-01-19T10:51:36.718209",
  "num_episodes": 22,
  "stats": {
    "objective/kl": 47.758583068847656,
    "objective/kl_coef": 0.05036311782896519,
    "objective/entropy": 105.03852462768555,
    "ppo/mean_non_score_reward": -0.30065445229411125,
    "ppo/mean_scores": -0.06274581886827946,
    "ppo/std_scores": 0.0,
    "tokens/queries_len_mean": 218.4375,
    "tokens/queries_len_std": 8.792543888092041,
    "tokens/responses_len_mean": 8.0,
    "tokens/responses_len_std": 0.0,
    "ppo/loss/policy": -0.007570523768663406,
    "ppo/loss/value": 2.016086608171463,
    "ppo/loss/total": 0.19403814151883125,
    "ppo/policy/entropy": 0.8566968441009521,
    "ppo/policy/approxkl": 0.001052078529028222,
    "ppo/policy/policykl": 0.003525137435644865,
    "ppo/policy/clipfrac": 0.00390625,
    "ppo/policy/advantages_mean": -3.725290298461914e-09,
    "ppo/returns/mean": -0.912497989833355,
    "ppo/returns/var": 4.965773701667786,
    "ppo/val/vpred": -0.8146783709526062,
    "ppo/val/error": 4.032173216342926,
    "ppo/val/clipfrac": 0.0,
    "ppo/val/mean": -0.8085395097732544,
    "ppo/val/var": 0.5225200578570366,
    "ppo/val/var_explained": 0.18949545919895172,
    "ppo/learning_rate": 5e-07,
    "time/ppo/forward_pass": 0.40133506059646606,
    "time/ppo/compute_rewards": 0.0008045434951782227,
    "time/ppo/compute_advantages": 0.016778409481048584,
    "time/ppo/optimize_step": 0.8951171636581421,
    "time/ppo/calc_stats": 0.006551861763000488,
    "time/ppo/total": 1.320676863193512,
    "mean_reward": 0.0,
    "mean_score": 0.0,
    "success_rate": 0.0,
    "num_samples": 16,
    "num_batches": 4,
    "total_valid_turns": 16,
    "total_invalid_turns": 13,
    "avg_valid_rate": 0.5454545454545454
  },
  "episodes_summary": [
    {
      "task_id": 156867712,
      "game_name": "liars_dice",
      "seed": 613458985,
      "opponent": "mcts",
      "final_reward": 0.0,
      "total_turns": 1,
      "valid_turns": 0,
      "invalid_turns": 1,
      "valid_rate": 0.0
    },
    {
      "task_id": 140064883,
      "game_name": "liars_dice",
      "seed": 168406054,
      "opponent": "mcts",
      "final_reward": 0.0,
      "total_turns": 1,
      "valid_turns": 1,
      "invalid_turns": 0,
      "valid_rate": 1.0
    },
    {
      "task_id": 135156010,
      "game_name": "liars_dice",
      "seed": 421321066,
      "opponent": "mcts",
      "final_reward": 0.0,
      "total_turns": 2,
      "valid_turns": 1,
      "invalid_turns": 1,
      "valid_rate": 0.5
    },
    {
      "task_id": 141240093,
      "game_name": "liars_dice",
      "seed": 601942094,
      "opponent": "mcts",
      "final_reward": 0.0,
      "total_turns": 1,
      "valid_turns": 1,
      "invalid_turns": 0,
      "valid_rate": 1.0
    },
    {
      "task_id": 134820741,
      "game_name": "liars_dice",
      "seed": 1798269258,
      "opponent": "mcts",
      "final_reward": 0.0,
      "total_turns": 1,
      "valid_turns": 1,
      "invalid_turns": 0,
      "valid_rate": 1.0
    },
    {
      "task_id": 177494845,
      "game_name": "liars_dice",
      "seed": 2072223853,
      "opponent": "mcts",
      "final_reward": 0.0,
      "total_turns": 1,
      "valid_turns": 0,
      "invalid_turns": 1,
      "valid_rate": 0.0
    },
    {
      "task_id": 189514236,
      "game_name": "liars_dice",
      "seed": 1952798616,
      "opponent": "mcts",
      "final_reward": 0.0,
      "total_turns": 1,
      "valid_turns": 1,
      "invalid_turns": 0,
      "valid_rate": 1.0
    },
    {
      "task_id": 111741595,
      "game_name": "liars_dice",
      "seed": 418514363,
      "opponent": "mcts",
      "final_reward": 0.0,
      "total_turns": 1,
      "valid_turns": 0,
      "invalid_turns": 1,
      "valid_rate": 0.0
    },
    {
      "task_id": 133717143,
      "game_name": "liars_dice",
      "seed": 1208776234,
      "opponent": "mcts",
      "final_reward": 0.0,
      "total_turns": 2,
      "valid_turns": 1,
      "invalid_turns": 1,
      "valid_rate": 0.5
    },
    {
      "task_id": 111741595,
      "game_name": "liars_dice",
      "seed": 1360642520,
      "opponent": "mcts",
      "final_reward": 0.0,
      "total_turns": 1,
      "valid_turns": 0,
      "invalid_turns": 1,
      "valid_rate": 0.0
    },
    {
      "task_id": 120178766,
      "game_name": "liars_dice",
      "seed": 845526451,
      "opponent": "mcts",
      "final_reward": 0.0,
      "total_turns": 1,
      "valid_turns": 0,
      "invalid_turns": 1,
      "valid_rate": 0.0
    },
    {
      "task_id": 171125644,
      "game_name": "liars_dice",
      "seed": 193177320,
      "opponent": "mcts",
      "final_reward": 0.0,
      "total_turns": 1,
      "valid_turns": 1,
      "invalid_turns": 0,
      "valid_rate": 1.0
    },
    {
      "task_id": 108362586,
      "game_name": "liars_dice",
      "seed": 2088181751,
      "opponent": "mcts",
      "final_reward": 0.0,
      "total_turns": 1,
      "valid_turns": 1,
      "invalid_turns": 0,
      "valid_rate": 1.0
    },
    {
      "task_id": 122875714,
      "game_name": "liars_dice",
      "seed": 1103752702,
      "opponent": "mcts",
      "final_reward": 0.0,
      "total_turns": 2,
      "valid_turns": 1,
      "invalid_turns": 1,
      "valid_rate": 0.5
    },
    {
      "task_id": 131100228,
      "game_name": "liars_dice",
      "seed": 1347897751,
      "opponent": "mcts",
      "final_reward": 0.0,
      "total_turns": 1,
      "valid_turns": 0,
      "invalid_turns": 1,
      "valid_rate": 0.0
    },
    {
      "task_id": 107033306,
      "game_name": "liars_dice",
      "seed": 4939468,
      "opponent": "mcts",
      "final_reward": 0.0,
      "total_turns": 2,
      "valid_turns": 1,
      "invalid_turns": 1,
      "valid_rate": 0.5
    },
    {
      "task_id": 143488489,
      "game_name": "liars_dice",
      "seed": 406851958,
      "opponent": "mcts",
      "final_reward": 0.0,
      "total_turns": 2,
      "valid_turns": 1,
      "invalid_turns": 1,
      "valid_rate": 0.5
    },
    {
      "task_id": 166458841,
      "game_name": "liars_dice",
      "seed": 393196828,
      "opponent": "mcts",
      "final_reward": 0.0,
      "total_turns": 2,
      "valid_turns": 2,
      "invalid_turns": 0,
      "valid_rate": 1.0
    },
    {
      "task_id": 196084845,
      "game_name": "liars_dice",
      "seed": 1832356983,
      "opponent": "mcts",
      "final_reward": 0.0,
      "total_turns": 1,
      "valid_turns": 1,
      "invalid_turns": 0,
      "valid_rate": 1.0
    },
    {
      "task_id": 121806916,
      "game_name": "liars_dice",
      "seed": 1033142279,
      "opponent": "mcts",
      "final_reward": 0.0,
      "total_turns": 1,
      "valid_turns": 0,
      "invalid_turns": 1,
      "valid_rate": 0.0
    },
    {
      "task_id": 160933338,
      "game_name": "liars_dice",
      "seed": 1652095322,
      "opponent": "mcts",
      "final_reward": 0.0,
      "total_turns": 2,
      "valid_turns": 1,
      "invalid_turns": 1,
      "valid_rate": 0.5
    },
    {
      "task_id": 117087681,
      "game_name": "liars_dice",
      "seed": 230468686,
      "opponent": "mcts",
      "final_reward": 0.0,
      "total_turns": 1,
      "valid_turns": 1,
      "invalid_turns": 0,
      "valid_rate": 1.0
    }
  ],
  "aggregated": {
    "total_valid_turns": 16,
    "total_invalid_turns": 13,
    "avg_valid_rate": 0.5454545454545454,
    "games_played": {
      "liars_dice": 22
    },
    "success_count": 0,
    "failure_count": 22,
    "success_rate": 0.0
  }
}