{
  "step": 1,
  "timestamp": "2026-01-10T01:28:25.397672",
  "num_episodes": 16,
  "stats": {
    "objective/kl": -0.0053729829378426075,
    "objective/kl_coef": 0.001,
    "objective/entropy": 2.1082344353199005,
    "ppo/mean_non_score_reward": 1.3432457990347757e-06,
    "ppo/mean_scores": -0.1199515238404274,
    "ppo/std_scores": 0.9846525192260742,
    "tokens/queries_len_mean": 508.0,
    "tokens/queries_len_std": 0.0,
    "tokens/responses_len_mean": 4.0,
    "tokens/responses_len_std": 0.0,
    "ppo/loss/policy": -5.21540641784668e-08,
    "ppo/loss/value": 1.7470667362213135,
    "ppo/loss/total": 0.17470663040876389,
    "ppo/policy/entropy": 0.8948851823806763,
    "ppo/policy/approxkl": 0.0,
    "ppo/policy/policykl": 0.0,
    "ppo/policy/clipfrac": 0.0,
    "ppo/policy/advantages_mean": 5.21540641784668e-08,
    "ppo/returns/mean": -0.2515181750059128,
    "ppo/returns/var": 0.6744378805160522,
    "ppo/val/vpred": -1.5442508459091187,
    "ppo/val/error": 3.494133472442627,
    "ppo/val/clipfrac": 0.0,
    "ppo/val/mean": -1.5442508459091187,
    "ppo/val/var": 1.1267399787902832,
    "ppo/val/var_explained": -4.152262210845947,
    "ppo/learning_rate": 5e-06,
    "time/ppo/forward_pass": 0.7072552442550659,
    "time/ppo/compute_rewards": 0.0015636682510375977,
    "time/ppo/compute_advantages": 0.03817915916442871,
    "time/ppo/optimize_step": 0.8720192909240723,
    "time/ppo/calc_stats": 0.01829707622528076,
    "time/ppo/total": 1.6373740434646606,
    "mean_reward": 0.33222222328186035,
    "mean_score": 0.3333333333333333,
    "success_rate": 0.3333333333333333,
    "num_samples": 9,
    "num_batches": 2,
    "total_valid_turns": 9,
    "total_invalid_turns": 350,
    "avg_valid_rate": 0.09101499781053861
  },
  "episodes_summary": [
    {
      "task_id": 605433721,
      "game_name": "hex",
      "seed": 1112038970,
      "opponent": "random",
      "final_reward": 1.0,
      "total_turns": 17,
      "valid_turns": 2,
      "invalid_turns": 15,
      "valid_rate": 0.11764705882352941
    },
    {
      "task_id": 754349339,
      "game_name": "clobber",
      "seed": 1302718217,
      "opponent": "random",
      "final_reward": 1.0,
      "total_turns": 11,
      "valid_turns": 0,
      "invalid_turns": 11,
      "valid_rate": 0.0
    },
    {
      "task_id": 578300211,
      "game_name": "backgammon",
      "seed": 938204377,
      "opponent": "random",
      "final_reward": 0.0,
      "total_turns": 50,
      "valid_turns": 0,
      "invalid_turns": 50,
      "valid_rate": 0.0
    },
    {
      "task_id": 418756361,
      "game_name": "othello",
      "seed": 407295012,
      "opponent": "random",
      "final_reward": 0.0,
      "total_turns": 30,
      "valid_turns": 1,
      "invalid_turns": 29,
      "valid_rate": 0.03333333333333333
    },
    {
      "task_id": 471479480,
      "game_name": "othello",
      "seed": 631194409,
      "opponent": "random",
      "final_reward": 1.0,
      "total_turns": 30,
      "valid_turns": 0,
      "invalid_turns": 30,
      "valid_rate": 0.0
    },
    {
      "task_id": 191802769,
      "game_name": "liars_dice",
      "seed": 1418186270,
      "opponent": "random",
      "final_reward": 0.0,
      "total_turns": 3,
      "valid_turns": 1,
      "invalid_turns": 2,
      "valid_rate": 0.3333333333333333
    },
    {
      "task_id": 147485068,
      "game_name": "liars_dice",
      "seed": 1864753826,
      "opponent": "random",
      "final_reward": 0.0,
      "total_turns": 3,
      "valid_turns": 1,
      "invalid_turns": 2,
      "valid_rate": 0.3333333333333333
    },
    {
      "task_id": 374158472,
      "game_name": "gin_rummy",
      "seed": 2048741382,
      "opponent": "random",
      "final_reward": 0.5,
      "total_turns": 73,
      "valid_turns": 0,
      "invalid_turns": 73,
      "valid_rate": 0.0
    },
    {
      "task_id": 408359024,
      "game_name": "othello",
      "seed": 60308648,
      "opponent": "random",
      "final_reward": 1.0,
      "total_turns": 31,
      "valid_turns": 1,
      "invalid_turns": 30,
      "valid_rate": 0.03225806451612903
    },
    {
      "task_id": 191802769,
      "game_name": "liars_dice",
      "seed": 1712934065,
      "opponent": "random",
      "final_reward": 1.0,
      "total_turns": 2,
      "valid_turns": 0,
      "invalid_turns": 2,
      "valid_rate": 0.0
    },
    {
      "task_id": 82127436,
      "game_name": "goofspiel",
      "seed": 2119900799,
      "opponent": "random",
      "final_reward": 1.0,
      "total_turns": 0,
      "valid_turns": 0,
      "invalid_turns": 0,
      "valid_rate": 0.0
    },
    {
      "task_id": 532737163,
      "game_name": "backgammon",
      "seed": 1396742090,
      "opponent": "random",
      "final_reward": 0.0,
      "total_turns": 34,
      "valid_turns": 1,
      "invalid_turns": 33,
      "valid_rate": 0.029411764705882353
    },
    {
      "task_id": 125644590,
      "game_name": "liars_dice",
      "seed": 952210990,
      "opponent": "random",
      "final_reward": 0.0,
      "total_turns": 2,
      "valid_turns": 1,
      "invalid_turns": 1,
      "valid_rate": 0.5
    },
    {
      "task_id": 532737163,
      "game_name": "backgammon",
      "seed": 612008755,
      "opponent": "random",
      "final_reward": 0.0,
      "total_turns": 47,
      "valid_turns": 0,
      "invalid_turns": 47,
      "valid_rate": 0.0
    },
    {
      "task_id": 712242798,
      "game_name": "clobber",
      "seed": 345512145,
      "opponent": "random",
      "final_reward": 0.0,
      "total_turns": 13,
      "valid_turns": 1,
      "invalid_turns": 12,
      "valid_rate": 0.07692307692307693
    },
    {
      "task_id": 714637496,
      "game_name": "clobber",
      "seed": 1294704107,
      "opponent": "random",
      "final_reward": 1.0,
      "total_turns": 13,
      "valid_turns": 0,
      "invalid_turns": 13,
      "valid_rate": 0.0
    }
  ],
  "aggregated": {
    "total_valid_turns": 9,
    "total_invalid_turns": 350,
    "avg_valid_rate": 0.09101499781053861,
    "games_played": {
      "hex": 1,
      "backgammon": 3,
      "gin_rummy": 1,
      "goofspiel": 1,
      "othello": 3,
      "clobber": 3,
      "liars_dice": 4
    }
  }
}