{
  "step": 38,
  "timestamp": "2026-01-19T10:25:03.644905",
  "num_episodes": 22,
  "stats": {
    "objective/kl": 2.9889696836471558,
    "objective/kl_coef": 0.05024321563541889,
    "objective/entropy": 69.3616828918457,
    "ppo/mean_non_score_reward": -0.018771811854094267,
    "ppo/mean_scores": -0.08171970210969448,
    "ppo/std_scores": 0.0,
    "tokens/queries_len_mean": 218.25,
    "tokens/queries_len_std": 12.136452287435532,
    "tokens/responses_len_mean": 8.0,
    "tokens/responses_len_std": 0.0,
    "ppo/loss/policy": -0.0030512777157127857,
    "ppo/loss/value": 0.7928127646446228,
    "ppo/loss/total": 0.0762300007045269,
    "ppo/policy/entropy": 1.229549154639244,
    "ppo/policy/approxkl": 0.0010232530839857645,
    "ppo/policy/policykl": 0.001333237742073834,
    "ppo/policy/clipfrac": 0.00390625,
    "ppo/policy/advantages_mean": -1.3504177331924438e-08,
    "ppo/returns/mean": -0.4806492030620575,
    "ppo/returns/var": 1.1832135021686554,
    "ppo/val/vpred": 0.1109176785685122,
    "ppo/val/error": 1.5856255292892456,
    "ppo/val/clipfrac": 0.0,
    "ppo/val/mean": 0.11318878037855029,
    "ppo/val/var": 0.30892597883939743,
    "ppo/val/var_explained": -0.3790852427482605,
    "ppo/learning_rate": 5e-07,
    "time/ppo/forward_pass": 0.5002791285514832,
    "time/ppo/compute_rewards": 0.001128554344177246,
    "time/ppo/compute_advantages": 0.026742875576019287,
    "time/ppo/optimize_step": 0.989138126373291,
    "time/ppo/calc_stats": 0.007394611835479736,
    "time/ppo/total": 1.524798572063446,
    "mean_reward": 0.0,
    "mean_score": 0.0,
    "success_rate": 0.0,
    "num_samples": 16,
    "num_batches": 4,
    "total_valid_turns": 16,
    "total_invalid_turns": 11,
    "avg_valid_rate": 0.6136363636363636
  },
  "episodes_summary": [
    {
      "task_id": 117982510,
      "game_name": "liars_dice",
      "seed": 856121564,
      "opponent": "mcts",
      "final_reward": 0.0,
      "total_turns": 2,
      "valid_turns": 0,
      "invalid_turns": 2,
      "valid_rate": 0.0
    },
    {
      "task_id": 131791302,
      "game_name": "liars_dice",
      "seed": 1350598494,
      "opponent": "mcts",
      "final_reward": 0.0,
      "total_turns": 1,
      "valid_turns": 1,
      "invalid_turns": 0,
      "valid_rate": 1.0
    },
    {
      "task_id": 179153161,
      "game_name": "liars_dice",
      "seed": 2066711713,
      "opponent": "mcts",
      "final_reward": 0.0,
      "total_turns": 1,
      "valid_turns": 0,
      "invalid_turns": 1,
      "valid_rate": 0.0
    },
    {
      "task_id": 139727359,
      "game_name": "liars_dice",
      "seed": 78279377,
      "opponent": "mcts",
      "final_reward": 0.0,
      "total_turns": 1,
      "valid_turns": 0,
      "invalid_turns": 1,
      "valid_rate": 0.0
    },
    {
      "task_id": 136451952,
      "game_name": "liars_dice",
      "seed": 840569128,
      "opponent": "mcts",
      "final_reward": 0.0,
      "total_turns": 1,
      "valid_turns": 1,
      "invalid_turns": 0,
      "valid_rate": 1.0
    },
    {
      "task_id": 141846765,
      "game_name": "liars_dice",
      "seed": 1888554186,
      "opponent": "mcts",
      "final_reward": 0.0,
      "total_turns": 2,
      "valid_turns": 1,
      "invalid_turns": 1,
      "valid_rate": 0.5
    },
    {
      "task_id": 163046357,
      "game_name": "liars_dice",
      "seed": 208507831,
      "opponent": "mcts",
      "final_reward": 0.0,
      "total_turns": 1,
      "valid_turns": 0,
      "invalid_turns": 1,
      "valid_rate": 0.0
    },
    {
      "task_id": 156348678,
      "game_name": "liars_dice",
      "seed": 1363649530,
      "opponent": "mcts",
      "final_reward": 0.0,
      "total_turns": 1,
      "valid_turns": 1,
      "invalid_turns": 0,
      "valid_rate": 1.0
    },
    {
      "task_id": 130432411,
      "game_name": "liars_dice",
      "seed": 1421080001,
      "opponent": "mcts",
      "final_reward": 0.0,
      "total_turns": 1,
      "valid_turns": 1,
      "invalid_turns": 0,
      "valid_rate": 1.0
    },
    {
      "task_id": 169744024,
      "game_name": "liars_dice",
      "seed": 111893137,
      "opponent": "mcts",
      "final_reward": 0.0,
      "total_turns": 1,
      "valid_turns": 0,
      "invalid_turns": 1,
      "valid_rate": 0.0
    },
    {
      "task_id": 118764345,
      "game_name": "liars_dice",
      "seed": 6005985,
      "opponent": "mcts",
      "final_reward": 0.0,
      "total_turns": 1,
      "valid_turns": 0,
      "invalid_turns": 1,
      "valid_rate": 0.0
    },
    {
      "task_id": 140520750,
      "game_name": "liars_dice",
      "seed": 80432557,
      "opponent": "mcts",
      "final_reward": 0.0,
      "total_turns": 1,
      "valid_turns": 1,
      "invalid_turns": 0,
      "valid_rate": 1.0
    },
    {
      "task_id": 107376828,
      "game_name": "liars_dice",
      "seed": 1379269442,
      "opponent": "mcts",
      "final_reward": 0.0,
      "total_turns": 1,
      "valid_turns": 1,
      "invalid_turns": 0,
      "valid_rate": 1.0
    },
    {
      "task_id": 108416894,
      "game_name": "liars_dice",
      "seed": 205805924,
      "opponent": "mcts",
      "final_reward": 0.0,
      "total_turns": 1,
      "valid_turns": 1,
      "invalid_turns": 0,
      "valid_rate": 1.0
    },
    {
      "task_id": 148297615,
      "game_name": "liars_dice",
      "seed": 1644171943,
      "opponent": "mcts",
      "final_reward": 0.0,
      "total_turns": 1,
      "valid_turns": 1,
      "invalid_turns": 0,
      "valid_rate": 1.0
    },
    {
      "task_id": 156200327,
      "game_name": "liars_dice",
      "seed": 901092069,
      "opponent": "mcts",
      "final_reward": 0.0,
      "total_turns": 1,
      "valid_turns": 0,
      "invalid_turns": 1,
      "valid_rate": 0.0
    },
    {
      "task_id": 180039005,
      "game_name": "liars_dice",
      "seed": 957644046,
      "opponent": "mcts",
      "final_reward": 0.0,
      "total_turns": 2,
      "valid_turns": 2,
      "invalid_turns": 0,
      "valid_rate": 1.0
    },
    {
      "task_id": 199040186,
      "game_name": "liars_dice",
      "seed": 46264496,
      "opponent": "mcts",
      "final_reward": 0.0,
      "total_turns": 2,
      "valid_turns": 1,
      "invalid_turns": 1,
      "valid_rate": 0.5
    },
    {
      "task_id": 108510792,
      "game_name": "liars_dice",
      "seed": 555405214,
      "opponent": "mcts",
      "final_reward": 0.0,
      "total_turns": 1,
      "valid_turns": 1,
      "invalid_turns": 0,
      "valid_rate": 1.0
    },
    {
      "task_id": 137657242,
      "game_name": "liars_dice",
      "seed": 1266406010,
      "opponent": "mcts",
      "final_reward": 0.0,
      "total_turns": 2,
      "valid_turns": 1,
      "invalid_turns": 1,
      "valid_rate": 0.5
    },
    {
      "task_id": 145936143,
      "game_name": "liars_dice",
      "seed": 1775322321,
      "opponent": "mcts",
      "final_reward": 0.0,
      "total_turns": 1,
      "valid_turns": 1,
      "invalid_turns": 0,
      "valid_rate": 1.0
    },
    {
      "task_id": 169308228,
      "game_name": "liars_dice",
      "seed": 1307222683,
      "opponent": "mcts",
      "final_reward": 0.0,
      "total_turns": 1,
      "valid_turns": 1,
      "invalid_turns": 0,
      "valid_rate": 1.0
    }
  ],
  "aggregated": {
    "total_valid_turns": 16,
    "total_invalid_turns": 11,
    "avg_valid_rate": 0.6136363636363636,
    "games_played": {
      "liars_dice": 22
    },
    "success_count": 0,
    "failure_count": 22,
    "success_rate": 0.0
  }
}