{
  "step": 52,
  "timestamp": "2026-01-19T10:33:57.533367",
  "num_episodes": 26,
  "stats": {
    "objective/kl": 3.6199983954429626,
    "objective/kl_coef": 0.05001896619796753,
    "objective/entropy": 75.9497127532959,
    "ppo/mean_non_score_reward": -0.02263372717425227,
    "ppo/mean_scores": -0.07799279876053333,
    "ppo/std_scores": 0.0,
    "tokens/queries_len_mean": 222.6875,
    "tokens/queries_len_std": 18.05330467224121,
    "tokens/responses_len_mean": 8.0,
    "tokens/responses_len_std": 0.0,
    "ppo/loss/policy": -0.00649282056838274,
    "ppo/loss/value": 1.5539256930351257,
    "ppo/loss/total": 0.1488997545093298,
    "ppo/policy/entropy": 1.5358639061450958,
    "ppo/policy/approxkl": 0.0008029151285882108,
    "ppo/policy/policykl": 0.002747913124039769,
    "ppo/policy/clipfrac": 0.00390625,
    "ppo/policy/advantages_mean": 1.1175870895385742e-08,
    "ppo/returns/mean": -0.5630715414881706,
    "ppo/returns/var": 2.5463295578956604,
    "ppo/val/vpred": -0.20697710663080215,
    "ppo/val/error": 3.1078513860702515,
    "ppo/val/clipfrac": 0.0,
    "ppo/val/mean": -0.20607002079486847,
    "ppo/val/var": 0.3707724064588547,
    "ppo/val/var_explained": -0.28517740964889526,
    "ppo/learning_rate": 5e-07,
    "time/ppo/forward_pass": 0.44237595796585083,
    "time/ppo/compute_rewards": 0.0008194446563720703,
    "time/ppo/compute_advantages": 0.01819509267807007,
    "time/ppo/optimize_step": 0.9508810639381409,
    "time/ppo/calc_stats": 0.011124491691589355,
    "time/ppo/total": 1.4235029220581055,
    "mean_reward": 0.0,
    "mean_score": 0.0,
    "success_rate": 0.0,
    "num_samples": 16,
    "num_batches": 4,
    "total_valid_turns": 16,
    "total_invalid_turns": 13,
    "avg_valid_rate": 0.5192307692307693
  },
  "episodes_summary": [
    {
      "task_id": 130196982,
      "game_name": "liars_dice",
      "seed": 560283558,
      "opponent": "mcts",
      "final_reward": 0.0,
      "total_turns": 1,
      "valid_turns": 1,
      "invalid_turns": 0,
      "valid_rate": 1.0
    },
    {
      "task_id": 154886165,
      "game_name": "liars_dice",
      "seed": 170046158,
      "opponent": "mcts",
      "final_reward": 0.0,
      "total_turns": 1,
      "valid_turns": 1,
      "invalid_turns": 0,
      "valid_rate": 1.0
    },
    {
      "task_id": 162769928,
      "game_name": "liars_dice",
      "seed": 2047077980,
      "opponent": "mcts",
      "final_reward": 0.0,
      "total_turns": 2,
      "valid_turns": 2,
      "invalid_turns": 0,
      "valid_rate": 1.0
    },
    {
      "task_id": 156950671,
      "game_name": "liars_dice",
      "seed": 1063025709,
      "opponent": "mcts",
      "final_reward": 0.0,
      "total_turns": 1,
      "valid_turns": 1,
      "invalid_turns": 0,
      "valid_rate": 1.0
    },
    {
      "task_id": 146763597,
      "game_name": "liars_dice",
      "seed": 417914177,
      "opponent": "mcts",
      "final_reward": 0.0,
      "total_turns": 1,
      "valid_turns": 0,
      "invalid_turns": 1,
      "valid_rate": 0.0
    },
    {
      "task_id": 113691918,
      "game_name": "liars_dice",
      "seed": 1929204111,
      "opponent": "mcts",
      "final_reward": 0.0,
      "total_turns": 1,
      "valid_turns": 0,
      "invalid_turns": 1,
      "valid_rate": 0.0
    },
    {
      "task_id": 135146053,
      "game_name": "liars_dice",
      "seed": 2057256793,
      "opponent": "mcts",
      "final_reward": 0.0,
      "total_turns": 1,
      "valid_turns": 0,
      "invalid_turns": 1,
      "valid_rate": 0.0
    },
    {
      "task_id": 100033985,
      "game_name": "liars_dice",
      "seed": 1944347472,
      "opponent": "mcts",
      "final_reward": 0.0,
      "total_turns": 1,
      "valid_turns": 1,
      "invalid_turns": 0,
      "valid_rate": 1.0
    },
    {
      "task_id": 176502149,
      "game_name": "liars_dice",
      "seed": 1735106141,
      "opponent": "mcts",
      "final_reward": 0.0,
      "total_turns": 1,
      "valid_turns": 0,
      "invalid_turns": 1,
      "valid_rate": 0.0
    },
    {
      "task_id": 152424557,
      "game_name": "liars_dice",
      "seed": 717918200,
      "opponent": "mcts",
      "final_reward": 0.0,
      "total_turns": 1,
      "valid_turns": 1,
      "invalid_turns": 0,
      "valid_rate": 1.0
    },
    {
      "task_id": 157608105,
      "game_name": "liars_dice",
      "seed": 2105324730,
      "opponent": "mcts",
      "final_reward": 0.0,
      "total_turns": 1,
      "valid_turns": 1,
      "invalid_turns": 0,
      "valid_rate": 1.0
    },
    {
      "task_id": 168814838,
      "game_name": "liars_dice",
      "seed": 1006802133,
      "opponent": "mcts",
      "final_reward": 0.0,
      "total_turns": 1,
      "valid_turns": 0,
      "invalid_turns": 1,
      "valid_rate": 0.0
    },
    {
      "task_id": 191566390,
      "game_name": "liars_dice",
      "seed": 1187654821,
      "opponent": "mcts",
      "final_reward": 0.0,
      "total_turns": 1,
      "valid_turns": 1,
      "invalid_turns": 0,
      "valid_rate": 1.0
    },
    {
      "task_id": 121806916,
      "game_name": "liars_dice",
      "seed": 1915831947,
      "opponent": "mcts",
      "final_reward": 0.0,
      "total_turns": 1,
      "valid_turns": 0,
      "invalid_turns": 1,
      "valid_rate": 0.0
    },
    {
      "task_id": 153079140,
      "game_name": "liars_dice",
      "seed": 965261839,
      "opponent": "mcts",
      "final_reward": 0.0,
      "total_turns": 1,
      "valid_turns": 0,
      "invalid_turns": 1,
      "valid_rate": 0.0
    },
    {
      "task_id": 187312920,
      "game_name": "liars_dice",
      "seed": 1352515551,
      "opponent": "mcts",
      "final_reward": 0.0,
      "total_turns": 1,
      "valid_turns": 0,
      "invalid_turns": 1,
      "valid_rate": 0.0
    },
    {
      "task_id": 188434191,
      "game_name": "liars_dice",
      "seed": 150125718,
      "opponent": "mcts",
      "final_reward": 0.0,
      "total_turns": 1,
      "valid_turns": 1,
      "invalid_turns": 0,
      "valid_rate": 1.0
    },
    {
      "task_id": 176799194,
      "game_name": "liars_dice",
      "seed": 94191257,
      "opponent": "mcts",
      "final_reward": 0.0,
      "total_turns": 1,
      "valid_turns": 0,
      "invalid_turns": 1,
      "valid_rate": 0.0
    },
    {
      "task_id": 154628054,
      "game_name": "liars_dice",
      "seed": 1291764726,
      "opponent": "mcts",
      "final_reward": 0.0,
      "total_turns": 1,
      "valid_turns": 1,
      "invalid_turns": 0,
      "valid_rate": 1.0
    },
    {
      "task_id": 174598693,
      "game_name": "liars_dice",
      "seed": 1640590148,
      "opponent": "mcts",
      "final_reward": 0.0,
      "total_turns": 1,
      "valid_turns": 1,
      "invalid_turns": 0,
      "valid_rate": 1.0
    },
    {
      "task_id": 118972892,
      "game_name": "liars_dice",
      "seed": 1174444882,
      "opponent": "mcts",
      "final_reward": 0.0,
      "total_turns": 2,
      "valid_turns": 2,
      "invalid_turns": 0,
      "valid_rate": 1.0
    },
    {
      "task_id": 145503110,
      "game_name": "liars_dice",
      "seed": 190917119,
      "opponent": "mcts",
      "final_reward": 0.0,
      "total_turns": 1,
      "valid_turns": 0,
      "invalid_turns": 1,
      "valid_rate": 0.0
    },
    {
      "task_id": 122996192,
      "game_name": "liars_dice",
      "seed": 508949793,
      "opponent": "mcts",
      "final_reward": 0.0,
      "total_turns": 1,
      "valid_turns": 0,
      "invalid_turns": 1,
      "valid_rate": 0.0
    },
    {
      "task_id": 184584472,
      "game_name": "liars_dice",
      "seed": 421976603,
      "opponent": "mcts",
      "final_reward": 0.0,
      "total_turns": 1,
      "valid_turns": 0,
      "invalid_turns": 1,
      "valid_rate": 0.0
    },
    {
      "task_id": 128488132,
      "game_name": "liars_dice",
      "seed": 1768977779,
      "opponent": "mcts",
      "final_reward": 0.0,
      "total_turns": 1,