{
  "step": 3,
  "timestamp": "2026-01-10T01:35:22.682824",
  "num_episodes": 16,
  "stats": {
    "objective/kl": 0.8639364242553711,
    "objective/kl_coef": 0.001,
    "objective/entropy": 50.777706146240234,
    "ppo/mean_non_score_reward": -0.00034557454637251794,
    "ppo/mean_scores": -0.17179904878139496,
    "ppo/std_scores": 1.0103822946548462,
    "tokens/queries_len_mean": 508.0,
    "tokens/queries_len_std": 0.0,
    "tokens/responses_len_mean": 2.5,
    "tokens/responses_len_std": 0.5773502588272095,
    "ppo/loss/policy": -4.7683716530855236e-08,
    "ppo/loss/value": 1.4859148263931274,
    "ppo/loss/total": 0.14859144389629364,
    "ppo/policy/entropy": 0.20544910430908203,
    "ppo/policy/approxkl": 0.0,
    "ppo/policy/policykl": 0.0,
    "ppo/policy/clipfrac": 0.0,
    "ppo/policy/advantages_mean": 4.7683716530855236e-08,
    "ppo/returns/mean": -0.1301243007183075,
    "ppo/returns/var": 0.8690032958984375,
    "ppo/val/vpred": -1.1806175708770752,
    "ppo/val/error": 2.971829652786255,
    "ppo/val/clipfrac": 0.0,
    "ppo/val/mean": -1.1806175708770752,
    "ppo/val/var": 0.6582228541374207,
    "ppo/val/var_explained": -2.419814109802246,
    "ppo/learning_rate": 5e-06,
    "time/ppo/forward_pass": 0.636995792388916,
    "time/ppo/compute_rewards": 0.0007390975952148438,
    "time/ppo/compute_advantages": 0.03785514831542969,
    "time/ppo/optimize_step": 0.7351129055023193,
    "time/ppo/calc_stats": 0.03303694725036621,
    "time/ppo/total": 1.4437823295593262,
    "mean_reward": 0.39800000190734863,
    "mean_score": 0.4,
    "success_rate": 0.4,
    "num_samples": 5,
    "num_batches": 1,
    "total_valid_turns": 5,
    "total_invalid_turns": 250,
    "avg_valid_rate": 0.02966631603553062
  },
  "episodes_summary": [
    {
      "task_id": 173476275,
      "game_name": "liars_dice",
      "seed": 809689893,
      "opponent": "random",
      "final_reward": 1.0,
      "total_turns": 4,
      "valid_turns": 0,
      "invalid_turns": 4,
      "valid_rate": 0.0
    },
    {
      "task_id": 152507238,
      "game_name": "liars_dice",
      "seed": 393126321,
      "opponent": "random",
      "final_reward": 1.0,
      "total_turns": 2,
      "valid_turns": 0,
      "invalid_turns": 2,
      "valid_rate": 0.0
    },
    {
      "task_id": 104884456,
      "game_name": "liars_dice",
      "seed": 92928119,
      "opponent": "random",
      "final_reward": 1.0,
      "total_turns": 2,
      "valid_turns": 0,
      "invalid_turns": 2,
      "valid_rate": 0.0
    },
    {
      "task_id": 778795832,
      "game_name": "clobber",
      "seed": 794448426,
      "opponent": "random",
      "final_reward": 1.0,
      "total_turns": 12,
      "valid_turns": 0,
      "invalid_turns": 12,
      "valid_rate": 0.0
    },
    {
      "task_id": 728263100,
      "game_name": "clobber",
      "seed": 262357606,
      "opponent": "random",
      "final_reward": 0.0,
      "total_turns": 12,
      "valid_turns": 0,
      "invalid_turns": 12,
      "valid_rate": 0.0
    },
    {
      "task_id": 73046040,
      "game_name": "goofspiel",
      "seed": 1828018965,
      "opponent": "random",
      "final_reward": 0.0,
      "total_turns": 0,
      "valid_turns": 0,
      "invalid_turns": 0,
      "valid_rate": 0.0
    },
    {
      "task_id": 409395818,
      "game_name": "othello",
      "seed": 948454521,
      "opponent": "random",
      "final_reward": 0.0,
      "total_turns": 30,
      "valid_turns": 1,
      "invalid_turns": 29,
      "valid_rate": 0.03333333333333333
    },
    {
      "task_id": 191802769,
      "game_name": "liars_dice",
      "seed": 1293049471,
      "opponent": "random",
      "final_reward": 0.0,
      "total_turns": 1,
      "valid_turns": 0,
      "invalid_turns": 1,
      "valid_rate": 0.0
    },
    {
      "task_id": 208192977,
      "game_name": "leduc_poker",
      "seed": 2006313350,
      "opponent": "random",
      "final_reward": 0.5,
      "total_turns": 2,
      "valid_turns": 0,
      "invalid_turns": 2,
      "valid_rate": 0.0
    },
    {
      "task_id": 173476275,
      "game_name": "liars_dice",
      "seed": 433453424,
      "opponent": "random",
      "final_reward": 0.0,
      "total_turns": 3,
      "valid_turns": 1,
      "invalid_turns": 2,
      "valid_rate": 0.3333333333333333
    },
    {
      "task_id": 626757081,
      "game_name": "hex",
      "seed": 1117263813,
      "opponent": "random",
      "final_reward": 0.0,
      "total_turns": 23,
      "valid_turns": 1,
      "invalid_turns": 22,
      "valid_rate": 0.043478260869565216
    },
    {
      "task_id": 776473039,
      "game_name": "clobber",
      "seed": 727673138,
      "opponent": "random",
      "final_reward": 1.0,
      "total_turns": 8,
      "valid_turns": 0,
      "invalid_turns": 8,
      "valid_rate": 0.0
    },
    {
      "task_id": 307791465,
      "game_name": "gin_rummy",
      "seed": 679500893,
      "opponent": "random",
      "final_reward": 0.5,
      "total_turns": 72,
      "valid_turns": 0,
      "invalid_turns": 72,
      "valid_rate": 0.0
    },
    {
      "task_id": 571064827,
      "game_name": "backgammon",
      "seed": 1076693935,
      "opponent": "random",
      "final_reward": 1.0,
      "total_turns": 53,
      "valid_turns": 0,
      "invalid_turns": 53,
      "valid_rate": 0.0
    },
    {
      "task_id": 409395818,
      "game_name": "othello",
      "seed": 1899724293,
      "opponent": "random",
      "final_reward": 1.0,
      "total_turns": 31,
      "valid_turns": 2,
      "invalid_turns": 29,
      "valid_rate": 0.06451612903225806
    },
    {
      "task_id": 63300491,
      "game_name": "goofspiel",
      "seed": 1760530271,
      "opponent": "random",
      "final_reward": 1.0,
      "total_turns": 0,
      "valid_turns": 0,
      "invalid_turns": 0,
      "valid_rate": 0.0
    }
  ],
  "aggregated": {
    "total_valid_turns": 5,
    "total_invalid_turns": 250,
    "avg_valid_rate": 0.02966631603553062,
    "games_played": {
      "hex": 1,
      "backgammon": 1,
      "leduc_poker": 1,
      "gin_rummy": 1,
      "goofspiel": 2,
      "othello": 2,
      "clobber": 3,
      "liars_dice": 5
    }
  }
}