{
  "step": 17,
  "timestamp": "2026-01-10T02:25:05.210144",
  "num_episodes": 16,
  "stats": {
    "objective/kl": 0.8208497762680054,
    "objective/kl_coef": 0.001,
    "objective/entropy": 43.79570007324219,
    "ppo/mean_non_score_reward": -0.0004104249819647521,
    "ppo/mean_scores": -0.36207664012908936,
    "ppo/std_scores": 0.9994586706161499,
    "tokens/queries_len_mean": 508.0,
    "tokens/queries_len_std": 0.0,
    "tokens/responses_len_mean": 2.0,
    "tokens/responses_len_std": 0.0,
    "ppo/loss/policy": 4.470348358154297e-08,
    "ppo/loss/value": 1.1195712089538574,
    "ppo/loss/total": 0.11195717006921768,
    "ppo/policy/entropy": 0.009121894836425781,
    "ppo/policy/approxkl": 0.0,
    "ppo/policy/policykl": 0.0,
    "ppo/policy/clipfrac": 0.0,
    "ppo/policy/advantages_mean": -4.470348358154297e-08,
    "ppo/returns/mean": -0.3740382790565491,
    "ppo/returns/var": 0.8199633359909058,
    "ppo/val/vpred": -1.2033920288085938,
    "ppo/val/error": 2.239142417907715,
    "ppo/val/clipfrac": 0.0,
    "ppo/val/mean": -1.2033920288085938,
    "ppo/val/var": 1.7332618236541748,
    "ppo/val/var_explained": -1.7307837009429932,
    "ppo/learning_rate": 5e-06,
    "time/ppo/forward_pass": 0.7075695991516113,
    "time/ppo/compute_rewards": 0.0007941722869873047,
    "time/ppo/compute_advantages": 0.036360979080200195,
    "time/ppo/optimize_step": 0.7808475494384766,
    "time/ppo/calc_stats": 0.035181522369384766,
    "time/ppo/total": 1.5608065128326416,
    "mean_reward": 0.25,
    "mean_score": 0.25,
    "success_rate": 0.25,
    "num_samples": 4,
    "num_batches": 1,
    "total_valid_turns": 4,
    "total_invalid_turns": 284,
    "avg_valid_rate": 0.04943181818181818
  },
  "episodes_summary": [
    {
      "task_id": 436580534,
      "game_name": "othello",
      "seed": 995521374,
      "opponent": "random",
      "final_reward": 0.0,
      "total_turns": 30,
      "valid_turns": 1,
      "invalid_turns": 29,
      "valid_rate": 0.03333333333333333
    },
    {
      "task_id": 81181356,
      "game_name": "goofspiel",
      "seed": 424775559,
      "opponent": "random",
      "final_reward": 1.0,
      "total_turns": 0,
      "valid_turns": 0,
      "invalid_turns": 0,
      "valid_rate": 0.0
    },
    {
      "task_id": 659671128,
      "game_name": "hex",
      "seed": 1780950047,
      "opponent": "random",
      "final_reward": 0.0,
      "total_turns": 11,
      "valid_turns": 0,
      "invalid_turns": 11,
      "valid_rate": 0.0
    },
    {
      "task_id": 302175538,
      "game_name": "gin_rummy",
      "seed": 1222162927,
      "opponent": "random",
      "final_reward": 0.5,
      "total_turns": 69,
      "valid_turns": 0,
      "invalid_turns": 69,
      "valid_rate": 0.0
    },
    {
      "task_id": 99579025,
      "game_name": "goofspiel",
      "seed": 1839404007,
      "opponent": "random",
      "final_reward": 0.0,
      "total_turns": 0,
      "valid_turns": 0,
      "invalid_turns": 0,
      "valid_rate": 0.0
    },
    {
      "task_id": 151632834,
      "game_name": "liars_dice",
      "seed": 1170313384,
      "opponent": "random",
      "final_reward": 1.0,
      "total_turns": 3,
      "valid_turns": 1,
      "invalid_turns": 2,
      "valid_rate": 0.3333333333333333
    },
    {
      "task_id": 147485068,
      "game_name": "liars_dice",
      "seed": 1541483785,
      "opponent": "random",
      "final_reward": 0.0,
      "total_turns": 2,
      "valid_turns": 0,
      "invalid_turns": 2,
      "valid_rate": 0.0
    },
    {
      "task_id": 266507989,
      "game_name": "leduc_poker",
      "seed": 1211898446,
      "opponent": "random",
      "final_reward": 0.3076923076923077,
      "total_turns": 3,
      "valid_turns": 0,
      "invalid_turns": 3,
      "valid_rate": 0.0
    },
    {
      "task_id": 708906571,
      "game_name": "clobber",
      "seed": 1031376651,
      "opponent": "random",
      "final_reward": 1.0,
      "total_turns": 8,
      "valid_turns": 0,
      "invalid_turns": 8,
      "valid_rate": 0.0
    },
    {
      "task_id": 778795832,
      "game_name": "clobber",
      "seed": 1320781672,
      "opponent": "random",
      "final_reward": 0.0,
      "total_turns": 10,
      "valid_turns": 0,
      "invalid_turns": 10,
      "valid_rate": 0.0
    },
    {
      "task_id": 350089642,
      "game_name": "gin_rummy",
      "seed": 2062742530,
      "opponent": "random",
      "final_reward": 0.5,
      "total_turns": 45,
      "valid_turns": 0,
      "invalid_turns": 45,
      "valid_rate": 0.0
    },
    {
      "task_id": 173476275,
      "game_name": "liars_dice",
      "seed": 736081703,
      "opponent": "random",
      "final_reward": 0.0,
      "total_turns": 2,
      "valid_turns": 0,
      "invalid_turns": 2,
      "valid_rate": 0.0
    },
    {
      "task_id": 305973078,
      "game_name": "gin_rummy",
      "seed": 66566661,
      "opponent": "random",
      "final_reward": 0.5,
      "total_turns": 67,
      "valid_turns": 0,
      "invalid_turns": 67,
      "valid_rate": 0.0
    },
    {
      "task_id": 549256195,
      "game_name": "backgammon",
      "seed": 108604231,
      "opponent": "random",
      "final_reward": 1.0,
      "total_turns": 24,
      "valid_turns": 0,
      "invalid_turns": 24,
      "valid_rate": 0.0
    },
    {
      "task_id": 620836380,
      "game_name": "hex",
      "seed": 759199420,
      "opponent": "random",
      "final_reward": 0.0,
      "total_turns": 11,
      "valid_turns": 1,
      "invalid_turns": 10,
      "valid_rate": 0.09090909090909091
    },
    {
      "task_id": 118197343,
      "game_name": "liars_dice",
      "seed": 886928932,
      "opponent": "random",
      "final_reward": 0.0,
      "total_turns": 3,
      "valid_turns": 1,
      "invalid_turns": 2,
      "valid_rate": 0.3333333333333333
    }
  ],
  "aggregated": {
    "total_valid_turns": 4,
    "total_invalid_turns": 284,
    "avg_valid_rate": 0.04943181818181818,
    "games_played": {
      "hex": 2,
      "backgammon": 1,
      "leduc_poker": 1,
      "gin_rummy": 3,
      "goofspiel": 2,
      "othello": 1,
      "clobber": 2,
      "liars_dice": 4
    }
  }
}