{
  "step": 17,
  "timestamp": "2026-01-19T10:10:34.894536",
  "num_episodes": 23,
  "stats": {
    "objective/kl": 7.612089276313782,
    "objective/kl_coef": 0.05022656358778477,
    "objective/entropy": 73.79113006591797,
    "ppo/mean_non_score_reward": -0.04779086308553815,
    "ppo/mean_scores": -0.10661322623491287,
    "ppo/std_scores": 0.0,
    "tokens/queries_len_mean": 227.0,
    "tokens/queries_len_std": 29.90099334716797,
    "tokens/responses_len_mean": 8.0,
    "tokens/responses_len_std": 0.0,
    "ppo/loss/policy": -0.0016447915695607662,
    "ppo/loss/value": 0.8834715336561203,
    "ppo/loss/total": 0.086702361702919,
    "ppo/policy/entropy": 2.065223753452301,
    "ppo/policy/approxkl": 0.0004633522985386662,
    "ppo/policy/policykl": 0.0003983346396125853,
    "ppo/policy/clipfrac": 0.0,
    "ppo/policy/advantages_mean": 3.259629011154175e-09,
    "ppo/returns/mean": 0.2848649360239506,
    "ppo/returns/var": 1.0943166017532349,
    "ppo/val/vpred": 0.22514736279845238,
    "ppo/val/error": 1.7669430673122406,
    "ppo/val/clipfrac": 0.0,
    "ppo/val/mean": 0.2238633818924427,
    "ppo/val/var": 0.4879564791917801,
    "ppo/val/var_explained": -0.5914152562618256,
    "ppo/learning_rate": 5e-07,
    "time/ppo/forward_pass": 0.4204363226890564,
    "time/ppo/compute_rewards": 0.0008053779602050781,
    "time/ppo/compute_advantages": 0.019425272941589355,
    "time/ppo/optimize_step": 0.9471854567527771,
    "time/ppo/calc_stats": 0.01534956693649292,
    "time/ppo/total": 1.4032941460609436,
    "mean_reward": 0.0,
    "mean_score": 0.0,
    "success_rate": 0.0,
    "num_samples": 16,
    "num_batches": 4,
    "total_valid_turns": 16,
    "total_invalid_turns": 14,
    "avg_valid_rate": 0.5217391304347826
  },
  "episodes_summary": [
    {
      "task_id": 126751152,
      "game_name": "liars_dice",
      "seed": 2066392695,
      "opponent": "mcts",
      "final_reward": 0.0,
      "total_turns": 1,
      "valid_turns": 0,
      "invalid_turns": 1,
      "valid_rate": 0.0
    },
    {
      "task_id": 188584357,
      "game_name": "liars_dice",
      "seed": 1542614728,
      "opponent": "mcts",
      "final_reward": 0.0,
      "total_turns": 2,
      "valid_turns": 1,
      "invalid_turns": 1,
      "valid_rate": 0.5
    },
    {
      "task_id": 168658596,
      "game_name": "liars_dice",
      "seed": 555636163,
      "opponent": "mcts",
      "final_reward": 0.0,
      "total_turns": 1,
      "valid_turns": 0,
      "invalid_turns": 1,
      "valid_rate": 0.0
    },
    {
      "task_id": 153847166,
      "game_name": "liars_dice",
      "seed": 1524966704,
      "opponent": "mcts",
      "final_reward": 0.0,
      "total_turns": 1,
      "valid_turns": 0,
      "invalid_turns": 1,
      "valid_rate": 0.0
    },
    {
      "task_id": 130688549,
      "game_name": "liars_dice",
      "seed": 1606053314,
      "opponent": "mcts",
      "final_reward": 0.0,
      "total_turns": 2,
      "valid_turns": 2,
      "invalid_turns": 0,
      "valid_rate": 1.0
    },
    {
      "task_id": 157971624,
      "game_name": "liars_dice",
      "seed": 1191474830,
      "opponent": "mcts",
      "final_reward": 0.0,
      "total_turns": 2,
      "valid_turns": 0,
      "invalid_turns": 2,
      "valid_rate": 0.0
    },
    {
      "task_id": 195881046,
      "game_name": "liars_dice",
      "seed": 1215928685,
      "opponent": "mcts",
      "final_reward": 0.0,
      "total_turns": 1,
      "valid_turns": 1,
      "invalid_turns": 0,
      "valid_rate": 1.0
    },
    {
      "task_id": 139105589,
      "game_name": "liars_dice",
      "seed": 518091323,
      "opponent": "mcts",
      "final_reward": 0.0,
      "total_turns": 1,
      "valid_turns": 0,
      "invalid_turns": 1,
      "valid_rate": 0.0
    },
    {
      "task_id": 132686318,
      "game_name": "liars_dice",
      "seed": 802905101,
      "opponent": "mcts",
      "final_reward": 0.0,
      "total_turns": 1,
      "valid_turns": 1,
      "invalid_turns": 0,
      "valid_rate": 1.0
    },
    {
      "task_id": 167015608,
      "game_name": "liars_dice",
      "seed": 982245729,
      "opponent": "mcts",
      "final_reward": 0.0,
      "total_turns": 1,
      "valid_turns": 1,
      "invalid_turns": 0,
      "valid_rate": 1.0
    },
    {
      "task_id": 127217706,
      "game_name": "liars_dice",
      "seed": 1648866317,
      "opponent": "mcts",
      "final_reward": 0.0,
      "total_turns": 1,
      "valid_turns": 1,
      "invalid_turns": 0,
      "valid_rate": 1.0
    },
    {
      "task_id": 168925437,
      "game_name": "liars_dice",
      "seed": 1983311833,
      "opponent": "mcts",
      "final_reward": 0.0,
      "total_turns": 1,
      "valid_turns": 0,
      "invalid_turns": 1,
      "valid_rate": 0.0
    },
    {
      "task_id": 190681399,
      "game_name": "liars_dice",
      "seed": 1714929823,
      "opponent": "mcts",
      "final_reward": 0.0,
      "total_turns": 1,
      "valid_turns": 1,
      "invalid_turns": 0,
      "valid_rate": 1.0
    },
    {
      "task_id": 131226622,
      "game_name": "liars_dice",
      "seed": 1350870031,
      "opponent": "mcts",
      "final_reward": 0.0,
      "total_turns": 1,
      "valid_turns": 0,
      "invalid_turns": 1,
      "valid_rate": 0.0
    },
    {
      "task_id": 112333975,
      "game_name": "liars_dice",
      "seed": 2026219894,
      "opponent": "mcts",
      "final_reward": 0.0,
      "total_turns": 2,
      "valid_turns": 2,
      "invalid_turns": 0,
      "valid_rate": 1.0
    },
    {
      "task_id": 157894979,
      "game_name": "liars_dice",
      "seed": 208862739,
      "opponent": "mcts",
      "final_reward": 0.0,
      "total_turns": 1,
      "valid_turns": 0,
      "invalid_turns": 1,
      "valid_rate": 0.0
    },
    {
      "task_id": 154559887,
      "game_name": "liars_dice",
      "seed": 401485798,
      "opponent": "mcts",
      "final_reward": 0.0,
      "total_turns": 1,
      "valid_turns": 1,
      "invalid_turns": 0,
      "valid_rate": 1.0
    },
    {
      "task_id": 149486630,
      "game_name": "liars_dice",
      "seed": 1403645021,
      "opponent": "mcts",
      "final_reward": 0.0,
      "total_turns": 1,
      "valid_turns": 0,
      "invalid_turns": 1,
      "valid_rate": 0.0
    },
    {
      "task_id": 177975149,
      "game_name": "liars_dice",
      "seed": 776629880,
      "opponent": "mcts",
      "final_reward": 0.0,
      "total_turns": 2,
      "valid_turns": 0,
      "invalid_turns": 2,
      "valid_rate": 0.0
    },
    {
      "task_id": 103793333,
      "game_name": "liars_dice",
      "seed": 1003878562,
      "opponent": "mcts",
      "final_reward": 0.0,
      "total_turns": 2,
      "valid_turns": 2,
      "invalid_turns": 0,
      "valid_rate": 1.0
    },
    {
      "task_id": 151361347,
      "game_name": "liars_dice",
      "seed": 19356259,
      "opponent": "mcts",
      "final_reward": 0.0,
      "total_turns": 1,
      "valid_turns": 1,
      "invalid_turns": 0,
      "valid_rate": 1.0
    },
    {
      "task_id": 191830778,
      "game_name": "liars_dice",
      "seed": 856270134,
      "opponent": "mcts",
      "final_reward": 0.0,
      "total_turns": 1,
      "valid_turns": 1,
      "invalid_turns": 0,
      "valid_rate": 1.0
    },
    {
      "task_id": 114058807,
      "game_name": "liars_dice",
      "seed": 2001843194,
      "opponent": "mcts",
      "final_reward": 0.0,
      "total_turns": 2,
      "valid_turns": 1,
      "invalid_turns": 1,
      "valid_rate": 0.5
    }
  ],
  "aggregated": {
    "total_valid_turns": 16,
    "total_invalid_turns": 14,
    "avg_valid_rate": 0.5217391304347826,
    "games_played": {
      "liars_dice": 23
    },
    "success_count": 0,
    "failure_count": 23,
    "success_rate": 0.0
  }
}