{
  "step": 60,
  "timestamp": "2026-01-19T10:38:54.027438",
  "num_episodes": 21,
  "stats": {
    "objective/kl": 13.490341901779175,
    "objective/kl_coef": 0.050049884244799614,
    "objective/entropy": 96.77459335327148,
    "ppo/mean_non_score_reward": -0.08439770434051752,
    "ppo/mean_scores": -0.07254824787378311,
    "ppo/std_scores": 0.0,
    "tokens/queries_len_mean": 221.1875,
    "tokens/queries_len_std": 18.006526947021484,
    "tokens/responses_len_mean": 8.0,
    "tokens/responses_len_std": 0.0,
    "ppo/loss/policy": -0.011860392987728119,
    "ppo/loss/value": 2.6251502633094788,
    "ppo/loss/total": 0.2506546378135681,
    "ppo/policy/entropy": 1.5703967809677124,
    "ppo/policy/approxkl": 0.0012292119790799916,
    "ppo/policy/policykl": 0.011804515961557627,
    "ppo/policy/clipfrac": 0.015625,
    "ppo/policy/advantages_mean": 0.0,
    "ppo/returns/mean": -0.4015166498720646,
    "ppo/returns/var": 4.780866622924805,
    "ppo/val/vpred": -0.28312502056360245,
    "ppo/val/error": 5.2503005266189575,
    "ppo/val/clipfrac": 0.0,
    "ppo/val/mean": -0.28269820660352707,
    "ppo/val/var": 0.30708058923482895,
    "ppo/val/var_explained": -0.11142399907112122,
    "ppo/learning_rate": 5e-07,
    "time/ppo/forward_pass": 0.4100112318992615,
    "time/ppo/compute_rewards": 0.00079345703125,
    "time/ppo/compute_advantages": 0.017757296562194824,
    "time/ppo/optimize_step": 0.9075183868408203,
    "time/ppo/calc_stats": 0.01099705696105957,
    "time/ppo/total": 1.347171127796173,
    "mean_reward": 0.0,
    "mean_score": 0.0,
    "success_rate": 0.0,
    "num_samples": 16,
    "num_batches": 4,
    "total_valid_turns": 16,
    "total_invalid_turns": 9,
    "avg_valid_rate": 0.6190476190476191
  },
  "episodes_summary": [
    {
      "task_id": 150556359,
      "game_name": "liars_dice",
      "seed": 891191240,
      "opponent": "mcts",
      "final_reward": 0.0,
      "total_turns": 1,
      "valid_turns": 1,
      "invalid_turns": 0,
      "valid_rate": 1.0
    },
    {
      "task_id": 144964705,
      "game_name": "liars_dice",
      "seed": 208960144,
      "opponent": "mcts",
      "final_reward": 0.0,
      "total_turns": 2,
      "valid_turns": 1,
      "invalid_turns": 1,
      "valid_rate": 0.5
    },
    {
      "task_id": 187318846,
      "game_name": "liars_dice",
      "seed": 270760463,
      "opponent": "mcts",
      "final_reward": 0.0,
      "total_turns": 1,
      "valid_turns": 1,
      "invalid_turns": 0,
      "valid_rate": 1.0
    },
    {
      "task_id": 181213420,
      "game_name": "liars_dice",
      "seed": 199491028,
      "opponent": "mcts",
      "final_reward": 0.0,
      "total_turns": 1,
      "valid_turns": 1,
      "invalid_turns": 0,
      "valid_rate": 1.0
    },
    {
      "task_id": 148005488,
      "game_name": "liars_dice",
      "seed": 1982680118,
      "opponent": "mcts",
      "final_reward": 0.0,
      "total_turns": 1,
      "valid_turns": 1,
      "invalid_turns": 0,
      "valid_rate": 1.0
    },
    {
      "task_id": 138808600,
      "game_name": "liars_dice",
      "seed": 1384067347,
      "opponent": "mcts",
      "final_reward": 0.0,
      "total_turns": 1,
      "valid_turns": 1,
      "invalid_turns": 0,
      "valid_rate": 1.0
    },
    {
      "task_id": 160613079,
      "game_name": "liars_dice",
      "seed": 592449482,
      "opponent": "mcts",
      "final_reward": 0.0,
      "total_turns": 1,
      "valid_turns": 1,
      "invalid_turns": 0,
      "valid_rate": 1.0
    },
    {
      "task_id": 154925495,
      "game_name": "liars_dice",
      "seed": 1513377751,
      "opponent": "mcts",
      "final_reward": 0.0,
      "total_turns": 1,
      "valid_turns": 0,
      "invalid_turns": 1,
      "valid_rate": 0.0
    },
    {
      "task_id": 194437093,
      "game_name": "liars_dice",
      "seed": 622255622,
      "opponent": "mcts",
      "final_reward": 0.0,
      "total_turns": 1,
      "valid_turns": 1,
      "invalid_turns": 0,
      "valid_rate": 1.0
    },
    {
      "task_id": 189255991,
      "game_name": "liars_dice",
      "seed": 873975007,
      "opponent": "mcts",
      "final_reward": 0.0,
      "total_turns": 1,
      "valid_turns": 0,
      "invalid_turns": 1,
      "valid_rate": 0.0
    },
    {
      "task_id": 199045368,
      "game_name": "liars_dice",
      "seed": 1243487911,
      "opponent": "mcts",
      "final_reward": 0.0,
      "total_turns": 1,
      "valid_turns": 0,
      "invalid_turns": 1,
      "valid_rate": 0.0
    },
    {
      "task_id": 112593394,
      "game_name": "liars_dice",
      "seed": 1880819090,
      "opponent": "mcts",
      "final_reward": 0.0,
      "total_turns": 2,
      "valid_turns": 2,
      "invalid_turns": 0,
      "valid_rate": 1.0
    },
    {
      "task_id": 102214898,
      "game_name": "liars_dice",
      "seed": 1954041807,
      "opponent": "mcts",
      "final_reward": 0.0,
      "total_turns": 1,
      "valid_turns": 1,
      "invalid_turns": 0,
      "valid_rate": 1.0
    },
    {
      "task_id": 110206442,
      "game_name": "liars_dice",
      "seed": 879484634,
      "opponent": "mcts",
      "final_reward": 0.0,
      "total_turns": 1,
      "valid_turns": 1,
      "invalid_turns": 0,
      "valid_rate": 1.0
    },
    {
      "task_id": 162769928,
      "game_name": "liars_dice",
      "seed": 849906548,
      "opponent": "mcts",
      "final_reward": 0.0,
      "total_turns": 2,
      "valid_turns": 1,
      "invalid_turns": 1,
      "valid_rate": 0.5
    },
    {
      "task_id": 139865815,
      "game_name": "liars_dice",
      "seed": 1201672353,
      "opponent": "mcts",
      "final_reward": 0.0,
      "total_turns": 1,
      "valid_turns": 0,
      "invalid_turns": 1,
      "valid_rate": 0.0
    },
    {
      "task_id": 145507369,
      "game_name": "liars_dice",
      "seed": 255011755,
      "opponent": "mcts",
      "final_reward": 0.0,
      "total_turns": 1,
      "valid_turns": 0,
      "invalid_turns": 1,
      "valid_rate": 0.0
    },
    {
      "task_id": 110507708,
      "game_name": "liars_dice",
      "seed": 1862185359,
      "opponent": "mcts",
      "final_reward": 0.0,
      "total_turns": 1,
      "valid_turns": 0,
      "invalid_turns": 1,
      "valid_rate": 0.0
    },
    {
      "task_id": 188587892,
      "game_name": "liars_dice",
      "seed": 1957104802,
      "opponent": "mcts",
      "final_reward": 0.0,
      "total_turns": 2,
      "valid_turns": 2,
      "invalid_turns": 0,
      "valid_rate": 1.0
    },
    {
      "task_id": 101804858,
      "game_name": "liars_dice",
      "seed": 1609413493,
      "opponent": "mcts",
      "final_reward": 0.0,
      "total_turns": 1,
      "valid_turns": 0,
      "invalid_turns": 1,
      "valid_rate": 0.0
    },
    {
      "task_id": 180456421,
      "game_name": "liars_dice",
      "seed": 1999317380,
      "opponent": "mcts",
      "final_reward": 0.0,
      "total_turns": 1,
      "valid_turns": 1,
      "invalid_turns": 0,
      "valid_rate": 1.0
    }
  ],
  "aggregated": {
    "total_valid_turns": 16,
    "total_invalid_turns": 9,
    "avg_valid_rate": 0.6190476190476191,
    "games_played": {
      "liars_dice": 21
    },
    "success_count": 0,
    "failure_count": 21,
    "success_rate": 0.0
  }
}