{
  "step": 51,
  "timestamp": "2026-01-19T10:33:17.367649",
  "num_episodes": 19,
  "stats": {
    "objective/kl": 4.15354597568512,
    "objective/kl_coef": 0.05003489088267088,
    "objective/entropy": 72.40383911132812,
    "ppo/mean_non_score_reward": -0.025977971497923136,
    "ppo/mean_scores": -0.07876316271722317,
    "ppo/std_scores": 0.0,
    "tokens/queries_len_mean": 222.5625,
    "tokens/queries_len_std": 11.939977049827576,
    "tokens/responses_len_mean": 8.0,
    "tokens/responses_len_std": 0.0,
    "ppo/loss/policy": -0.005188260227441788,
    "ppo/loss/value": 1.3623629808425903,
    "ppo/loss/total": 0.13104804139584303,
    "ppo/policy/entropy": 1.0396151542663574,
    "ppo/policy/approxkl": 0.0009968929807655513,
    "ppo/policy/policykl": 0.01180959987686947,
    "ppo/policy/clipfrac": 0.0,
    "ppo/policy/advantages_mean": -1.4901161193847656e-08,
    "ppo/returns/mean": -0.5604368150234222,
    "ppo/returns/var": 2.3944071829319,
    "ppo/val/vpred": -0.11995985358953476,
    "ppo/val/error": 2.7247259616851807,
    "ppo/val/clipfrac": 0.0,
    "ppo/val/mean": -0.1185444500297308,
    "ppo/val/var": 0.2789752557873726,
    "ppo/val/var_explained": -0.20136985182762146,
    "ppo/learning_rate": 5e-07,
    "time/ppo/forward_pass": 0.4173896312713623,
    "time/ppo/compute_rewards": 0.0008509159088134766,
    "time/ppo/compute_advantages": 0.017386436462402344,
    "time/ppo/optimize_step": 0.9086622595787048,
    "time/ppo/calc_stats": 0.0069130659103393555,
    "time/ppo/total": 1.351298213005066,
    "mean_reward": 0.0,
    "mean_score": 0.0,
    "success_rate": 0.0,
    "num_samples": 16,
    "num_batches": 4,
    "total_valid_turns": 16,
    "total_invalid_turns": 11,
    "avg_valid_rate": 0.5789473684210527
  },
  "episodes_summary": [
    {
      "task_id": 144948245,
      "game_name": "liars_dice",
      "seed": 1713768110,
      "opponent": "mcts",
      "final_reward": 0.0,
      "total_turns": 2,
      "valid_turns": 1,
      "invalid_turns": 1,
      "valid_rate": 0.5
    },
    {
      "task_id": 114097841,
      "game_name": "liars_dice",
      "seed": 829157120,
      "opponent": "mcts",
      "final_reward": 0.0,
      "total_turns": 1,
      "valid_turns": 0,
      "invalid_turns": 1,
      "valid_rate": 0.0
    },
    {
      "task_id": 142598474,
      "game_name": "liars_dice",
      "seed": 1728464296,
      "opponent": "mcts",
      "final_reward": 0.0,
      "total_turns": 1,
      "valid_turns": 1,
      "invalid_turns": 0,
      "valid_rate": 1.0
    },
    {
      "task_id": 168972632,
      "game_name": "liars_dice",
      "seed": 356541773,
      "opponent": "mcts",
      "final_reward": 0.0,
      "total_turns": 1,
      "valid_turns": 0,
      "invalid_turns": 1,
      "valid_rate": 0.0
    },
    {
      "task_id": 127891934,
      "game_name": "liars_dice",
      "seed": 1768292244,
      "opponent": "mcts",
      "final_reward": 0.0,
      "total_turns": 1,
      "valid_turns": 1,
      "invalid_turns": 0,
      "valid_rate": 1.0
    },
    {
      "task_id": 155241450,
      "game_name": "liars_dice",
      "seed": 889858748,
      "opponent": "mcts",
      "final_reward": 0.0,
      "total_turns": 2,
      "valid_turns": 2,
      "invalid_turns": 0,
      "valid_rate": 1.0
    },
    {
      "task_id": 197388718,
      "game_name": "liars_dice",
      "seed": 590241707,
      "opponent": "mcts",
      "final_reward": 0.0,
      "total_turns": 1,
      "valid_turns": 0,
      "invalid_turns": 1,
      "valid_rate": 0.0
    },
    {
      "task_id": 184679038,
      "game_name": "liars_dice",
      "seed": 735089122,
      "opponent": "mcts",
      "final_reward": 0.0,
      "total_turns": 2,
      "valid_turns": 1,
      "invalid_turns": 1,
      "valid_rate": 0.5
    },
    {
      "task_id": 179153161,
      "game_name": "liars_dice",
      "seed": 1652221862,
      "opponent": "mcts",
      "final_reward": 0.0,
      "total_turns": 2,
      "valid_turns": 2,
      "invalid_turns": 0,
      "valid_rate": 1.0
    },
    {
      "task_id": 101530960,
      "game_name": "liars_dice",
      "seed": 1204852301,
      "opponent": "mcts",
      "final_reward": 0.0,
      "total_turns": 1,
      "valid_turns": 0,
      "invalid_turns": 1,
      "valid_rate": 0.0
    },
    {
      "task_id": 168398159,
      "game_name": "liars_dice",
      "seed": 436981007,
      "opponent": "mcts",
      "final_reward": 0.0,
      "total_turns": 1,
      "valid_turns": 0,
      "invalid_turns": 1,
      "valid_rate": 0.0
    },
    {
      "task_id": 185181251,
      "game_name": "liars_dice",
      "seed": 1430103434,
      "opponent": "mcts",
      "final_reward": 0.0,
      "total_turns": 1,
      "valid_turns": 1,
      "invalid_turns": 0,
      "valid_rate": 1.0
    },
    {
      "task_id": 166945431,
      "game_name": "liars_dice",
      "seed": 910719774,
      "opponent": "mcts",
      "final_reward": 0.0,
      "total_turns": 1,
      "valid_turns": 1,
      "invalid_turns": 0,
      "valid_rate": 1.0
    },
    {
      "task_id": 135623798,
      "game_name": "liars_dice",
      "seed": 1856299928,
      "opponent": "mcts",
      "final_reward": 0.0,
      "total_turns": 2,
      "valid_turns": 1,
      "invalid_turns": 1,
      "valid_rate": 0.5
    },
    {
      "task_id": 113411022,
      "game_name": "liars_dice",
      "seed": 1408007560,
      "opponent": "mcts",
      "final_reward": 0.0,
      "total_turns": 2,
      "valid_turns": 1,
      "invalid_turns": 1,
      "valid_rate": 0.5
    },
    {
      "task_id": 113131580,
      "game_name": "liars_dice",
      "seed": 1033079377,
      "opponent": "mcts",
      "final_reward": 0.0,
      "total_turns": 1,
      "valid_turns": 1,
      "invalid_turns": 0,
      "valid_rate": 1.0
    },
    {
      "task_id": 176578555,
      "game_name": "liars_dice",
      "seed": 278748055,
      "opponent": "mcts",
      "final_reward": 0.0,
      "total_turns": 1,
      "valid_turns": 1,
      "invalid_turns": 0,
      "valid_rate": 1.0
    },
    {
      "task_id": 135026062,
      "game_name": "liars_dice",
      "seed": 2062353604,
      "opponent": "mcts",
      "final_reward": 0.0,
      "total_turns": 2,
      "valid_turns": 1,
      "invalid_turns": 1,
      "valid_rate": 0.5
    },
    {
      "task_id": 176578555,
      "game_name": "liars_dice",
      "seed": 1394422454,
      "opponent": "mcts",
      "final_reward": 0.0,
      "total_turns": 2,
      "valid_turns": 1,
      "invalid_turns": 1,
      "valid_rate": 0.5
    }
  ],
  "aggregated": {
    "total_valid_turns": 16,
    "total_invalid_turns": 11,
    "avg_valid_rate": 0.5789473684210527,
    "games_played": {
      "liars_dice": 19
    },
    "success_count": 0,
    "failure_count": 19,
    "success_rate": 0.0
  }
}