{
  "step": 67,
  "timestamp": "2026-01-19T10:43:17.847813",
  "num_episodes": 23,
  "stats": {
    "objective/kl": 27.370673179626465,
    "objective/kl_coef": 0.05016210488975048,
    "objective/entropy": 93.11038780212402,
    "ppo/mean_non_score_reward": -0.17162534967064857,
    "ppo/mean_scores": -0.06861600652337074,
    "ppo/std_scores": 0.0,
    "tokens/queries_len_mean": 214.5,
    "tokens/queries_len_std": 1.0,
    "tokens/responses_len_mean": 8.0,
    "tokens/responses_len_std": 0.0,
    "ppo/loss/policy": -0.013685852289199829,
    "ppo/loss/value": 2.3265399038791656,
    "ppo/loss/total": 0.21896815299987793,
    "ppo/policy/entropy": 0.7788996696472168,
    "ppo/policy/approxkl": 0.0029718232981394976,
    "ppo/policy/policykl": 0.01487692422233522,
    "ppo/policy/clipfrac": 0.0234375,
    "ppo/policy/advantages_mean": -2.7939677238464355e-09,
    "ppo/returns/mean": -0.5023775771260262,
    "ppo/returns/var": 4.710445046424866,
    "ppo/val/vpred": -0.43164997547864914,
    "ppo/val/error": 4.653079807758331,
    "ppo/val/clipfrac": 0.0,
    "ppo/val/mean": -0.43012892454862595,
    "ppo/val/var": 0.4017806723713875,
    "ppo/val/var_explained": 0.018964603543281555,
    "ppo/learning_rate": 5e-07,
    "time/ppo/forward_pass": 0.39609992504119873,
    "time/ppo/compute_rewards": 0.0008164644241333008,
    "time/ppo/compute_advantages": 0.01567661762237549,
    "time/ppo/optimize_step": 0.8760451674461365,
    "time/ppo/calc_stats": 0.00249636173248291,
    "time/ppo/total": 1.2912240028381348,
    "mean_reward": 0.0,
    "mean_score": 0.0,
    "success_rate": 0.0,
    "num_samples": 16,
    "num_batches": 4,
    "total_valid_turns": 16,
    "total_invalid_turns": 10,
    "avg_valid_rate": 0.6304347826086957
  },
  "episodes_summary": [
    {
      "task_id": 104446816,
      "game_name": "liars_dice",
      "seed": 1679257720,
      "opponent": "mcts",
      "final_reward": 0.0,
      "total_turns": 1,
      "valid_turns": 1,
      "invalid_turns": 0,
      "valid_rate": 1.0
    },
    {
      "task_id": 132697954,
      "game_name": "liars_dice",
      "seed": 810898879,
      "opponent": "mcts",
      "final_reward": 0.0,
      "total_turns": 1,
      "valid_turns": 1,
      "invalid_turns": 0,
      "valid_rate": 1.0
    },
    {
      "task_id": 106612890,
      "game_name": "liars_dice",
      "seed": 380053358,
      "opponent": "mcts",
      "final_reward": 0.0,
      "total_turns": 1,
      "valid_turns": 0,
      "invalid_turns": 1,
      "valid_rate": 0.0
    },
    {
      "task_id": 165068354,
      "game_name": "liars_dice",
      "seed": 1521564609,
      "opponent": "mcts",
      "final_reward": 0.0,
      "total_turns": 1,
      "valid_turns": 0,
      "invalid_turns": 1,
      "valid_rate": 0.0
    },
    {
      "task_id": 171837393,
      "game_name": "liars_dice",
      "seed": 1681723063,
      "opponent": "mcts",
      "final_reward": 0.0,
      "total_turns": 1,
      "valid_turns": 0,
      "invalid_turns": 1,
      "valid_rate": 0.0
    },
    {
      "task_id": 120178766,
      "game_name": "liars_dice",
      "seed": 857207078,
      "opponent": "mcts",
      "final_reward": 0.0,
      "total_turns": 1,
      "valid_turns": 1,
      "invalid_turns": 0,
      "valid_rate": 1.0
    },
    {
      "task_id": 160619154,
      "game_name": "liars_dice",
      "seed": 1969304228,
      "opponent": "mcts",
      "final_reward": 0.0,
      "total_turns": 1,
      "valid_turns": 1,
      "invalid_turns": 0,
      "valid_rate": 1.0
    },
    {
      "task_id": 185181251,
      "game_name": "liars_dice",
      "seed": 402407980,
      "opponent": "mcts",
      "final_reward": 0.0,
      "total_turns": 2,
      "valid_turns": 1,
      "invalid_turns": 1,
      "valid_rate": 0.5
    },
    {
      "task_id": 192918455,
      "game_name": "liars_dice",
      "seed": 533993879,
      "opponent": "mcts",
      "final_reward": 0.0,
      "total_turns": 1,
      "valid_turns": 0,
      "invalid_turns": 1,
      "valid_rate": 0.0
    },
    {
      "task_id": 109768306,
      "game_name": "liars_dice",
      "seed": 1114454344,
      "opponent": "mcts",
      "final_reward": 0.0,
      "total_turns": 1,
      "valid_turns": 1,
      "invalid_turns": 0,
      "valid_rate": 1.0
    },
    {
      "task_id": 140757160,
      "game_name": "liars_dice",
      "seed": 888355406,
      "opponent": "mcts",
      "final_reward": 0.0,
      "total_turns": 2,
      "valid_turns": 1,
      "invalid_turns": 1,
      "valid_rate": 0.5
    },
    {
      "task_id": 115235878,
      "game_name": "liars_dice",
      "seed": 466251020,
      "opponent": "mcts",
      "final_reward": 0.0,
      "total_turns": 1,
      "valid_turns": 1,
      "invalid_turns": 0,
      "valid_rate": 1.0
    },
    {
      "task_id": 141571658,
      "game_name": "liars_dice",
      "seed": 1085649376,
      "opponent": "mcts",
      "final_reward": 0.0,
      "total_turns": 1,
      "valid_turns": 1,
      "invalid_turns": 0,
      "valid_rate": 1.0
    },
    {
      "task_id": 119898241,
      "game_name": "liars_dice",
      "seed": 2144186541,
      "opponent": "mcts",
      "final_reward": 0.0,
      "total_turns": 1,
      "valid_turns": 0,
      "invalid_turns": 1,
      "valid_rate": 0.0
    },
    {
      "task_id": 194836259,
      "game_name": "liars_dice",
      "seed": 578516106,
      "opponent": "mcts",
      "final_reward": 0.0,
      "total_turns": 1,
      "valid_turns": 1,
      "invalid_turns": 0,
      "valid_rate": 1.0
    },
    {
      "task_id": 101044851,
      "game_name": "liars_dice",
      "seed": 862805184,
      "opponent": "mcts",
      "final_reward": 0.0,
      "total_turns": 1,
      "valid_turns": 1,
      "invalid_turns": 0,
      "valid_rate": 1.0
    },
    {
      "task_id": 129813277,
      "game_name": "liars_dice",
      "seed": 564466239,
      "opponent": "mcts",
      "final_reward": 0.0,
      "total_turns": 1,
      "valid_turns": 0,
      "invalid_turns": 1,
      "valid_rate": 0.0
    },
    {
      "task_id": 183675852,
      "game_name": "liars_dice",
      "seed": 2128736485,
      "opponent": "mcts",
      "final_reward": 0.0,
      "total_turns": 1,
      "valid_turns": 1,
      "invalid_turns": 0,
      "valid_rate": 1.0
    },
    {
      "task_id": 123098769,
      "game_name": "liars_dice",
      "seed": 1556876317,
      "opponent": "mcts",
      "final_reward": 0.0,
      "total_turns": 1,
      "valid_turns": 0,
      "invalid_turns": 1,
      "valid_rate": 0.0
    },
    {
      "task_id": 100183322,
      "game_name": "liars_dice",
      "seed": 1760319022,
      "opponent": "mcts",
      "final_reward": 0.0,
      "total_turns": 2,
      "valid_turns": 1,
      "invalid_turns": 1,
      "valid_rate": 0.5
    },
    {
      "task_id": 179495319,
      "game_name": "liars_dice",
      "seed": 563916508,
      "opponent": "mcts",
      "final_reward": 0.0,
      "total_turns": 1,
      "valid_turns": 1,
      "invalid_turns": 0,
      "valid_rate": 1.0
    },
    {
      "task_id": 196488971,
      "game_name": "liars_dice",
      "seed": 852685352,
      "opponent": "mcts",
      "final_reward": 0.0,
      "total_turns": 1,
      "valid_turns": 1,
      "invalid_turns": 0,
      "valid_rate": 1.0
    },
    {
      "task_id": 148132043,
      "game_name": "liars_dice",
      "seed": 972069082,
      "opponent": "mcts",
      "final_reward": 0.0,
      "total_turns": 1,
      "valid_turns": 1,
      "invalid_turns": 0,
      "valid_rate": 1.0
    }
  ],
  "aggregated": {
    "total_valid_turns": 16,
    "total_invalid_turns": 10,
    "avg_valid_rate": 0.6304347826086957,
    "games_played": {
      "liars_dice": 23
    },
    "success_count": 0,
    "failure_count": 23,
    "success_rate": 0.0
  }
}