{
  "step": 97,
  "timestamp": "2026-01-19T11:02:14.645127",
  "num_episodes": 21,
  "stats": {
    "objective/kl": 61.577900886535645,
    "objective/kl_coef": 0.05063779465854168,
    "objective/entropy": 138.91977310180664,
    "ppo/mean_non_score_reward": -0.3897814527153969,
    "ppo/mean_scores": -0.0720986146479845,
    "ppo/std_scores": 0.0,
    "tokens/queries_len_mean": 216.5625,
    "tokens/queries_len_std": 13.814526796340942,
    "tokens/responses_len_mean": 8.0,
    "tokens/responses_len_std": 0.0,
    "ppo/loss/policy": -0.021865271031856537,
    "ppo/loss/value": 2.4478209018707275,
    "ppo/loss/total": 0.22291682288050652,
    "ppo/policy/entropy": 2.129440426826477,
    "ppo/policy/approxkl": 0.0035168027970939875,
    "ppo/policy/policykl": 0.0062945319805294275,
    "ppo/policy/clipfrac": 0.0390625,
    "ppo/policy/advantages_mean": 1.4901161193847656e-08,
    "ppo/returns/mean": -1.2806370854377747,
    "ppo/returns/var": 6.33723247051239,
    "ppo/val/vpred": -1.211420401930809,
    "ppo/val/error": 4.895641803741455,
    "ppo/val/clipfrac": 0.0,
    "ppo/val/mean": -1.2102219462394714,
    "ppo/val/var": 0.7824020683765411,
    "ppo/val/var_explained": 0.22743834555149078,
    "ppo/learning_rate": 5e-07,
    "time/ppo/forward_pass": 0.4272618889808655,
    "time/ppo/compute_rewards": 0.0008842349052429199,
    "time/ppo/compute_advantages": 0.019214391708374023,
    "time/ppo/optimize_step": 0.9634300470352173,
    "time/ppo/calc_stats": 0.006720781326293945,
    "time/ppo/total": 1.4176055192947388,
    "mean_reward": 0.0,
    "mean_score": 0.0,
    "success_rate": 0.0,
    "num_samples": 16,
    "num_batches": 4,
    "total_valid_turns": 16,
    "total_invalid_turns": 10,
    "avg_valid_rate": 0.6190476190476191
  },
  "episodes_summary": [
    {
      "task_id": 112840654,
      "game_name": "liars_dice",
      "seed": 1372907651,
      "opponent": "mcts",
      "final_reward": 0.0,
      "total_turns": 1,
      "valid_turns": 0,
      "invalid_turns": 1,
      "valid_rate": 0.0
    },
    {
      "task_id": 191101586,
      "game_name": "liars_dice",
      "seed": 1845582765,
      "opponent": "mcts",
      "final_reward": 0.0,
      "total_turns": 1,
      "valid_turns": 0,
      "invalid_turns": 1,
      "valid_rate": 0.0
    },
    {
      "task_id": 186951391,
      "game_name": "liars_dice",
      "seed": 1905020217,
      "opponent": "mcts",
      "final_reward": 0.0,
      "total_turns": 1,
      "valid_turns": 1,
      "invalid_turns": 0,
      "valid_rate": 1.0
    },
    {
      "task_id": 133193017,
      "game_name": "liars_dice",
      "seed": 287631551,
      "opponent": "mcts",
      "final_reward": 0.0,
      "total_turns": 1,
      "valid_turns": 0,
      "invalid_turns": 1,
      "valid_rate": 0.0
    },
    {
      "task_id": 136666118,
      "game_name": "liars_dice",
      "seed": 1613698984,
      "opponent": "mcts",
      "final_reward": 0.0,
      "total_turns": 2,
      "valid_turns": 1,
      "invalid_turns": 1,
      "valid_rate": 0.5
    },
    {
      "task_id": 138717757,
      "game_name": "liars_dice",
      "seed": 1257200852,
      "opponent": "mcts",
      "final_reward": 0.0,
      "total_turns": 2,
      "valid_turns": 2,
      "invalid_turns": 0,
      "valid_rate": 1.0
    },
    {
      "task_id": 100726287,
      "game_name": "liars_dice",
      "seed": 911333866,
      "opponent": "mcts",
      "final_reward": 0.0,
      "total_turns": 2,
      "valid_turns": 1,
      "invalid_turns": 1,
      "valid_rate": 0.5
    },
    {
      "task_id": 130984664,
      "game_name": "liars_dice",
      "seed": 2005991355,
      "opponent": "mcts",
      "final_reward": 0.0,
      "total_turns": 1,
      "valid_turns": 0,
      "invalid_turns": 1,
      "valid_rate": 0.0
    },
    {
      "task_id": 135976217,
      "game_name": "liars_dice",
      "seed": 1703801231,
      "opponent": "mcts",
      "final_reward": 0.0,
      "total_turns": 1,
      "valid_turns": 0,
      "invalid_turns": 1,
      "valid_rate": 0.0
    },
    {
      "task_id": 166683109,
      "game_name": "liars_dice",
      "seed": 42842647,
      "opponent": "mcts",
      "final_reward": 0.0,
      "total_turns": 1,
      "valid_turns": 0,
      "invalid_turns": 1,
      "valid_rate": 0.0
    },
    {
      "task_id": 188487941,
      "game_name": "liars_dice",
      "seed": 2127122172,
      "opponent": "mcts",
      "final_reward": 0.0,
      "total_turns": 2,
      "valid_turns": 1,
      "invalid_turns": 1,
      "valid_rate": 0.5
    },
    {
      "task_id": 120918664,
      "game_name": "liars_dice",
      "seed": 1166481012,
      "opponent": "mcts",
      "final_reward": 0.0,
      "total_turns": 1,
      "valid_turns": 1,
      "invalid_turns": 0,
      "valid_rate": 1.0
    },
    {
      "task_id": 192995247,
      "game_name": "liars_dice",
      "seed": 1088254883,
      "opponent": "mcts",
      "final_reward": 0.0,
      "total_turns": 1,
      "valid_turns": 1,
      "invalid_turns": 0,
      "valid_rate": 1.0
    },
    {
      "task_id": 141240093,
      "game_name": "liars_dice",
      "seed": 379785827,
      "opponent": "mcts",
      "final_reward": 0.0,
      "total_turns": 1,
      "valid_turns": 1,
      "invalid_turns": 0,
      "valid_rate": 1.0
    },
    {
      "task_id": 154759208,
      "game_name": "liars_dice",
      "seed": 1619689580,
      "opponent": "mcts",
      "final_reward": 0.0,
      "total_turns": 1,
      "valid_turns": 1,
      "invalid_turns": 0,
      "valid_rate": 1.0
    },
    {
      "task_id": 146687580,
      "game_name": "liars_dice",
      "seed": 1139191195,
      "opponent": "mcts",
      "final_reward": 0.0,
      "total_turns": 1,
      "valid_turns": 1,
      "invalid_turns": 0,
      "valid_rate": 1.0
    },
    {
      "task_id": 159846041,
      "game_name": "liars_dice",
      "seed": 1925711510,
      "opponent": "mcts",
      "final_reward": 0.0,
      "total_turns": 1,
      "valid_turns": 1,
      "invalid_turns": 0,
      "valid_rate": 1.0
    },
    {
      "task_id": 134051574,
      "game_name": "liars_dice",
      "seed": 439629976,
      "opponent": "mcts",
      "final_reward": 0.0,
      "total_turns": 1,
      "valid_turns": 1,
      "invalid_turns": 0,
      "valid_rate": 1.0
    },
    {
      "task_id": 194575372,
      "game_name": "liars_dice",
      "seed": 79918139,
      "opponent": "mcts",
      "final_reward": 0.0,
      "total_turns": 1,
      "valid_turns": 1,
      "invalid_turns": 0,
      "valid_rate": 1.0
    },
    {
      "task_id": 197388931,
      "game_name": "liars_dice",
      "seed": 1289620910,
      "opponent": "mcts",
      "final_reward": 0.0,
      "total_turns": 2,
      "valid_turns": 1,
      "invalid_turns": 1,
      "valid_rate": 0.5
    },
    {
      "task_id": 154004863,
      "game_name": "liars_dice",
      "seed": 1389627414,
      "opponent": "mcts",
      "final_reward": 0.0,
      "total_turns": 1,
      "valid_turns": 1,
      "invalid_turns": 0,
      "valid_rate": 1.0
    }
  ],
  "aggregated": {
    "total_valid_turns": 16,
    "total_invalid_turns": 10,
    "avg_valid_rate": 0.6190476190476191,
    "games_played": {
      "liars_dice": 21
    },
    "success_count": 0,
    "failure_count": 21,
    "success_rate": 0.0
  }
}