{
  "step": 43,
  "timestamp": "2026-01-19T10:28:16.813683",
  "num_episodes": 18,
  "stats": {
    "objective/kl": 2.3393372297286987,
    "objective/kl_coef": 0.05016289837658405,
    "objective/entropy": 70.86874008178711,
    "ppo/mean_non_score_reward": -0.014668524963781238,
    "ppo/mean_scores": 0.5513187609612942,
    "ppo/std_scores": 1.2606873512268066,
    "tokens/queries_len_mean": 226.5,
    "tokens/queries_len_std": 19.293429374694824,
    "tokens/responses_len_mean": 8.0,
    "tokens/responses_len_std": 0.0,
    "ppo/loss/policy": -0.001381896436214447,
    "ppo/loss/value": 1.4789940267801285,
    "ppo/loss/total": 0.14651751145720482,
    "ppo/policy/entropy": 1.3500820994377136,
    "ppo/policy/approxkl": 0.0006412149086827412,
    "ppo/policy/policykl": 0.005645935714710504,
    "ppo/policy/clipfrac": 0.0,
    "ppo/policy/advantages_mean": -1.955777406692505e-08,
    "ppo/returns/mean": -0.16531720757484436,
    "ppo/returns/var": 1.8666717857122421,
    "ppo/val/vpred": -0.10725324414670467,
    "ppo/val/error": 2.957988053560257,
    "ppo/val/clipfrac": 0.0,
    "ppo/val/mean": -0.10714353062212467,
    "ppo/val/var": 0.2660539001226425,
    "ppo/val/var_explained": -0.5996284782886505,
    "ppo/learning_rate": 5e-07,
    "time/ppo/forward_pass": 0.41255319118499756,
    "time/ppo/compute_rewards": 0.0008041858673095703,
    "time/ppo/compute_advantages": 0.018148720264434814,
    "time/ppo/optimize_step": 0.9206334352493286,
    "time/ppo/calc_stats": 0.010853469371795654,
    "time/ppo/total": 1.3630905151367188,
    "mean_reward": 0.0625,
    "mean_score": 0.0625,
    "success_rate": 0.0625,
    "num_samples": 16,
    "num_batches": 4,
    "total_valid_turns": 16,
    "total_invalid_turns": 10,
    "avg_valid_rate": 0.5833333333333334
  },
  "episodes_summary": [
    {
      "task_id": 139436964,
      "game_name": "liars_dice",
      "seed": 249679403,
      "opponent": "mcts",
      "final_reward": 0.0,
      "total_turns": 1,
      "valid_turns": 1,
      "invalid_turns": 0,
      "valid_rate": 1.0
    },
    {
      "task_id": 148207285,
      "game_name": "liars_dice",
      "seed": 1222640574,
      "opponent": "mcts",
      "final_reward": 0.0,
      "total_turns": 1,
      "valid_turns": 1,
      "invalid_turns": 0,
      "valid_rate": 1.0
    },
    {
      "task_id": 166227014,
      "game_name": "liars_dice",
      "seed": 1462625023,
      "opponent": "mcts",
      "final_reward": 0.0,
      "total_turns": 1,
      "valid_turns": 0,
      "invalid_turns": 1,
      "valid_rate": 0.0
    },
    {
      "task_id": 126628341,
      "game_name": "liars_dice",
      "seed": 855811530,
      "opponent": "mcts",
      "final_reward": 0.0,
      "total_turns": 2,
      "valid_turns": 1,
      "invalid_turns": 1,
      "valid_rate": 0.5
    },
    {
      "task_id": 188584357,
      "game_name": "liars_dice",
      "seed": 1625442497,
      "opponent": "mcts",
      "final_reward": 0.0,
      "total_turns": 1,
      "valid_turns": 0,
      "invalid_turns": 1,
      "valid_rate": 0.0
    },
    {
      "task_id": 175965603,
      "game_name": "liars_dice",
      "seed": 1079915565,
      "opponent": "mcts",
      "final_reward": 0.0,
      "total_turns": 1,
      "valid_turns": 0,
      "invalid_turns": 1,
      "valid_rate": 0.0
    },
    {
      "task_id": 152435319,
      "game_name": "liars_dice",
      "seed": 115380458,
      "opponent": "mcts",
      "final_reward": 0.0,
      "total_turns": 2,
      "valid_turns": 2,
      "invalid_turns": 0,
      "valid_rate": 1.0
    },
    {
      "task_id": 171759896,
      "game_name": "liars_dice",
      "seed": 1862823781,
      "opponent": "mcts",
      "final_reward": 0.0,
      "total_turns": 1,
      "valid_turns": 1,
      "invalid_turns": 0,
      "valid_rate": 1.0
    },
    {
      "task_id": 195187280,
      "game_name": "liars_dice",
      "seed": 863260070,
      "opponent": "mcts",
      "final_reward": 0.0,
      "total_turns": 1,
      "valid_turns": 1,
      "invalid_turns": 0,
      "valid_rate": 1.0
    },
    {
      "task_id": 114036513,
      "game_name": "liars_dice",
      "seed": 1813297192,
      "opponent": "mcts",
      "final_reward": 0.0,
      "total_turns": 1,
      "valid_turns": 1,
      "invalid_turns": 0,
      "valid_rate": 1.0
    },
    {
      "task_id": 124087791,
      "game_name": "liars_dice",
      "seed": 633091747,
      "opponent": "mcts",
      "final_reward": 0.0,
      "total_turns": 1,
      "valid_turns": 0,
      "invalid_turns": 1,
      "valid_rate": 0.0
    },
    {
      "task_id": 198201614,
      "game_name": "liars_dice",
      "seed": 1265703084,
      "opponent": "mcts",
      "final_reward": 0.0,
      "total_turns": 2,
      "valid_turns": 2,
      "invalid_turns": 0,
      "valid_rate": 1.0
    },
    {
      "task_id": 116251011,
      "game_name": "liars_dice",
      "seed": 1264734426,
      "opponent": "mcts",
      "final_reward": 0.0,
      "total_turns": 2,
      "valid_turns": 2,
      "invalid_turns": 0,
      "valid_rate": 1.0
    },
    {
      "task_id": 198289497,
      "game_name": "liars_dice",
      "seed": 1033136528,
      "opponent": "mcts",
      "final_reward": 1.0,
      "total_turns": 2,
      "valid_turns": 1,
      "invalid_turns": 1,
      "valid_rate": 0.5
    },
    {
      "task_id": 174844796,
      "game_name": "liars_dice",
      "seed": 827803084,
      "opponent": "mcts",
      "final_reward": 0.0,
      "total_turns": 2,
      "valid_turns": 1,
      "invalid_turns": 1,
      "valid_rate": 0.5
    },
    {
      "task_id": 143984366,
      "game_name": "liars_dice",
      "seed": 443654659,
      "opponent": "mcts",
      "final_reward": 0.0,
      "total_turns": 1,
      "valid_turns": 0,
      "invalid_turns": 1,
      "valid_rate": 0.0
    },
    {
      "task_id": 162220647,
      "game_name": "liars_dice",
      "seed": 1508566682,
      "opponent": "mcts",
      "final_reward": 0.0,
      "total_turns": 2,
      "valid_turns": 1,
      "invalid_turns": 1,
      "valid_rate": 0.5
    },
    {
      "task_id": 161861888,
      "game_name": "liars_dice",
      "seed": 1722492026,
      "opponent": "mcts",
      "final_reward": 0.0,
      "total_turns": 2,
      "valid_turns": 1,
      "invalid_turns": 1,
      "valid_rate": 0.5
    }
  ],
  "aggregated": {
    "total_valid_turns": 16,
    "total_invalid_turns": 10,
    "avg_valid_rate": 0.5833333333333334,
    "games_played": {
      "liars_dice": 18
    },
    "success_count": 1,
    "failure_count": 17,
    "success_rate": 0.05555555555555555
  }
}