{
  "step": 14,
  "timestamp": "2026-01-10T02:14:14.877434",
  "num_episodes": 16,
  "stats": {
    "objective/kl": 1.6024703979492188,
    "objective/kl_coef": 0.001,
    "objective/entropy": 50.138511657714844,
    "ppo/mean_non_score_reward": -0.0007122091483324766,
    "ppo/mean_scores": -0.33232665061950684,
    "ppo/std_scores": 1.0019899606704712,
    "tokens/queries_len_mean": 508.0,
    "tokens/queries_len_std": 0.0,
    "tokens/responses_len_mean": 2.25,
    "tokens/responses_len_std": 0.5,
    "ppo/loss/policy": -5.298190686175985e-08,
    "ppo/loss/value": 3.695680856704712,
    "ppo/loss/total": 0.36956802010536194,
    "ppo/policy/entropy": 0.09196175634860992,
    "ppo/policy/approxkl": 0.0,
    "ppo/policy/policykl": 0.0,
    "ppo/policy/clipfrac": 0.0,
    "ppo/policy/advantages_mean": 5.298190686175985e-08,
    "ppo/returns/mean": -0.43182408809661865,
    "ppo/returns/var": 0.7180025577545166,
    "ppo/val/vpred": -2.0907392501831055,
    "ppo/val/error": 7.391361713409424,
    "ppo/val/clipfrac": 0.0,
    "ppo/val/mean": -2.0907392501831055,
    "ppo/val/var": 2.500903844833374,
    "ppo/val/var_explained": -9.294339179992676,
    "ppo/learning_rate": 5e-06,
    "time/ppo/forward_pass": 0.645829439163208,
    "time/ppo/compute_rewards": 0.0007309913635253906,
    "time/ppo/compute_advantages": 0.03771066665649414,
    "time/ppo/optimize_step": 0.731942892074585,
    "time/ppo/calc_stats": 0.03862762451171875,
    "time/ppo/total": 1.454892873764038,
    "mean_reward": 0.25,
    "mean_score": 0.25,
    "success_rate": 0.25,
    "num_samples": 4,
    "num_batches": 1,
    "total_valid_turns": 4,
    "total_invalid_turns": 280,
    "avg_valid_rate": 0.03288690476190476
  },
  "episodes_summary": [
    {
      "task_id": 266507989,
      "game_name": "leduc_poker",
      "seed": 225081520,
      "opponent": "random",
      "final_reward": 0.46153846153846156,
      "total_turns": 2,
      "valid_turns": 0,
      "invalid_turns": 2,
      "valid_rate": 0.0
    },
    {
      "task_id": 303428833,
      "game_name": "gin_rummy",
      "seed": 1526437221,
      "opponent": "random",
      "final_reward": 0.5,
      "total_turns": 72,
      "valid_turns": 0,
      "invalid_turns": 72,
      "valid_rate": 0.0
    },
    {
      "task_id": 70709659,
      "game_name": "goofspiel",
      "seed": 285429891,
      "opponent": "random",
      "final_reward": 0.0,
      "total_turns": 0,
      "valid_turns": 0,
      "invalid_turns": 0,
      "valid_rate": 0.0
    },
    {
      "task_id": 192113159,
      "game_name": "liars_dice",
      "seed": 1697007969,
      "opponent": "random",
      "final_reward": 1.0,
      "total_turns": 3,
      "valid_turns": 0,
      "invalid_turns": 3,
      "valid_rate": 0.0
    },
    {
      "task_id": 191802769,
      "game_name": "liars_dice",
      "seed": 176857572,
      "opponent": "random",
      "final_reward": 0.0,
      "total_turns": 5,
      "valid_turns": 1,
      "invalid_turns": 4,
      "valid_rate": 0.2
    },
    {
      "task_id": 659671128,
      "game_name": "hex",
      "seed": 16064756,
      "opponent": "random",
      "final_reward": 0.0,
      "total_turns": 10,
      "valid_turns": 1,
      "invalid_turns": 9,
      "valid_rate": 0.1
    },
    {
      "task_id": 497589703,
      "game_name": "othello",
      "seed": 973613345,
      "opponent": "random",
      "final_reward": 1.0,
      "total_turns": 30,
      "valid_turns": 0,
      "invalid_turns": 30,
      "valid_rate": 0.0
    },
    {
      "task_id": 371320053,
      "game_name": "gin_rummy",
      "seed": 1236624635,
      "opponent": "random",
      "final_reward": 0.5,
      "total_turns": 62,
      "valid_turns": 0,
      "invalid_turns": 62,
      "valid_rate": 0.0
    },
    {
      "task_id": 191802769,
      "game_name": "liars_dice",
      "seed": 1864097031,
      "opponent": "random",
      "final_reward": 1.0,
      "total_turns": 1,
      "valid_turns": 0,
      "invalid_turns": 1,
      "valid_rate": 0.0
    },
    {
      "task_id": 551557076,
      "game_name": "backgammon",
      "seed": 722651436,
      "opponent": "random",
      "final_reward": 0.0,
      "total_turns": 61,
      "valid_turns": 0,
      "invalid_turns": 61,
      "valid_rate": 0.0
    },
    {
      "task_id": 619866812,
      "game_name": "hex",
      "seed": 1921104041,
      "opponent": "random",
      "final_reward": 1.0,
      "total_turns": 12,
      "valid_turns": 1,
      "invalid_turns": 11,
      "valid_rate": 0.08333333333333333
    },
    {
      "task_id": 270351815,
      "game_name": "leduc_poker",
      "seed": 1357517604,
      "opponent": "random",
      "final_reward": 0.6153846153846154,
      "total_turns": 2,
      "valid_turns": 0,
      "invalid_turns": 2,
      "valid_rate": 0.0
    },
    {
      "task_id": 735166055,
      "game_name": "clobber",
      "seed": 802404850,
      "opponent": "random",
      "final_reward": 0.0,
      "total_turns": 11,
      "valid_turns": 0,
      "invalid_turns": 11,
      "valid_rate": 0.0
    },
    {
      "task_id": 657349920,
      "game_name": "hex",
      "seed": 2112945771,
      "opponent": "random",
      "final_reward": 0.0,
      "total_turns": 7,
      "valid_turns": 1,
      "invalid_turns": 6,
      "valid_rate": 0.14285714285714285
    },
    {
      "task_id": 326332802,
      "game_name": "gin_rummy",
      "seed": 1886659028,
      "opponent": "random",
      "final_reward": 0.5,
      "total_turns": 6,
      "valid_turns": 0,
      "invalid_turns": 6,
      "valid_rate": 0.0
    },
    {
      "task_id": 52123132,
      "game_name": "goofspiel",
      "seed": 142933270,
      "opponent": "random",
      "final_reward": 0.0,
      "total_turns": 0,
      "valid_turns": 0,
      "invalid_turns": 0,
      "valid_rate": 0.0
    }
  ],
  "aggregated": {
    "total_valid_turns": 4,
    "total_invalid_turns": 280,
    "avg_valid_rate": 0.03288690476190476,
    "games_played": {
      "hex": 3,
      "backgammon": 1,
      "leduc_poker": 2,
      "gin_rummy": 3,
      "goofspiel": 2,
      "othello": 1,
      "clobber": 1,
      "liars_dice": 3
    }
  }
}