{
  "step": 99,
  "timestamp": "2026-01-19T11:03:37.105993",
  "num_episodes": 27,
  "stats": {
    "objective/kl": 53.36080455780029,
    "objective/kl_coef": 0.050670210272073746,
    "objective/entropy": 123.43869400024414,
    "ppo/mean_non_score_reward": -0.33798253536224365,
    "ppo/mean_scores": -0.07136053778231144,
    "ppo/std_scores": 0.0,
    "tokens/queries_len_mean": 220.8125,
    "tokens/queries_len_std": 20.751786708831787,
    "tokens/responses_len_mean": 8.0,
    "tokens/responses_len_std": 0.0,
    "ppo/loss/policy": -0.009713515173643827,
    "ppo/loss/value": 2.8696977496147156,
    "ppo/loss/total": 0.2772562690079212,
    "ppo/policy/entropy": 2.054689943790436,
    "ppo/policy/approxkl": 0.0034547756076790392,
    "ppo/policy/policykl": 0.013950573280453682,
    "ppo/policy/clipfrac": 0.02734375,
    "ppo/policy/advantages_mean": -3.213062882423401e-08,
    "ppo/returns/mean": -1.1631037890911102,
    "ppo/returns/var": 6.721142649650574,
    "ppo/val/vpred": -1.3669284284114838,
    "ppo/val/error": 5.739395499229431,
    "ppo/val/clipfrac": 0.0,
    "ppo/val/mean": -1.3622868657112122,
    "ppo/val/var": 0.7617220431566238,
    "ppo/val/var_explained": 0.14118777215480804,
    "ppo/learning_rate": 5e-07,
    "time/ppo/forward_pass": 0.46378129720687866,
    "time/ppo/compute_rewards": 0.0009902119636535645,
    "time/ppo/compute_advantages": 0.02575218677520752,
    "time/ppo/optimize_step": 0.9552996158599854,
    "time/ppo/calc_stats": 0.010709762573242188,
    "time/ppo/total": 1.4566363096237183,
    "mean_reward": 0.0,
    "mean_score": 0.0,
    "success_rate": 0.0,
    "num_samples": 16,
    "num_batches": 4,
    "total_valid_turns": 16,
    "total_invalid_turns": 18,
    "avg_valid_rate": 0.46296296296296297
  },
  "episodes_summary": [
    {
      "task_id": 187501925,
      "game_name": "liars_dice",
      "seed": 265354288,
      "opponent": "mcts",
      "final_reward": 0.0,
      "total_turns": 1,
      "valid_turns": 1,
      "invalid_turns": 0,
      "valid_rate": 1.0
    },
    {
      "task_id": 159231858,
      "game_name": "liars_dice",
      "seed": 1757558827,
      "opponent": "mcts",
      "final_reward": 0.0,
      "total_turns": 1,
      "valid_turns": 1,
      "invalid_turns": 0,
      "valid_rate": 1.0
    },
    {
      "task_id": 137921615,
      "game_name": "liars_dice",
      "seed": 375353826,
      "opponent": "mcts",
      "final_reward": 0.0,
      "total_turns": 2,
      "valid_turns": 2,
      "invalid_turns": 0,
      "valid_rate": 1.0
    },
    {
      "task_id": 112069880,
      "game_name": "liars_dice",
      "seed": 453948879,
      "opponent": "mcts",
      "final_reward": 0.0,
      "total_turns": 1,
      "valid_turns": 1,
      "invalid_turns": 0,
      "valid_rate": 1.0
    },
    {
      "task_id": 127860745,
      "game_name": "liars_dice",
      "seed": 1390733349,
      "opponent": "mcts",
      "final_reward": 0.0,
      "total_turns": 1,
      "valid_turns": 1,
      "invalid_turns": 0,
      "valid_rate": 1.0
    },
    {
      "task_id": 198519733,
      "game_name": "liars_dice",
      "seed": 2107907651,
      "opponent": "mcts",
      "final_reward": 0.0,
      "total_turns": 1,
      "valid_turns": 0,
      "invalid_turns": 1,
      "valid_rate": 0.0
    },
    {
      "task_id": 147433111,
      "game_name": "liars_dice",
      "seed": 201971419,
      "opponent": "mcts",
      "final_reward": 0.0,
      "total_turns": 1,
      "valid_turns": 0,
      "invalid_turns": 1,
      "valid_rate": 0.0
    },
    {
      "task_id": 175965603,
      "game_name": "liars_dice",
      "seed": 534454655,
      "opponent": "mcts",
      "final_reward": 0.0,
      "total_turns": 1,
      "valid_turns": 0,
      "invalid_turns": 1,
      "valid_rate": 0.0
    },
    {
      "task_id": 151481734,
      "game_name": "liars_dice",
      "seed": 2080972597,
      "opponent": "mcts",
      "final_reward": 0.0,
      "total_turns": 1,
      "valid_turns": 1,
      "invalid_turns": 0,
      "valid_rate": 1.0
    },
    {
      "task_id": 166513188,
      "game_name": "liars_dice",
      "seed": 105798531,
      "opponent": "mcts",
      "final_reward": 0.0,
      "total_turns": 1,
      "valid_turns": 0,
      "invalid_turns": 1,
      "valid_rate": 0.0
    },
    {
      "task_id": 141475916,
      "game_name": "liars_dice",
      "seed": 1417236713,
      "opponent": "mcts",
      "final_reward": 0.0,
      "total_turns": 1,
      "valid_turns": 0,
      "invalid_turns": 1,
      "valid_rate": 0.0
    },
    {
      "task_id": 122782404,
      "game_name": "liars_dice",
      "seed": 1653442557,
      "opponent": "mcts",
      "final_reward": 0.0,
      "total_turns": 1,
      "valid_turns": 1,
      "invalid_turns": 0,
      "valid_rate": 1.0
    },
    {
      "task_id": 135979664,
      "game_name": "liars_dice",
      "seed": 447191557,
      "opponent": "mcts",
      "final_reward": 0.0,
      "total_turns": 1,
      "valid_turns": 0,
      "invalid_turns": 1,
      "valid_rate": 0.0
    },
    {
      "task_id": 110886237,
      "game_name": "liars_dice",
      "seed": 1134811661,
      "opponent": "mcts",
      "final_reward": 0.0,
      "total_turns": 1,
      "valid_turns": 0,
      "invalid_turns": 1,
      "valid_rate": 0.0
    },
    {
      "task_id": 190921881,
      "game_name": "liars_dice",
      "seed": 1488175032,
      "opponent": "mcts",
      "final_reward": 0.0,
      "total_turns": 2,
      "valid_turns": 0,
      "invalid_turns": 2,
      "valid_rate": 0.0
    },
    {
      "task_id": 186854654,
      "game_name": "liars_dice",
      "seed": 2054814960,
      "opponent": "mcts",
      "final_reward": 0.0,
      "total_turns": 1,
      "valid_turns": 1,
      "invalid_turns": 0,
      "valid_rate": 1.0
    },
    {
      "task_id": 132728138,
      "game_name": "liars_dice",
      "seed": 313682400,
      "opponent": "mcts",
      "final_reward": 0.0,
      "total_turns": 2,
      "valid_turns": 1,
      "invalid_turns": 1,
      "valid_rate": 0.5
    },
    {
      "task_id": 190407675,
      "game_name": "liars_dice",
      "seed": 484855560,
      "opponent": "mcts",
      "final_reward": 0.0,
      "total_turns": 2,
      "valid_turns": 1,
      "invalid_turns": 1,
      "valid_rate": 0.5
    },
    {
      "task_id": 107053226,
      "game_name": "liars_dice",
      "seed": 1085153789,
      "opponent": "mcts",
      "final_reward": 0.0,
      "total_turns": 1,
      "valid_turns": 0,
      "invalid_turns": 1,
      "valid_rate": 0.0
    },
    {
      "task_id": 194157529,
      "game_name": "liars_dice",
      "seed": 1618783140,
      "opponent": "mcts",
      "final_reward": 0.0,
      "total_turns": 1,
      "valid_turns": 0,
      "invalid_turns": 1,
      "valid_rate": 0.0
    },
    {
      "task_id": 112593394,
      "game_name": "liars_dice",
      "seed": 1605863156,
      "opponent": "mcts",
      "final_reward": 0.0,
      "total_turns": 2,
      "valid_turns": 1,
      "invalid_turns": 1,
      "valid_rate": 0.5
    },
    {
      "task_id": 161371149,
      "game_name": "liars_dice",
      "seed": 298909012,
      "opponent": "mcts",
      "final_reward": 0.0,
      "total_turns": 2,
      "valid_turns": 0,
      "invalid_turns": 2,
      "valid_rate": 0.0
    },
    {
      "task_id": 167615251,
      "game_name": "liars_dice",
      "seed": 779125172,
      "opponent": "mcts",
      "final_reward": 0.0,
      "total_turns": 1,
      "valid_turns": 1,
      "invalid_turns": 0,
      "valid_rate": 1.0
    },
    {
      "task_id": 160043969,
      "game_name": "liars_dice",
      "seed": 902376853,
      "opponent": "mcts",
      "final_reward": 0.0,
      "total_turns": 1,
      "valid_turns": 0,
      "invalid_turns": 1,
      "valid_rate": 0.0
    },
    {
      "task_id": 192417617,
      "game_name": "liars_dice",
      "seed": 1343316701,
      "opponent": "mcts",
      "final_reward": 0.0,
      "total_turns": 1,