{
  "step": 6,
  "timestamp": "2026-01-19T10:02:32.100564",
  "num_episodes": 28,
  "stats": {
    "objective/kl": 9.915939092636108,
    "objective/kl_coef": 0.05006074719130993,
    "objective/entropy": 77.8940782546997,
    "ppo/mean_non_score_reward": -0.062049778178334236,
    "ppo/mean_scores": -0.15005814284086227,
    "ppo/std_scores": 0.0,
    "tokens/queries_len_mean": 214.8125,
    "tokens/queries_len_std": 11.796110451221466,
    "tokens/responses_len_mean": 8.0,
    "tokens/responses_len_std": 0.0,
    "ppo/loss/policy": 0.000359576428309083,
    "ppo/loss/value": 0.8275159895420074,
    "ppo/loss/total": 0.08311117812991142,
    "ppo/policy/entropy": 2.342805951833725,
    "ppo/policy/approxkl": 0.0005476361766341142,
    "ppo/policy/policykl": 0.00010700826533138752,
    "ppo/policy/clipfrac": 0.0,
    "ppo/policy/advantages_mean": 1.885928213596344e-08,
    "ppo/returns/mean": 0.4195057451725006,
    "ppo/returns/var": 1.0463743209838867,
    "ppo/val/vpred": 0.4620506316423416,
    "ppo/val/error": 1.655031979084015,
    "ppo/val/clipfrac": 0.0,
    "ppo/val/mean": 0.4630272127687931,
    "ppo/val/var": 0.45881208032369614,
    "ppo/val/var_explained": -0.5941809117794037,
    "ppo/learning_rate": 5e-07,
    "time/ppo/forward_pass": 0.40940970182418823,
    "time/ppo/compute_rewards": 0.0008202791213989258,
    "time/ppo/compute_advantages": 0.016875743865966797,
    "time/ppo/optimize_step": 0.8899861574172974,
    "time/ppo/calc_stats": 0.007033288478851318,
    "time/ppo/total": 1.3242168426513672,
    "mean_reward": 0.0,
    "mean_score": 0.0,
    "success_rate": 0.0,
    "num_samples": 16,
    "num_batches": 4,
    "total_valid_turns": 16,
    "total_invalid_turns": 13,
    "avg_valid_rate": 0.5535714285714286
  },
  "episodes_summary": [
    {
      "task_id": 113768113,
      "game_name": "liars_dice",
      "seed": 1321829887,
      "opponent": "mcts",
      "final_reward": 0.0,
      "total_turns": 1,
      "valid_turns": 0,
      "invalid_turns": 1,
      "valid_rate": 0.0
    },
    {
      "task_id": 120992063,
      "game_name": "liars_dice",
      "seed": 1617437142,
      "opponent": "mcts",
      "final_reward": 0.0,
      "total_turns": 1,
      "valid_turns": 0,
      "invalid_turns": 1,
      "valid_rate": 0.0
    },
    {
      "task_id": 119720188,
      "game_name": "liars_dice",
      "seed": 537884499,
      "opponent": "mcts",
      "final_reward": 0.0,
      "total_turns": 1,
      "valid_turns": 0,
      "invalid_turns": 1,
      "valid_rate": 0.0
    },
    {
      "task_id": 129906048,
      "game_name": "liars_dice",
      "seed": 1356743314,
      "opponent": "mcts",
      "final_reward": 0.0,
      "total_turns": 1,
      "valid_turns": 1,
      "invalid_turns": 0,
      "valid_rate": 1.0
    },
    {
      "task_id": 124688602,
      "game_name": "liars_dice",
      "seed": 1250091114,
      "opponent": "mcts",
      "final_reward": 0.0,
      "total_turns": 1,
      "valid_turns": 1,
      "invalid_turns": 0,
      "valid_rate": 1.0
    },
    {
      "task_id": 117748121,
      "game_name": "liars_dice",
      "seed": 88259957,
      "opponent": "mcts",
      "final_reward": 0.0,
      "total_turns": 1,
      "valid_turns": 0,
      "invalid_turns": 1,
      "valid_rate": 0.0
    },
    {
      "task_id": 117719461,
      "game_name": "liars_dice",
      "seed": 1804881417,
      "opponent": "mcts",
      "final_reward": 0.0,
      "total_turns": 1,
      "valid_turns": 1,
      "invalid_turns": 0,
      "valid_rate": 1.0
    },
    {
      "task_id": 166655848,
      "game_name": "liars_dice",
      "seed": 1789924707,
      "opponent": "mcts",
      "final_reward": 0.0,
      "total_turns": 1,
      "valid_turns": 1,
      "invalid_turns": 0,
      "valid_rate": 1.0
    },
    {
      "task_id": 179332947,
      "game_name": "liars_dice",
      "seed": 1813286854,
      "opponent": "mcts",
      "final_reward": 0.0,
      "total_turns": 2,
      "valid_turns": 1,
      "invalid_turns": 1,
      "valid_rate": 0.5
    },
    {
      "task_id": 108905975,
      "game_name": "liars_dice",
      "seed": 1522841287,
      "opponent": "mcts",
      "final_reward": 0.0,
      "total_turns": 1,
      "valid_turns": 0,
      "invalid_turns": 1,
      "valid_rate": 0.0
    },
    {
      "task_id": 172199579,
      "game_name": "liars_dice",
      "seed": 1910449369,
      "opponent": "mcts",
      "final_reward": 0.0,
      "total_turns": 1,
      "valid_turns": 0,
      "invalid_turns": 1,
      "valid_rate": 0.0
    },
    {
      "task_id": 150523814,
      "game_name": "liars_dice",
      "seed": 1755036261,
      "opponent": "mcts",
      "final_reward": 0.0,
      "total_turns": 1,
      "valid_turns": 0,
      "invalid_turns": 1,
      "valid_rate": 0.0
    },
    {
      "task_id": 179332947,
      "game_name": "liars_dice",
      "seed": 1377271479,
      "opponent": "mcts",
      "final_reward": 0.0,
      "total_turns": 1,
      "valid_turns": 1,
      "invalid_turns": 0,
      "valid_rate": 1.0
    },
    {
      "task_id": 139367623,
      "game_name": "liars_dice",
      "seed": 2022446622,
      "opponent": "mcts",
      "final_reward": 0.0,
      "total_turns": 1,
      "valid_turns": 1,
      "invalid_turns": 0,
      "valid_rate": 1.0
    },
    {
      "task_id": 182127436,
      "game_name": "liars_dice",
      "seed": 796536911,
      "opponent": "mcts",
      "final_reward": 0.0,
      "total_turns": 1,
      "valid_turns": 0,
      "invalid_turns": 1,
      "valid_rate": 0.0
    },
    {
      "task_id": 115053691,
      "game_name": "liars_dice",
      "seed": 660904546,
      "opponent": "mcts",
      "final_reward": 0.0,
      "total_turns": 1,
      "valid_turns": 1,
      "invalid_turns": 0,
      "valid_rate": 1.0
    },
    {
      "task_id": 153522930,
      "game_name": "liars_dice",
      "seed": 796203998,
      "opponent": "mcts",
      "final_reward": 0.0,
      "total_turns": 1,
      "valid_turns": 1,
      "invalid_turns": 0,
      "valid_rate": 1.0
    },
    {
      "task_id": 123452830,
      "game_name": "liars_dice",
      "seed": 1064970056,
      "opponent": "mcts",
      "final_reward": 0.0,
      "total_turns": 1,
      "valid_turns": 1,
      "invalid_turns": 0,
      "valid_rate": 1.0
    },
    {
      "task_id": 170242666,
      "game_name": "liars_dice",
      "seed": 612322711,
      "opponent": "mcts",
      "final_reward": 0.0,
      "total_turns": 1,
      "valid_turns": 1,
      "invalid_turns": 0,
      "valid_rate": 1.0
    },
    {
      "task_id": 164865815,
      "game_name": "liars_dice",
      "seed": 874626735,
      "opponent": "mcts",
      "final_reward": 0.0,
      "total_turns": 1,
      "valid_turns": 0,
      "invalid_turns": 1,
      "valid_rate": 0.0
    },
    {
      "task_id": 182454089,
      "game_name": "liars_dice",
      "seed": 1928819889,
      "opponent": "mcts",
      "final_reward": 0.0,
      "total_turns": 1,
      "valid_turns": 1,
      "invalid_turns": 0,
      "valid_rate": 1.0
    },
    {
      "task_id": 129358005,
      "game_name": "liars_dice",
      "seed": 1282305979,
      "opponent": "mcts",
      "final_reward": 0.0,
      "total_turns": 1,
      "valid_turns": 1,
      "invalid_turns": 0,
      "valid_rate": 1.0
    },
    {
      "task_id": 195611025,
      "game_name": "liars_dice",
      "seed": 1293467907,
      "opponent": "mcts",
      "final_reward": 0.0,
      "total_turns": 1,
      "valid_turns": 0,
      "invalid_turns": 1,
      "valid_rate": 0.0
    },
    {
      "task_id": 156936377,
      "game_name": "liars_dice",
      "seed": 2024797582,
      "opponent": "mcts",
      "final_reward": 0.0,
      "total_turns": 1,
      "valid_turns": 0,
      "invalid_turns": 1,
      "valid_rate": 0.0
    },
    {
      "task_id": 135166055,
      "game_name": "liars_dice",
      "seed": 2137517594,
      "opponent": "mcts",
      "final_reward": 0.0,
      "total_turns": 1,
      "valid_turns": 0,