{
  "step": 66,
  "timestamp": "2026-01-19T10:42:42.617472",
  "num_episodes": 21,
  "stats": {
    "objective/kl": 21.912070512771606,
    "objective/kl_coef": 0.05014605633914471,
    "objective/entropy": 108.10565948486328,
    "ppo/mean_non_score_reward": -0.13734986819326878,
    "ppo/mean_scores": -0.06913882307708263,
    "ppo/std_scores": 0.0,
    "tokens/queries_len_mean": 222.0625,
    "tokens/queries_len_std": 11.90127944946289,
    "tokens/responses_len_mean": 8.0,
    "tokens/responses_len_std": 0.0,
    "ppo/loss/policy": -0.010341249406337738,
    "ppo/loss/value": 3.355932056903839,
    "ppo/loss/total": 0.3252519592642784,
    "ppo/policy/entropy": 1.4803555607795715,
    "ppo/policy/approxkl": 0.0010915610255324282,
    "ppo/policy/policykl": 0.009368911618366838,
    "ppo/policy/clipfrac": 0.0078125,
    "ppo/policy/advantages_mean": 0.0,
    "ppo/returns/mean": -0.46939095109701157,
    "ppo/returns/var": 6.753121018409729,
    "ppo/val/vpred": -0.35262347757816315,
    "ppo/val/error": 6.711864113807678,
    "ppo/val/clipfrac": 0.0,
    "ppo/val/mean": -0.3509593717753887,
    "ppo/val/var": 0.4224819093942642,
    "ppo/val/var_explained": 0.005706802010536194,
    "ppo/learning_rate": 5e-07,
    "time/ppo/forward_pass": 0.40613967180252075,
    "time/ppo/compute_rewards": 0.0008109807968139648,
    "time/ppo/compute_advantages": 0.01693803071975708,
    "time/ppo/optimize_step": 0.903285562992096,
    "time/ppo/calc_stats": 0.0066489577293396,
    "time/ppo/total": 1.3339134454727173,
    "mean_reward": 0.0,
    "mean_score": 0.0,
    "success_rate": 0.0,
    "num_samples": 16,
    "num_batches": 4,
    "total_valid_turns": 16,
    "total_invalid_turns": 15,
    "avg_valid_rate": 0.47619047619047616
  },
  "episodes_summary": [
    {
      "task_id": 126727773,
      "game_name": "liars_dice",
      "seed": 452082887,
      "opponent": "mcts",
      "final_reward": 0.0,
      "total_turns": 1,
      "valid_turns": 1,
      "invalid_turns": 0,
      "valid_rate": 1.0
    },
    {
      "task_id": 101530960,
      "game_name": "liars_dice",
      "seed": 366533691,
      "opponent": "mcts",
      "final_reward": 0.0,
      "total_turns": 1,
      "valid_turns": 0,
      "invalid_turns": 1,
      "valid_rate": 0.0
    },
    {
      "task_id": 124151437,
      "game_name": "liars_dice",
      "seed": 1092756200,
      "opponent": "mcts",
      "final_reward": 0.0,
      "total_turns": 2,
      "valid_turns": 1,
      "invalid_turns": 1,
      "valid_rate": 0.5
    },
    {
      "task_id": 141497677,
      "game_name": "liars_dice",
      "seed": 1261079527,
      "opponent": "mcts",
      "final_reward": 0.0,
      "total_turns": 1,
      "valid_turns": 0,
      "invalid_turns": 1,
      "valid_rate": 0.0
    },
    {
      "task_id": 143231294,
      "game_name": "liars_dice",
      "seed": 1194419840,
      "opponent": "mcts",
      "final_reward": 0.0,
      "total_turns": 1,
      "valid_turns": 1,
      "invalid_turns": 0,
      "valid_rate": 1.0
    },
    {
      "task_id": 122303014,
      "game_name": "liars_dice",
      "seed": 1414479864,
      "opponent": "mcts",
      "final_reward": 0.0,
      "total_turns": 2,
      "valid_turns": 1,
      "invalid_turns": 1,
      "valid_rate": 0.5
    },
    {
      "task_id": 132022619,
      "game_name": "liars_dice",
      "seed": 544545171,
      "opponent": "mcts",
      "final_reward": 0.0,
      "total_turns": 1,
      "valid_turns": 0,
      "invalid_turns": 1,
      "valid_rate": 0.0
    },
    {
      "task_id": 163675117,
      "game_name": "liars_dice",
      "seed": 1628486508,
      "opponent": "mcts",
      "final_reward": 0.0,
      "total_turns": 1,
      "valid_turns": 1,
      "invalid_turns": 0,
      "valid_rate": 1.0
    },
    {
      "task_id": 185575271,
      "game_name": "liars_dice",
      "seed": 782167612,
      "opponent": "mcts",
      "final_reward": 0.0,
      "total_turns": 2,
      "valid_turns": 1,
      "invalid_turns": 1,
      "valid_rate": 0.5
    },
    {
      "task_id": 137788546,
      "game_name": "liars_dice",
      "seed": 422635891,
      "opponent": "mcts",
      "final_reward": 0.0,
      "total_turns": 1,
      "valid_turns": 0,
      "invalid_turns": 1,
      "valid_rate": 0.0
    },
    {
      "task_id": 104550053,
      "game_name": "liars_dice",
      "seed": 642822436,
      "opponent": "mcts",
      "final_reward": 0.0,
      "total_turns": 2,
      "valid_turns": 1,
      "invalid_turns": 1,
      "valid_rate": 0.5
    },
    {
      "task_id": 108193369,
      "game_name": "liars_dice",
      "seed": 1312479247,
      "opponent": "mcts",
      "final_reward": 0.0,
      "total_turns": 1,
      "valid_turns": 0,
      "invalid_turns": 1,
      "valid_rate": 0.0
    },
    {
      "task_id": 123842719,
      "game_name": "liars_dice",
      "seed": 830206822,
      "opponent": "mcts",
      "final_reward": 0.0,
      "total_turns": 1,
      "valid_turns": 1,
      "invalid_turns": 0,
      "valid_rate": 1.0
    },
    {
      "task_id": 135880306,
      "game_name": "liars_dice",
      "seed": 1932392428,
      "opponent": "mcts",
      "final_reward": 0.0,
      "total_turns": 2,
      "valid_turns": 1,
      "invalid_turns": 1,
      "valid_rate": 0.5
    },
    {
      "task_id": 127787265,
      "game_name": "liars_dice",
      "seed": 1178545581,
      "opponent": "mcts",
      "final_reward": 0.0,
      "total_turns": 1,
      "valid_turns": 0,
      "invalid_turns": 1,
      "valid_rate": 0.0
    },
    {
      "task_id": 195830559,
      "game_name": "liars_dice",
      "seed": 1517968792,
      "opponent": "mcts",
      "final_reward": 0.0,
      "total_turns": 2,
      "valid_turns": 1,
      "invalid_turns": 1,
      "valid_rate": 0.5
    },
    {
      "task_id": 182432349,
      "game_name": "liars_dice",
      "seed": 75397478,
      "opponent": "mcts",
      "final_reward": 0.0,
      "total_turns": 2,
      "valid_turns": 1,
      "invalid_turns": 1,
      "valid_rate": 0.5
    },
    {
      "task_id": 179552168,
      "game_name": "liars_dice",
      "seed": 2020982423,
      "opponent": "mcts",
      "final_reward": 0.0,
      "total_turns": 1,
      "valid_turns": 0,
      "invalid_turns": 1,
      "valid_rate": 0.0
    },
    {
      "task_id": 167606461,
      "game_name": "liars_dice",
      "seed": 32103590,
      "opponent": "mcts",
      "final_reward": 0.0,
      "total_turns": 2,
      "valid_turns": 1,
      "invalid_turns": 1,
      "valid_rate": 0.5
    },
    {
      "task_id": 140507872,
      "game_name": "liars_dice",
      "seed": 177886616,
      "opponent": "mcts",
      "final_reward": 0.0,
      "total_turns": 2,
      "valid_turns": 2,
      "invalid_turns": 0,
      "valid_rate": 1.0
    },
    {
      "task_id": 196837220,
      "game_name": "liars_dice",
      "seed": 1187912412,
      "opponent": "mcts",
      "final_reward": 0.0,
      "total_turns": 2,
      "valid_turns": 2,
      "invalid_turns": 0,
      "valid_rate": 1.0
    }
  ],
  "aggregated": {
    "total_valid_turns": 16,
    "total_invalid_turns": 15,
    "avg_valid_rate": 0.47619047619047616,
    "games_played": {
      "liars_dice": 21
    },
    "success_count": 0,
    "failure_count": 21,
    "success_rate": 0.0
  }
}