{
  "step": 1,
  "timestamp": "2026-01-19T09:58:18.209334",
  "num_episodes": 31,
  "stats": {
    "objective/kl": 7.877110958099365,
    "objective/kl_coef": 0.05000229999423027,
    "objective/entropy": 73.51477813720703,
    "ppo/mean_non_score_reward": -0.04923359677195549,
    "ppo/mean_scores": 0.0,
    "ppo/std_scores": 0.0,
    "tokens/queries_len_mean": 220.25,
    "tokens/queries_len_std": 22.47079849243164,
    "tokens/responses_len_mean": 8.0,
    "tokens/responses_len_std": 0.0,
    "ppo/loss/policy": -0.0014626574702560902,
    "ppo/loss/value": 1.1363161504268646,
    "ppo/loss/total": 0.11216895654797554,
    "ppo/policy/entropy": 2.0358681678771973,
    "ppo/policy/approxkl": 0.00041207449612556957,
    "ppo/policy/policykl": -0.0038825383817311376,
    "ppo/policy/clipfrac": 0.00390625,
    "ppo/policy/advantages_mean": -6.05359673500061e-09,
    "ppo/returns/mean": 0.9091948419809341,
    "ppo/returns/var": 1.1025988012552261,
    "ppo/val/vpred": 0.3957729712128639,
    "ppo/val/error": 2.2726323008537292,
    "ppo/val/clipfrac": 0.0,
    "ppo/val/mean": 0.3968624100089073,
    "ppo/val/var": 0.5436582118272781,
    "ppo/val/var_explained": -1.123828649520874,
    "ppo/learning_rate": 5e-07,
    "time/ppo/forward_pass": 0.41830313205718994,
    "time/ppo/compute_rewards": 0.0009042620658874512,
    "time/ppo/compute_advantages": 0.01858508586883545,
    "time/ppo/optimize_step": 0.9454991817474365,
    "time/ppo/calc_stats": 0.011127233505249023,
    "time/ppo/total": 1.3945441842079163,
    "mean_reward": 0.0,
    "mean_score": 0.0,
    "success_rate": 0.0,
    "num_samples": 16,
    "num_batches": 4,
    "total_valid_turns": 16,
    "total_invalid_turns": 19,
    "avg_valid_rate": 0.45161290322580644
  },
  "episodes_summary": [
    {
      "task_id": 151706749,
      "game_name": "liars_dice",
      "seed": 1806341205,
      "opponent": "mcts",
      "final_reward": 0.0,
      "total_turns": 1,
      "valid_turns": 0,
      "invalid_turns": 1,
      "valid_rate": 0.0
    },
    {
      "task_id": 105433721,
      "game_name": "liars_dice",
      "seed": 1112038970,
      "opponent": "mcts",
      "final_reward": 0.0,
      "total_turns": 1,
      "valid_turns": 0,
      "invalid_turns": 1,
      "valid_rate": 0.0
    },
    {
      "task_id": 168622131,
      "game_name": "liars_dice",
      "seed": 2087043557,
      "opponent": "mcts",
      "final_reward": 0.0,
      "total_turns": 1,
      "valid_turns": 0,
      "invalid_turns": 1,
      "valid_rate": 0.0
    },
    {
      "task_id": 154349339,
      "game_name": "liars_dice",
      "seed": 1302718217,
      "opponent": "mcts",
      "final_reward": 0.0,
      "total_turns": 1,
      "valid_turns": 0,
      "invalid_turns": 1,
      "valid_rate": 0.0
    },
    {
      "task_id": 163967760,
      "game_name": "liars_dice",
      "seed": 1537810351,
      "opponent": "mcts",
      "final_reward": 0.0,
      "total_turns": 1,
      "valid_turns": 0,
      "invalid_turns": 1,
      "valid_rate": 0.0
    },
    {
      "task_id": 178300211,
      "game_name": "liars_dice",
      "seed": 938204377,
      "opponent": "mcts",
      "final_reward": 0.0,
      "total_turns": 1,
      "valid_turns": 1,
      "invalid_turns": 0,
      "valid_rate": 1.0
    },
    {
      "task_id": 118756361,
      "game_name": "liars_dice",
      "seed": 407295012,
      "opponent": "mcts",
      "final_reward": 0.0,
      "total_turns": 2,
      "valid_turns": 2,
      "invalid_turns": 0,
      "valid_rate": 1.0
    },
    {
      "task_id": 171479480,
      "game_name": "liars_dice",
      "seed": 631194409,
      "opponent": "mcts",
      "final_reward": 0.0,
      "total_turns": 1,
      "valid_turns": 1,
      "invalid_turns": 0,
      "valid_rate": 1.0
    },
    {
      "task_id": 191802769,
      "game_name": "liars_dice",
      "seed": 1418186270,
      "opponent": "mcts",
      "final_reward": 0.0,
      "total_turns": 1,
      "valid_turns": 1,
      "invalid_turns": 0,
      "valid_rate": 1.0
    },
    {
      "task_id": 147485068,
      "game_name": "liars_dice",
      "seed": 1864753826,
      "opponent": "mcts",
      "final_reward": 0.0,
      "total_turns": 1,
      "valid_turns": 0,
      "invalid_turns": 1,
      "valid_rate": 0.0
    },
    {
      "task_id": 174158472,
      "game_name": "liars_dice",
      "seed": 2048741382,
      "opponent": "mcts",
      "final_reward": 1.0,
      "total_turns": 2,
      "valid_turns": 0,
      "invalid_turns": 2,
      "valid_rate": 0.0
    },
    {
      "task_id": 108359024,
      "game_name": "liars_dice",
      "seed": 60308648,
      "opponent": "mcts",
      "final_reward": 0.0,
      "total_turns": 2,
      "valid_turns": 0,
      "invalid_turns": 2,
      "valid_rate": 0.0
    },
    {
      "task_id": 118756361,
      "game_name": "liars_dice",
      "seed": 1712934065,
      "opponent": "mcts",
      "final_reward": 0.0,
      "total_turns": 1,
      "valid_turns": 0,
      "invalid_turns": 1,
      "valid_rate": 0.0
    },
    {
      "task_id": 182127436,
      "game_name": "liars_dice",
      "seed": 2119900799,
      "opponent": "mcts",
      "final_reward": 0.0,
      "total_turns": 1,
      "valid_turns": 0,
      "invalid_turns": 1,
      "valid_rate": 0.0
    },
    {
      "task_id": 132737163,
      "game_name": "liars_dice",
      "seed": 1396742090,
      "opponent": "mcts",
      "final_reward": 0.0,
      "total_turns": 1,
      "valid_turns": 1,
      "invalid_turns": 0,
      "valid_rate": 1.0
    },
    {
      "task_id": 125644590,
      "game_name": "liars_dice",
      "seed": 952210990,
      "opponent": "mcts",
      "final_reward": 0.0,
      "total_turns": 1,
      "valid_turns": 1,
      "invalid_turns": 0,
      "valid_rate": 1.0
    },
    {
      "task_id": 108359024,
      "game_name": "liars_dice",
      "seed": 612008755,
      "opponent": "mcts",
      "final_reward": 0.0,
      "total_turns": 1,
      "valid_turns": 1,
      "invalid_turns": 0,
      "valid_rate": 1.0
    },
    {
      "task_id": 112242798,
      "game_name": "liars_dice",
      "seed": 345512145,
      "opponent": "mcts",
      "final_reward": 0.0,
      "total_turns": 1,
      "valid_turns": 0,
      "invalid_turns": 1,
      "valid_rate": 0.0
    },
    {
      "task_id": 114637496,
      "game_name": "liars_dice",
      "seed": 1294704107,
      "opponent": "mcts",
      "final_reward": 0.0,
      "total_turns": 1,
      "valid_turns": 0,
      "invalid_turns": 1,
      "valid_rate": 0.0
    },
    {
      "task_id": 173476275,
      "game_name": "liars_dice",
      "seed": 1429152570,
      "opponent": "mcts",
      "final_reward": 0.0,
      "total_turns": 1,
      "valid_turns": 0,
      "invalid_turns": 1,
      "valid_rate": 0.0
    },
    {
      "task_id": 180958204,
      "game_name": "liars_dice",
      "seed": 1235478542,
      "opponent": "mcts",
      "final_reward": 0.0,
      "total_turns": 1,
      "valid_turns": 1,
      "invalid_turns": 0,
      "valid_rate": 1.0
    },
    {
      "task_id": 142553307,
      "game_name": "liars_dice",
      "seed": 1039842312,
      "opponent": "mcts",
      "final_reward": 0.0,
      "total_turns": 1,
      "valid_turns": 1,
      "invalid_turns": 0,
      "valid_rate": 1.0
    },
    {
      "task_id": 182127436,
      "game_name": "liars_dice",
      "seed": 813429542,
      "opponent": "mcts",
      "final_reward": 0.0,
      "total_turns": 1,
      "valid_turns": 0,
      "invalid_turns": 1,
      "valid_rate": 0.0
    },
    {
      "task_id": 182245023,
      "game_name": "liars_dice",
      "seed": 1116932915,
      "opponent": "mcts",
      "final_reward": 0.0,
      "total_turns": 1,
      "valid_turns": 0,
      "invalid_turns": 1,
      "valid_rate": 0.0
    },
    {
      "task_id": 191096787,
      "game_name": "liars_dice",
      "seed": 559309739,
      "opponent": "mcts",
      "final_reward": 0.0,
      "total_turns": 1,
      "valid_turns": 1,