{
  "step": 57,
  "timestamp": "2026-01-19T10:37:07.116831",
  "num_episodes": 21,
  "stats": {
    "objective/kl": 7.03698194026947,
    "objective/kl_coef": 0.05001765675842762,
    "objective/entropy": 77.95688438415527,
    "ppo/mean_non_score_reward": -0.043996077962219715,
    "ppo/mean_scores": -0.07445365190505981,
    "ppo/std_scores": 0.0,
    "tokens/queries_len_mean": 220.6875,
    "tokens/queries_len_std": 22.384863138198853,
    "tokens/responses_len_mean": 8.0,
    "tokens/responses_len_std": 0.0,
    "ppo/loss/policy": -0.011348500847816467,
    "ppo/loss/value": 1.97182697057724,
    "ppo/loss/total": 0.18583418801426888,
    "ppo/policy/entropy": 1.2707569003105164,
    "ppo/policy/approxkl": 0.001679006491031032,
    "ppo/policy/policykl": 0.004716393479611725,
    "ppo/policy/clipfrac": 0.015625,
    "ppo/policy/advantages_mean": -2.7939677238464355e-09,
    "ppo/returns/mean": -0.2864568382501602,
    "ppo/returns/var": 3.3133134245872498,
    "ppo/val/vpred": -0.18119476735591888,
    "ppo/val/error": 3.94365394115448,
    "ppo/val/clipfrac": 0.0,
    "ppo/val/mean": -0.18095283582806587,
    "ppo/val/var": 0.44337934255599976,
    "ppo/val/var_explained": -0.16584628820419312,
    "ppo/learning_rate": 5e-07,
    "time/ppo/forward_pass": 0.42527925968170166,
    "time/ppo/compute_rewards": 0.0008107423782348633,
    "time/ppo/compute_advantages": 0.018034934997558594,
    "time/ppo/optimize_step": 0.9102989435195923,
    "time/ppo/calc_stats": 0.010953128337860107,
    "time/ppo/total": 1.365466833114624,
    "mean_reward": 0.0,
    "mean_score": 0.0,
    "success_rate": 0.0,
    "num_samples": 16,
    "num_batches": 4,
    "total_valid_turns": 16,
    "total_invalid_turns": 9,
    "avg_valid_rate": 0.6190476190476191
  },
  "episodes_summary": [
    {
      "task_id": 109927255,
      "game_name": "liars_dice",
      "seed": 1772963719,
      "opponent": "mcts",
      "final_reward": 0.0,
      "total_turns": 1,
      "valid_turns": 0,
      "invalid_turns": 1,
      "valid_rate": 0.0
    },
    {
      "task_id": 184024876,
      "game_name": "liars_dice",
      "seed": 1374704492,
      "opponent": "mcts",
      "final_reward": 0.0,
      "total_turns": 2,
      "valid_turns": 1,
      "invalid_turns": 1,
      "valid_rate": 0.5
    },
    {
      "task_id": 110747926,
      "game_name": "liars_dice",
      "seed": 1461277507,
      "opponent": "mcts",
      "final_reward": 0.0,
      "total_turns": 1,
      "valid_turns": 1,
      "invalid_turns": 0,
      "valid_rate": 1.0
    },
    {
      "task_id": 195721590,
      "game_name": "liars_dice",
      "seed": 2101447144,
      "opponent": "mcts",
      "final_reward": 0.0,
      "total_turns": 1,
      "valid_turns": 1,
      "invalid_turns": 0,
      "valid_rate": 1.0
    },
    {
      "task_id": 106847967,
      "game_name": "liars_dice",
      "seed": 677040154,
      "opponent": "mcts",
      "final_reward": 0.0,
      "total_turns": 1,
      "valid_turns": 1,
      "invalid_turns": 0,
      "valid_rate": 1.0
    },
    {
      "task_id": 108362586,
      "game_name": "liars_dice",
      "seed": 1253136999,
      "opponent": "mcts",
      "final_reward": 0.0,
      "total_turns": 1,
      "valid_turns": 0,
      "invalid_turns": 1,
      "valid_rate": 0.0
    },
    {
      "task_id": 179197453,
      "game_name": "liars_dice",
      "seed": 8299211,
      "opponent": "mcts",
      "final_reward": 0.0,
      "total_turns": 1,
      "valid_turns": 0,
      "invalid_turns": 1,
      "valid_rate": 0.0
    },
    {
      "task_id": 109232654,
      "game_name": "liars_dice",
      "seed": 2026262661,
      "opponent": "mcts",
      "final_reward": 0.0,
      "total_turns": 1,
      "valid_turns": 1,
      "invalid_turns": 0,
      "valid_rate": 1.0
    },
    {
      "task_id": 146763597,
      "game_name": "liars_dice",
      "seed": 2005310793,
      "opponent": "mcts",
      "final_reward": 0.0,
      "total_turns": 1,
      "valid_turns": 0,
      "invalid_turns": 1,
      "valid_rate": 0.0
    },
    {
      "task_id": 164401496,
      "game_name": "liars_dice",
      "seed": 300256264,
      "opponent": "mcts",
      "final_reward": 0.0,
      "total_turns": 2,
      "valid_turns": 1,
      "invalid_turns": 1,
      "valid_rate": 0.5
    },
    {
      "task_id": 156168850,
      "game_name": "liars_dice",
      "seed": 1990152506,
      "opponent": "mcts",
      "final_reward": 0.0,
      "total_turns": 1,
      "valid_turns": 1,
      "invalid_turns": 0,
      "valid_rate": 1.0
    },
    {
      "task_id": 192539720,
      "game_name": "liars_dice",
      "seed": 2068890454,
      "opponent": "mcts",
      "final_reward": 0.0,
      "total_turns": 1,
      "valid_turns": 0,
      "invalid_turns": 1,
      "valid_rate": 0.0
    },
    {
      "task_id": 134508362,
      "game_name": "liars_dice",
      "seed": 898479673,
      "opponent": "mcts",
      "final_reward": 0.0,
      "total_turns": 1,
      "valid_turns": 0,
      "invalid_turns": 1,
      "valid_rate": 0.0
    },
    {
      "task_id": 188026289,
      "game_name": "liars_dice",
      "seed": 348268275,
      "opponent": "mcts",
      "final_reward": 0.0,
      "total_turns": 1,
      "valid_turns": 1,
      "invalid_turns": 0,
      "valid_rate": 1.0
    },
    {
      "task_id": 196997420,
      "game_name": "liars_dice",
      "seed": 18231656,
      "opponent": "mcts",
      "final_reward": 0.0,
      "total_turns": 2,
      "valid_turns": 2,
      "invalid_turns": 0,
      "valid_rate": 1.0
    },
    {
      "task_id": 174533728,
      "game_name": "liars_dice",
      "seed": 2073797468,
      "opponent": "mcts",
      "final_reward": 0.0,
      "total_turns": 1,
      "valid_turns": 1,
      "invalid_turns": 0,
      "valid_rate": 1.0
    },
    {
      "task_id": 122996192,
      "game_name": "liars_dice",
      "seed": 22283447,
      "opponent": "mcts",
      "final_reward": 0.0,
      "total_turns": 1,
      "valid_turns": 1,
      "invalid_turns": 0,
      "valid_rate": 1.0
    },
    {
      "task_id": 147239244,
      "game_name": "liars_dice",
      "seed": 1296154949,
      "opponent": "mcts",
      "final_reward": 0.0,
      "total_turns": 1,
      "valid_turns": 0,
      "invalid_turns": 1,
      "valid_rate": 0.0
    },
    {
      "task_id": 106223504,
      "game_name": "liars_dice",
      "seed": 1067979309,
      "opponent": "mcts",
      "final_reward": 0.0,
      "total_turns": 1,
      "valid_turns": 1,
      "invalid_turns": 0,
      "valid_rate": 1.0
    },
    {
      "task_id": 106262273,
      "game_name": "liars_dice",
      "seed": 1612411400,
      "opponent": "mcts",
      "final_reward": 0.0,
      "total_turns": 2,
      "valid_turns": 2,
      "invalid_turns": 0,
      "valid_rate": 1.0
    },
    {
      "task_id": 115710611,
      "game_name": "liars_dice",
      "seed": 1148472006,
      "opponent": "mcts",
      "final_reward": 0.0,
      "total_turns": 1,
      "valid_turns": 1,
      "invalid_turns": 0,
      "valid_rate": 1.0
    }
  ],
  "aggregated": {
    "total_valid_turns": 16,
    "total_invalid_turns": 9,
    "avg_valid_rate": 0.6190476190476191,
    "games_played": {
      "liars_dice": 21
    },
    "success_count": 0,
    "failure_count": 21,
    "success_rate": 0.0
  }
}