{
  "step": 75,
  "timestamp": "2026-01-19T10:48:16.290322",
  "num_episodes": 19,
  "stats": {
    "objective/kl": 37.55549383163452,
    "objective/kl_coef": 0.050282616168260574,
    "objective/entropy": 103.57200622558594,
    "ppo/mean_non_score_reward": -0.23604394495487213,
    "ppo/mean_scores": -0.06482067704200745,
    "ppo/std_scores": 0.0,
    "tokens/queries_len_mean": 231.0,
    "tokens/queries_len_std": 26.715266227722168,
    "tokens/responses_len_mean": 8.0,
    "tokens/responses_len_std": 0.0,
    "ppo/loss/policy": -0.015179229900240898,
    "ppo/loss/value": 2.6197219491004944,
    "ppo/loss/total": 0.246792983263731,
    "ppo/policy/entropy": 1.1327784359455109,
    "ppo/policy/approxkl": 0.0024309930740855634,
    "ppo/policy/policykl": 0.017736623995006084,
    "ppo/policy/clipfrac": 0.015625,
    "ppo/policy/advantages_mean": 1.862645149230957e-09,
    "ppo/returns/mean": -0.7473343014717102,
    "ppo/returns/var": 5.729889869689941,
    "ppo/val/vpred": -0.7271988987922668,
    "ppo/val/error": 5.239443898200989,
    "ppo/val/clipfrac": 0.0,
    "ppo/val/mean": -0.7271416932344437,
    "ppo/val/var": 0.3096601963043213,
    "ppo/val/var_explained": 0.094413161277771,
    "ppo/learning_rate": 5e-07,
    "time/ppo/forward_pass": 0.42300838232040405,
    "time/ppo/compute_rewards": 0.0008248686790466309,
    "time/ppo/compute_advantages": 0.019312560558319092,
    "time/ppo/optimize_step": 0.940918505191803,
    "time/ppo/calc_stats": 0.014728367328643799,
    "time/ppo/total": 1.3988853096961975,
    "mean_reward": 0.0,
    "mean_score": 0.0,
    "success_rate": 0.0,
    "num_samples": 16,
    "num_batches": 4,
    "total_valid_turns": 16,
    "total_invalid_turns": 9,
    "avg_valid_rate": 0.5789473684210527
  },
  "episodes_summary": [
    {
      "task_id": 121345069,
      "game_name": "liars_dice",
      "seed": 2138664043,
      "opponent": "mcts",
      "final_reward": 0.0,
      "total_turns": 1,
      "valid_turns": 0,
      "invalid_turns": 1,
      "valid_rate": 0.0
    },
    {
      "task_id": 179171102,
      "game_name": "liars_dice",
      "seed": 1948961336,
      "opponent": "mcts",
      "final_reward": 0.0,
      "total_turns": 2,
      "valid_turns": 2,
      "invalid_turns": 0,
      "valid_rate": 1.0
    },
    {
      "task_id": 100003124,
      "game_name": "liars_dice",
      "seed": 402896615,
      "opponent": "mcts",
      "final_reward": 0.0,
      "total_turns": 1,
      "valid_turns": 0,
      "invalid_turns": 1,
      "valid_rate": 0.0
    },
    {
      "task_id": 128730165,
      "game_name": "liars_dice",
      "seed": 660256269,
      "opponent": "mcts",
      "final_reward": 0.0,
      "total_turns": 1,
      "valid_turns": 0,
      "invalid_turns": 1,
      "valid_rate": 0.0
    },
    {
      "task_id": 146198791,
      "game_name": "liars_dice",
      "seed": 1409870805,
      "opponent": "mcts",
      "final_reward": 0.0,
      "total_turns": 1,
      "valid_turns": 0,
      "invalid_turns": 1,
      "valid_rate": 0.0
    },
    {
      "task_id": 167686085,
      "game_name": "liars_dice",
      "seed": 1097546706,
      "opponent": "mcts",
      "final_reward": 0.0,
      "total_turns": 1,
      "valid_turns": 1,
      "invalid_turns": 0,
      "valid_rate": 1.0
    },
    {
      "task_id": 144454344,
      "game_name": "liars_dice",
      "seed": 1827702762,
      "opponent": "mcts",
      "final_reward": 0.0,
      "total_turns": 2,
      "valid_turns": 2,
      "invalid_turns": 0,
      "valid_rate": 1.0
    },
    {
      "task_id": 159547955,
      "game_name": "liars_dice",
      "seed": 1685534104,
      "opponent": "mcts",
      "final_reward": 0.0,
      "total_turns": 2,
      "valid_turns": 2,
      "invalid_turns": 0,
      "valid_rate": 1.0
    },
    {
      "task_id": 174137725,
      "game_name": "liars_dice",
      "seed": 1286668208,
      "opponent": "mcts",
      "final_reward": 0.0,
      "total_turns": 2,
      "valid_turns": 2,
      "invalid_turns": 0,
      "valid_rate": 1.0
    },
    {
      "task_id": 166411759,
      "game_name": "liars_dice",
      "seed": 1319096384,
      "opponent": "mcts",
      "final_reward": 0.0,
      "total_turns": 1,
      "valid_turns": 1,
      "invalid_turns": 0,
      "valid_rate": 1.0
    },
    {
      "task_id": 166239993,
      "game_name": "liars_dice",
      "seed": 548574121,
      "opponent": "mcts",
      "final_reward": 0.0,
      "total_turns": 1,
      "valid_turns": 0,
      "invalid_turns": 1,
      "valid_rate": 0.0
    },
    {
      "task_id": 146988754,
      "game_name": "liars_dice",
      "seed": 139892951,
      "opponent": "mcts",
      "final_reward": 0.0,
      "total_turns": 1,
      "valid_turns": 1,
      "invalid_turns": 0,
      "valid_rate": 1.0
    },
    {
      "task_id": 114097841,
      "game_name": "liars_dice",
      "seed": 975052714,
      "opponent": "mcts",
      "final_reward": 0.0,
      "total_turns": 1,
      "valid_turns": 1,
      "invalid_turns": 0,
      "valid_rate": 1.0
    },
    {
      "task_id": 158536960,
      "game_name": "liars_dice",
      "seed": 958580542,
      "opponent": "mcts",
      "final_reward": 0.0,
      "total_turns": 2,
      "valid_turns": 1,
      "invalid_turns": 1,
      "valid_rate": 0.5
    },
    {
      "task_id": 167678771,
      "game_name": "liars_dice",
      "seed": 1268295605,
      "opponent": "mcts",
      "final_reward": 0.0,
      "total_turns": 1,
      "valid_turns": 0,
      "invalid_turns": 1,
      "valid_rate": 0.0
    },
    {
      "task_id": 196752552,
      "game_name": "liars_dice",
      "seed": 2054018528,
      "opponent": "mcts",
      "final_reward": 0.0,
      "total_turns": 1,
      "valid_turns": 1,
      "invalid_turns": 0,
      "valid_rate": 1.0
    },
    {
      "task_id": 128688171,
      "game_name": "liars_dice",
      "seed": 875370007,
      "opponent": "mcts",
      "final_reward": 0.0,
      "total_turns": 1,
      "valid_turns": 1,
      "invalid_turns": 0,
      "valid_rate": 1.0
    },
    {
      "task_id": 194719849,
      "game_name": "liars_dice",
      "seed": 927623207,
      "opponent": "mcts",
      "final_reward": 0.0,
      "total_turns": 1,
      "valid_turns": 0,
      "invalid_turns": 1,
      "valid_rate": 0.0
    },
    {
      "task_id": 141273172,
      "game_name": "liars_dice",
      "seed": 933542344,
      "opponent": "mcts",
      "final_reward": 0.0,
      "total_turns": 2,
      "valid_turns": 1,
      "invalid_turns": 1,
      "valid_rate": 0.5
    }
  ],
  "aggregated": {
    "total_valid_turns": 16,
    "total_invalid_turns": 9,
    "avg_valid_rate": 0.5789473684210527,
    "games_played": {
      "liars_dice": 19
    },
    "success_count": 0,
    "failure_count": 19,
    "success_rate": 0.0
  }
}