{
  "step": 94,
  "timestamp": "2026-01-19T11:00:18.617189",
  "num_episodes": 23,
  "stats": {
    "objective/kl": 52.99302387237549,
    "objective/kl_coef": 0.05058921501040459,
    "objective/entropy": 119.44078826904297,
    "ppo/mean_non_score_reward": -0.3351086601614952,
    "ppo/mean_scores": 0.560793524608016,
    "ppo/std_scores": 1.2585792541503906,
    "tokens/queries_len_mean": 215.0625,
    "tokens/queries_len_std": 11.716650009155273,
    "tokens/responses_len_mean": 8.0,
    "tokens/responses_len_std": 0.0,
    "ppo/loss/policy": -0.016669929260388017,
    "ppo/loss/value": 2.9843143224716187,
    "ppo/loss/total": 0.2817615121603012,
    "ppo/policy/entropy": 1.6145653128623962,
    "ppo/policy/approxkl": 0.0025978929188568145,
    "ppo/policy/policykl": 0.007353346154559404,
    "ppo/policy/clipfrac": 0.03125,
    "ppo/policy/advantages_mean": 3.026798367500305e-09,
    "ppo/returns/mean": -0.7065183222293854,
    "ppo/returns/var": 6.624107599258423,
    "ppo/val/vpred": -1.2197202444076538,
    "ppo/val/error": 5.968628644943237,
    "ppo/val/clipfrac": 0.0,
    "ppo/val/mean": -1.213424175977707,
    "ppo/val/var": 0.6051365882158279,
    "ppo/val/var_explained": 0.05991753935813904,
    "ppo/learning_rate": 5e-07,
    "time/ppo/forward_pass": 0.40616095066070557,
    "time/ppo/compute_rewards": 0.0008129477500915527,
    "time/ppo/compute_advantages": 0.016794800758361816,
    "time/ppo/optimize_step": 0.9413788318634033,
    "time/ppo/calc_stats": 0.006545126438140869,
    "time/ppo/total": 1.3717837929725647,
    "mean_reward": 0.0625,
    "mean_score": 0.0625,
    "success_rate": 0.0625,
    "num_samples": 16,
    "num_batches": 4,
    "total_valid_turns": 16,
    "total_invalid_turns": 14,
    "avg_valid_rate": 0.5434782608695652
  },
  "episodes_summary": [
    {
      "task_id": 185612354,
      "game_name": "liars_dice",
      "seed": 2050862412,
      "opponent": "mcts",
      "final_reward": 1.0,
      "total_turns": 2,
      "valid_turns": 1,
      "invalid_turns": 1,
      "valid_rate": 0.5
    },
    {
      "task_id": 195425396,
      "game_name": "liars_dice",
      "seed": 1983871677,
      "opponent": "mcts",
      "final_reward": 0.0,
      "total_turns": 1,
      "valid_turns": 0,
      "invalid_turns": 1,
      "valid_rate": 0.0
    },
    {
      "task_id": 102998028,
      "game_name": "liars_dice",
      "seed": 1886964212,
      "opponent": "mcts",
      "final_reward": 0.0,
      "total_turns": 2,
      "valid_turns": 0,
      "invalid_turns": 2,
      "valid_rate": 0.0
    },
    {
      "task_id": 165194892,
      "game_name": "liars_dice",
      "seed": 850711661,
      "opponent": "mcts",
      "final_reward": 0.0,
      "total_turns": 1,
      "valid_turns": 1,
      "invalid_turns": 0,
      "valid_rate": 1.0
    },
    {
      "task_id": 106847967,
      "game_name": "liars_dice",
      "seed": 1994560708,
      "opponent": "mcts",
      "final_reward": 0.0,
      "total_turns": 1,
      "valid_turns": 1,
      "invalid_turns": 0,
      "valid_rate": 1.0
    },
    {
      "task_id": 182567987,
      "game_name": "liars_dice",
      "seed": 1659700589,
      "opponent": "mcts",
      "final_reward": 0.0,
      "total_turns": 1,
      "valid_turns": 0,
      "invalid_turns": 1,
      "valid_rate": 0.0
    },
    {
      "task_id": 124422128,
      "game_name": "liars_dice",
      "seed": 1653119078,
      "opponent": "mcts",
      "final_reward": 0.0,
      "total_turns": 1,
      "valid_turns": 1,
      "invalid_turns": 0,
      "valid_rate": 1.0
    },
    {
      "task_id": 141825483,
      "game_name": "liars_dice",
      "seed": 759409789,
      "opponent": "mcts",
      "final_reward": 0.0,
      "total_turns": 1,
      "valid_turns": 0,
      "invalid_turns": 1,
      "valid_rate": 0.0
    },
    {
      "task_id": 174064986,
      "game_name": "liars_dice",
      "seed": 1147317910,
      "opponent": "mcts",
      "final_reward": 0.0,
      "total_turns": 1,
      "valid_turns": 1,
      "invalid_turns": 0,
      "valid_rate": 1.0
    },
    {
      "task_id": 155801940,
      "game_name": "liars_dice",
      "seed": 377483676,
      "opponent": "mcts",
      "final_reward": 0.0,
      "total_turns": 2,
      "valid_turns": 1,
      "invalid_turns": 1,
      "valid_rate": 0.5
    },
    {
      "task_id": 172678993,
      "game_name": "liars_dice",
      "seed": 2067092844,
      "opponent": "mcts",
      "final_reward": 0.0,
      "total_turns": 2,
      "valid_turns": 1,
      "invalid_turns": 1,
      "valid_rate": 0.5
    },
    {
      "task_id": 180009715,
      "game_name": "liars_dice",
      "seed": 1675610849,
      "opponent": "mcts",
      "final_reward": 0.0,
      "total_turns": 1,
      "valid_turns": 1,
      "invalid_turns": 0,
      "valid_rate": 1.0
    },
    {
      "task_id": 147743759,
      "game_name": "liars_dice",
      "seed": 2047251362,
      "opponent": "mcts",
      "final_reward": 0.0,
      "total_turns": 1,
      "valid_turns": 1,
      "invalid_turns": 0,
      "valid_rate": 1.0
    },
    {
      "task_id": 103624929,
      "game_name": "liars_dice",
      "seed": 1557465504,
      "opponent": "mcts",
      "final_reward": 0.0,
      "total_turns": 2,
      "valid_turns": 2,
      "invalid_turns": 0,
      "valid_rate": 1.0
    },
    {
      "task_id": 184644955,
      "game_name": "liars_dice",
      "seed": 1064227810,
      "opponent": "mcts",
      "final_reward": 0.0,
      "total_turns": 1,
      "valid_turns": 0,
      "invalid_turns": 1,
      "valid_rate": 0.0
    },
    {
      "task_id": 157829478,
      "game_name": "liars_dice",
      "seed": 1877357110,
      "opponent": "mcts",
      "final_reward": 0.0,
      "total_turns": 2,
      "valid_turns": 1,
      "invalid_turns": 1,
      "valid_rate": 0.5
    },
    {
      "task_id": 124086504,
      "game_name": "liars_dice",
      "seed": 544126481,
      "opponent": "mcts",
      "final_reward": 0.0,
      "total_turns": 1,
      "valid_turns": 0,
      "invalid_turns": 1,
      "valid_rate": 0.0
    },
    {
      "task_id": 176851904,
      "game_name": "liars_dice",
      "seed": 580946251,
      "opponent": "mcts",
      "final_reward": 0.0,
      "total_turns": 1,
      "valid_turns": 0,
      "invalid_turns": 1,
      "valid_rate": 0.0
    },
    {
      "task_id": 175469793,
      "game_name": "liars_dice",
      "seed": 2126017446,
      "opponent": "mcts",
      "final_reward": 0.0,
      "total_turns": 2,
      "valid_turns": 1,
      "invalid_turns": 1,
      "valid_rate": 0.5
    },
    {
      "task_id": 107344000,
      "game_name": "liars_dice",
      "seed": 2025893629,
      "opponent": "mcts",
      "final_reward": 0.0,
      "total_turns": 1,
      "valid_turns": 0,
      "invalid_turns": 1,
      "valid_rate": 0.0
    },
    {
      "task_id": 193616861,
      "game_name": "liars_dice",
      "seed": 432157565,
      "opponent": "mcts",
      "final_reward": 0.0,
      "total_turns": 1,
      "valid_turns": 1,
      "invalid_turns": 0,
      "valid_rate": 1.0
    },
    {
      "task_id": 177202093,
      "game_name": "liars_dice",
      "seed": 331512759,
      "opponent": "mcts",
      "final_reward": 0.0,
      "total_turns": 1,
      "valid_turns": 1,
      "invalid_turns": 0,
      "valid_rate": 1.0
    },
    {
      "task_id": 156920113,
      "game_name": "liars_dice",
      "seed": 1306720335,
      "opponent": "mcts",
      "final_reward": 0.0,
      "total_turns": 1,
      "valid_turns": 1,
      "invalid_turns": 0,
      "valid_rate": 1.0
    }
  ],
  "aggregated": {
    "total_valid_turns": 16,
    "total_invalid_turns": 14,
    "avg_valid_rate": 0.5434782608695652,
    "games_played": {
      "liars_dice": 23
    },
    "success_count": 1,
    "failure_count": 22,
    "success_rate": 0.043478260869565216
  }
}