{
  "step": 16,
  "timestamp": "2026-01-19T10:09:52.965663",
  "num_episodes": 26,
  "stats": {
    "objective/kl": 9.995087146759033,
    "objective/kl_coef": 0.05021451786160469,
    "objective/entropy": 78.13836097717285,
    "ppo/mean_non_score_reward": -0.06273844558745623,
    "ppo/mean_scores": -0.11000040732324123,
    "ppo/std_scores": 0.0,
    "tokens/queries_len_mean": 212.8125,
    "tokens/queries_len_std": 2.9606502652168274,
    "tokens/responses_len_mean": 8.0,
    "tokens/responses_len_std": 0.0,
    "ppo/loss/policy": -0.0006580410990864038,
    "ppo/loss/value": 0.8771202117204666,
    "ppo/loss/total": 0.08705398067831993,
    "ppo/policy/entropy": 2.1399092376232147,
    "ppo/policy/approxkl": 0.0004585053975461051,
    "ppo/policy/policykl": 0.001986184506677091,
    "ppo/policy/clipfrac": 0.0,
    "ppo/policy/advantages_mean": -1.3969838619232178e-08,
    "ppo/returns/mean": 0.4938983768224716,
    "ppo/returns/var": 1.4284985959529877,
    "ppo/val/vpred": 0.5055547319352627,
    "ppo/val/error": 1.7542404234409332,
    "ppo/val/clipfrac": 0.0,
    "ppo/val/mean": 0.5052848309278488,
    "ppo/val/var": 0.37063828855752945,
    "ppo/val/var_explained": -0.2882631719112396,
    "ppo/learning_rate": 5e-07,
    "time/ppo/forward_pass": 0.40547484159469604,
    "time/ppo/compute_rewards": 0.0008183717727661133,
    "time/ppo/compute_advantages": 0.0156477689743042,
    "time/ppo/optimize_step": 0.9291837811470032,
    "time/ppo/calc_stats": 0.00245058536529541,
    "time/ppo/total": 1.353668749332428,
    "mean_reward": 0.0,
    "mean_score": 0.0,
    "success_rate": 0.0,
    "num_samples": 17,
    "num_batches": 4,
    "total_valid_turns": 17,
    "total_invalid_turns": 13,
    "avg_valid_rate": 0.5576923076923077
  },
  "episodes_summary": [
    {
      "task_id": 168181544,
      "game_name": "liars_dice",
      "seed": 721560446,
      "opponent": "mcts",
      "final_reward": 0.0,
      "total_turns": 1,
      "valid_turns": 1,
      "invalid_turns": 0,
      "valid_rate": 1.0
    },
    {
      "task_id": 170033481,
      "game_name": "liars_dice",
      "seed": 716465641,
      "opponent": "mcts",
      "final_reward": 0.0,
      "total_turns": 1,
      "valid_turns": 1,
      "invalid_turns": 0,
      "valid_rate": 1.0
    },
    {
      "task_id": 181638502,
      "game_name": "liars_dice",
      "seed": 893710729,
      "opponent": "mcts",
      "final_reward": 0.0,
      "total_turns": 1,
      "valid_turns": 1,
      "invalid_turns": 0,
      "valid_rate": 1.0
    },
    {
      "task_id": 135450603,
      "game_name": "liars_dice",
      "seed": 90920543,
      "opponent": "mcts",
      "final_reward": 0.0,
      "total_turns": 1,
      "valid_turns": 0,
      "invalid_turns": 1,
      "valid_rate": 0.0
    },
    {
      "task_id": 122996192,
      "game_name": "liars_dice",
      "seed": 1893920353,
      "opponent": "mcts",
      "final_reward": 0.0,
      "total_turns": 1,
      "valid_turns": 0,
      "invalid_turns": 1,
      "valid_rate": 0.0
    },
    {
      "task_id": 111649426,
      "game_name": "liars_dice",
      "seed": 1740270362,
      "opponent": "mcts",
      "final_reward": 0.0,
      "total_turns": 1,
      "valid_turns": 0,
      "invalid_turns": 1,
      "valid_rate": 0.0
    },
    {
      "task_id": 105248723,
      "game_name": "liars_dice",
      "seed": 2061340653,
      "opponent": "mcts",
      "final_reward": 0.0,
      "total_turns": 1,
      "valid_turns": 1,
      "invalid_turns": 0,
      "valid_rate": 1.0
    },
    {
      "task_id": 168115527,
      "game_name": "liars_dice",
      "seed": 2105736399,
      "opponent": "mcts",
      "final_reward": 0.0,
      "total_turns": 1,
      "valid_turns": 1,
      "invalid_turns": 0,
      "valid_rate": 1.0
    },
    {
      "task_id": 163441868,
      "game_name": "liars_dice",
      "seed": 1139484686,
      "opponent": "mcts",
      "final_reward": 0.0,
      "total_turns": 2,
      "valid_turns": 1,
      "invalid_turns": 1,
      "valid_rate": 0.5
    },
    {
      "task_id": 161590144,
      "game_name": "liars_dice",
      "seed": 1564751905,
      "opponent": "mcts",
      "final_reward": 0.0,
      "total_turns": 1,
      "valid_turns": 1,
      "invalid_turns": 0,
      "valid_rate": 1.0
    },
    {
      "task_id": 170478720,
      "game_name": "liars_dice",
      "seed": 616923850,
      "opponent": "mcts",
      "final_reward": 0.0,
      "total_turns": 1,
      "valid_turns": 1,
      "invalid_turns": 0,
      "valid_rate": 1.0
    },
    {
      "task_id": 164171093,
      "game_name": "liars_dice",
      "seed": 1688970230,
      "opponent": "mcts",
      "final_reward": 0.0,
      "total_turns": 1,
      "valid_turns": 1,
      "invalid_turns": 0,
      "valid_rate": 1.0
    },
    {
      "task_id": 174643903,
      "game_name": "liars_dice",
      "seed": 396173853,
      "opponent": "mcts",
      "final_reward": 0.0,
      "total_turns": 1,
      "valid_turns": 0,
      "invalid_turns": 1,
      "valid_rate": 0.0
    },
    {
      "task_id": 166131725,
      "game_name": "liars_dice",
      "seed": 986334194,
      "opponent": "mcts",
      "final_reward": 0.0,
      "total_turns": 1,
      "valid_turns": 0,
      "invalid_turns": 1,
      "valid_rate": 0.0
    },
    {
      "task_id": 118934257,
      "game_name": "liars_dice",
      "seed": 1543881203,
      "opponent": "mcts",
      "final_reward": 0.0,
      "total_turns": 1,
      "valid_turns": 0,
      "invalid_turns": 1,
      "valid_rate": 0.0
    },
    {
      "task_id": 188373958,
      "game_name": "liars_dice",
      "seed": 243561127,
      "opponent": "mcts",
      "final_reward": 0.0,
      "total_turns": 1,
      "valid_turns": 1,
      "invalid_turns": 0,
      "valid_rate": 1.0
    },
    {
      "task_id": 178718016,
      "game_name": "liars_dice",
      "seed": 852563710,
      "opponent": "mcts",
      "final_reward": 0.0,
      "total_turns": 2,
      "valid_turns": 1,
      "invalid_turns": 1,
      "valid_rate": 0.5
    },
    {
      "task_id": 128047443,
      "game_name": "liars_dice",
      "seed": 1736683715,
      "opponent": "mcts",
      "final_reward": 0.0,
      "total_turns": 1,
      "valid_turns": 0,
      "invalid_turns": 1,
      "valid_rate": 0.0
    },
    {
      "task_id": 195847223,
      "game_name": "liars_dice",
      "seed": 459752728,
      "opponent": "mcts",
      "final_reward": 0.0,
      "total_turns": 1,
      "valid_turns": 0,
      "invalid_turns": 1,
      "valid_rate": 0.0
    },
    {
      "task_id": 146042779,
      "game_name": "liars_dice",
      "seed": 418899097,
      "opponent": "mcts",
      "final_reward": 0.0,
      "total_turns": 1,
      "valid_turns": 0,
      "invalid_turns": 1,
      "valid_rate": 0.0
    },
    {
      "task_id": 130420485,
      "game_name": "liars_dice",
      "seed": 2137781531,
      "opponent": "mcts",
      "final_reward": 0.0,
      "total_turns": 1,
      "valid_turns": 0,
      "invalid_turns": 1,
      "valid_rate": 0.0
    },
    {
      "task_id": 136836974,
      "game_name": "liars_dice",
      "seed": 964719025,
      "opponent": "mcts",
      "final_reward": 0.0,
      "total_turns": 1,
      "valid_turns": 1,
      "invalid_turns": 0,
      "valid_rate": 1.0
    },
    {
      "task_id": 109428267,
      "game_name": "liars_dice",
      "seed": 1524134189,
      "opponent": "mcts",
      "final_reward": 0.0,
      "total_turns": 1,
      "valid_turns": 1,
      "invalid_turns": 0,
      "valid_rate": 1.0
    },
    {
      "task_id": 112303201,
      "game_name": "liars_dice",
      "seed": 332867654,
      "opponent": "mcts",
      "final_reward": 0.0,
      "total_turns": 2,
      "valid_turns": 1,
      "invalid_turns": 1,
      "valid_rate": 0.5
    },
    {
      "task_id": 130367697,
      "game_name": "liars_dice",
      "seed": 1578396720,
      "opponent": "mcts",
      "final_reward": 0.0,
      "total_turns": 1,
      "valid_turns": 1,