{
  "step": 10,
  "timestamp": "2026-01-19T10:05:25.394074",
  "num_episodes": 23,
  "stats": {
    "objective/kl": 11.785813093185425,
    "objective/kl_coef": 0.05012485384941101,
    "objective/entropy": 89.1820240020752,
    "ppo/mean_non_score_reward": -0.0738458912819624,
    "ppo/mean_scores": -0.11437137424945831,
    "ppo/std_scores": 0.0,
    "tokens/queries_len_mean": 222.5,
    "tokens/queries_len_std": 21.546336889266968,
    "tokens/responses_len_mean": 8.0,
    "tokens/responses_len_std": 0.0,
    "ppo/loss/policy": -0.004566556075587869,
    "ppo/loss/value": 1.2375045269727707,
    "ppo/loss/total": 0.11918389424681664,
    "ppo/policy/entropy": 2.5976614356040955,
    "ppo/policy/approxkl": 0.0007599661112180911,
    "ppo/policy/policykl": -0.007110522245056927,
    "ppo/policy/clipfrac": 0.00390625,
    "ppo/policy/advantages_mean": -6.6356733441352844e-09,
    "ppo/returns/mean": 0.4754503071308136,
    "ppo/returns/var": 1.3076247423887253,
    "ppo/val/vpred": 0.4234217554330826,
    "ppo/val/error": 2.4750090539455414,
    "ppo/val/clipfrac": 0.0,
    "ppo/val/mean": 0.42044728994369507,
    "ppo/val/var": 0.5822886228561401,
    "ppo/val/var_explained": -0.9241450726985931,
    "ppo/learning_rate": 5e-07,
    "time/ppo/forward_pass": 0.4164741635322571,
    "time/ppo/compute_rewards": 0.0008075833320617676,
    "time/ppo/compute_advantages": 0.018030643463134766,
    "time/ppo/optimize_step": 0.925733745098114,
    "time/ppo/calc_stats": 0.010933637619018555,
    "time/ppo/total": 1.3720749020576477,
    "mean_reward": 0.0,
    "mean_score": 0.0,
    "success_rate": 0.0,
    "num_samples": 16,
    "num_batches": 4,
    "total_valid_turns": 16,
    "total_invalid_turns": 10,
    "avg_valid_rate": 0.6304347826086957
  },
  "episodes_summary": [
    {
      "task_id": 189715516,
      "game_name": "liars_dice",
      "seed": 970306898,
      "opponent": "mcts",
      "final_reward": 0.0,
      "total_turns": 1,
      "valid_turns": 0,
      "invalid_turns": 1,
      "valid_rate": 0.0
    },
    {
      "task_id": 134910915,
      "game_name": "liars_dice",
      "seed": 1478206215,
      "opponent": "mcts",
      "final_reward": 0.0,
      "total_turns": 1,
      "valid_turns": 1,
      "invalid_turns": 0,
      "valid_rate": 1.0
    },
    {
      "task_id": 102278550,
      "game_name": "liars_dice",
      "seed": 1530545557,
      "opponent": "mcts",
      "final_reward": 0.0,
      "total_turns": 1,
      "valid_turns": 1,
      "invalid_turns": 0,
      "valid_rate": 1.0
    },
    {
      "task_id": 198289497,
      "game_name": "liars_dice",
      "seed": 649468678,
      "opponent": "mcts",
      "final_reward": 0.0,
      "total_turns": 1,
      "valid_turns": 1,
      "invalid_turns": 0,
      "valid_rate": 1.0
    },
    {
      "task_id": 184265910,
      "game_name": "liars_dice",
      "seed": 263380510,
      "opponent": "mcts",
      "final_reward": 0.0,
      "total_turns": 1,
      "valid_turns": 1,
      "invalid_turns": 0,
      "valid_rate": 1.0
    },
    {
      "task_id": 173046040,
      "game_name": "liars_dice",
      "seed": 193115676,
      "opponent": "mcts",
      "final_reward": 0.0,
      "total_turns": 1,
      "valid_turns": 0,
      "invalid_turns": 1,
      "valid_rate": 0.0
    },
    {
      "task_id": 158363731,
      "game_name": "liars_dice",
      "seed": 1403027878,
      "opponent": "mcts",
      "final_reward": 0.0,
      "total_turns": 2,
      "valid_turns": 1,
      "invalid_turns": 1,
      "valid_rate": 0.5
    },
    {
      "task_id": 146058876,
      "game_name": "liars_dice",
      "seed": 268030744,
      "opponent": "mcts",
      "final_reward": 0.0,
      "total_turns": 1,
      "valid_turns": 0,
      "invalid_turns": 1,
      "valid_rate": 0.0
    },
    {
      "task_id": 118233576,
      "game_name": "liars_dice",
      "seed": 929964710,
      "opponent": "mcts",
      "final_reward": 0.0,
      "total_turns": 2,
      "valid_turns": 1,
      "invalid_turns": 1,
      "valid_rate": 0.5
    },
    {
      "task_id": 148054662,
      "game_name": "liars_dice",
      "seed": 1339822929,
      "opponent": "mcts",
      "final_reward": 0.0,
      "total_turns": 1,
      "valid_turns": 1,
      "invalid_turns": 0,
      "valid_rate": 1.0
    },
    {
      "task_id": 115053691,
      "game_name": "liars_dice",
      "seed": 1412241856,
      "opponent": "mcts",
      "final_reward": 0.0,
      "total_turns": 1,
      "valid_turns": 1,
      "invalid_turns": 0,
      "valid_rate": 1.0
    },
    {
      "task_id": 151360867,
      "game_name": "liars_dice",
      "seed": 41374462,
      "opponent": "mcts",
      "final_reward": 0.0,
      "total_turns": 2,
      "valid_turns": 1,
      "invalid_turns": 1,
      "valid_rate": 0.5
    },
    {
      "task_id": 171632750,
      "game_name": "liars_dice",
      "seed": 1987065909,
      "opponent": "mcts",
      "final_reward": 0.0,
      "total_turns": 1,
      "valid_turns": 0,
      "invalid_turns": 1,
      "valid_rate": 0.0
    },
    {
      "task_id": 154886165,
      "game_name": "liars_dice",
      "seed": 1676320895,
      "opponent": "mcts",
      "final_reward": 0.0,
      "total_turns": 1,
      "valid_turns": 0,
      "invalid_turns": 1,
      "valid_rate": 0.0
    },
    {
      "task_id": 181181356,
      "game_name": "liars_dice",
      "seed": 593681345,
      "opponent": "mcts",
      "final_reward": 0.0,
      "total_turns": 1,
      "valid_turns": 0,
      "invalid_turns": 1,
      "valid_rate": 0.0
    },
    {
      "task_id": 110690095,
      "game_name": "liars_dice",
      "seed": 1417558296,
      "opponent": "mcts",
      "final_reward": 0.0,
      "total_turns": 1,
      "valid_turns": 1,
      "invalid_turns": 0,
      "valid_rate": 1.0
    },
    {
      "task_id": 181883819,
      "game_name": "liars_dice",
      "seed": 757090330,
      "opponent": "mcts",
      "final_reward": 0.0,
      "total_turns": 1,
      "valid_turns": 1,
      "invalid_turns": 0,
      "valid_rate": 1.0
    },
    {
      "task_id": 157349920,
      "game_name": "liars_dice",
      "seed": 94383218,
      "opponent": "mcts",
      "final_reward": 0.0,
      "total_turns": 1,
      "valid_turns": 1,
      "invalid_turns": 0,
      "valid_rate": 1.0
    },
    {
      "task_id": 199698502,
      "game_name": "liars_dice",
      "seed": 722906372,
      "opponent": "mcts",
      "final_reward": 0.0,
      "total_turns": 1,
      "valid_turns": 1,
      "invalid_turns": 0,
      "valid_rate": 1.0
    },
    {
      "task_id": 180245880,
      "game_name": "liars_dice",
      "seed": 445209698,
      "opponent": "mcts",
      "final_reward": 0.0,
      "total_turns": 1,
      "valid_turns": 1,
      "invalid_turns": 0,
      "valid_rate": 1.0
    },
    {
      "task_id": 195309018,
      "game_name": "liars_dice",
      "seed": 644549943,
      "opponent": "mcts",
      "final_reward": 0.0,
      "total_turns": 1,
      "valid_turns": 0,
      "invalid_turns": 1,
      "valid_rate": 0.0
    },
    {
      "task_id": 133886336,
      "game_name": "liars_dice",
      "seed": 1461363958,
      "opponent": "mcts",
      "final_reward": 0.0,
      "total_turns": 1,
      "valid_turns": 1,
      "invalid_turns": 0,
      "valid_rate": 1.0
    },
    {
      "task_id": 103659739,
      "game_name": "liars_dice",
      "seed": 155976240,
      "opponent": "mcts",
      "final_reward": 0.0,
      "total_turns": 1,
      "valid_turns": 1,
      "invalid_turns": 0,
      "valid_rate": 1.0
    }
  ],
  "aggregated": {
    "total_valid_turns": 16,
    "total_invalid_turns": 10,
    "avg_valid_rate": 0.6304347826086957,
    "games_played": {
      "liars_dice": 23
    },
    "success_count": 0,
    "failure_count": 23,
    "success_rate": 0.0
  }
}