{
  "step": 40,
  "timestamp": "2026-01-19T10:26:16.575363",
  "num_episodes": 23,
  "stats": {
    "objective/kl": 2.9018303751945496,
    "objective/kl_coef": 0.05021107196807861,
    "objective/entropy": 64.43528366088867,
    "ppo/mean_non_score_reward": -0.018213273026049137,
    "ppo/mean_scores": -0.07962041348218918,
    "ppo/std_scores": 0.0,
    "tokens/queries_len_mean": 218.25,
    "tokens/queries_len_std": 11.119306445121765,
    "tokens/responses_len_mean": 8.0,
    "tokens/responses_len_std": 0.0,
    "ppo/loss/policy": -0.004354167729616165,
    "ppo/loss/value": 0.811936765909195,
    "ppo/loss/total": 0.07683951035141945,
    "ppo/policy/entropy": 1.3183665573596954,
    "ppo/policy/approxkl": 0.0005622754433716182,
    "ppo/policy/policykl": 0.0005742785288020968,
    "ppo/policy/clipfrac": 0.0,
    "ppo/policy/advantages_mean": -2.3283064365386963e-09,
    "ppo/returns/mean": -0.5428234189748764,
    "ppo/returns/var": 1.352893128991127,
    "ppo/val/vpred": -0.010771725326776505,
    "ppo/val/error": 1.62387353181839,
    "ppo/val/clipfrac": 0.0,
    "ppo/val/mean": -0.009688686579465866,
    "ppo/val/var": 0.35703691840171814,
    "ppo/val/var_explained": -0.20134305953979492,
    "ppo/learning_rate": 5e-07,
    "time/ppo/forward_pass": 0.41112232208251953,
    "time/ppo/compute_rewards": 0.0008218288421630859,
    "time/ppo/compute_advantages": 0.017482459545135498,
    "time/ppo/optimize_step": 0.9050735235214233,
    "time/ppo/calc_stats": 0.006806373596191406,
    "time/ppo/total": 1.341403067111969,
    "mean_reward": 0.0,
    "mean_score": 0.0,
    "success_rate": 0.0,
    "num_samples": 16,
    "num_batches": 4,
    "total_valid_turns": 16,
    "total_invalid_turns": 12,
    "avg_valid_rate": 0.5652173913043478
  },
  "episodes_summary": [
    {
      "task_id": 108362586,
      "game_name": "liars_dice",
      "seed": 810079177,
      "opponent": "mcts",
      "final_reward": 0.0,
      "total_turns": 1,
      "valid_turns": 0,
      "invalid_turns": 1,
      "valid_rate": 0.0
    },
    {
      "task_id": 146098534,
      "game_name": "liars_dice",
      "seed": 1869181605,
      "opponent": "mcts",
      "final_reward": 0.0,
      "total_turns": 1,
      "valid_turns": 0,
      "invalid_turns": 1,
      "valid_rate": 0.0
    },
    {
      "task_id": 133316710,
      "game_name": "liars_dice",
      "seed": 1421184949,
      "opponent": "mcts",
      "final_reward": 0.0,
      "total_turns": 1,
      "valid_turns": 0,
      "invalid_turns": 1,
      "valid_rate": 0.0
    },
    {
      "task_id": 157376626,
      "game_name": "liars_dice",
      "seed": 532177315,
      "opponent": "mcts",
      "final_reward": 0.0,
      "total_turns": 1,
      "valid_turns": 1,
      "invalid_turns": 0,
      "valid_rate": 1.0
    },
    {
      "task_id": 181607746,
      "game_name": "liars_dice",
      "seed": 2118236591,
      "opponent": "mcts",
      "final_reward": 0.0,
      "total_turns": 1,
      "valid_turns": 1,
      "invalid_turns": 0,
      "valid_rate": 1.0
    },
    {
      "task_id": 154886165,
      "game_name": "liars_dice",
      "seed": 1647616927,
      "opponent": "mcts",
      "final_reward": 0.0,
      "total_turns": 1,
      "valid_turns": 0,
      "invalid_turns": 1,
      "valid_rate": 0.0
    },
    {
      "task_id": 146287551,
      "game_name": "liars_dice",
      "seed": 1424078529,
      "opponent": "mcts",
      "final_reward": 0.0,
      "total_turns": 1,
      "valid_turns": 0,
      "invalid_turns": 1,
      "valid_rate": 0.0
    },
    {
      "task_id": 135195615,
      "game_name": "liars_dice",
      "seed": 385656656,
      "opponent": "mcts",
      "final_reward": 0.0,
      "total_turns": 2,
      "valid_turns": 1,
      "invalid_turns": 1,
      "valid_rate": 0.5
    },
    {
      "task_id": 100834282,
      "game_name": "liars_dice",
      "seed": 685877423,
      "opponent": "mcts",
      "final_reward": 0.0,
      "total_turns": 1,
      "valid_turns": 1,
      "invalid_turns": 0,
      "valid_rate": 1.0
    },
    {
      "task_id": 191283906,
      "game_name": "liars_dice",
      "seed": 1950649523,
      "opponent": "mcts",
      "final_reward": 0.0,
      "total_turns": 1,
      "valid_turns": 1,
      "invalid_turns": 0,
      "valid_rate": 1.0
    },
    {
      "task_id": 152286062,
      "game_name": "liars_dice",
      "seed": 1167307010,
      "opponent": "mcts",
      "final_reward": 0.0,
      "total_turns": 1,
      "valid_turns": 1,
      "invalid_turns": 0,
      "valid_rate": 1.0
    },
    {
      "task_id": 154287945,
      "game_name": "liars_dice",
      "seed": 102110422,
      "opponent": "mcts",
      "final_reward": 0.0,
      "total_turns": 2,
      "valid_turns": 1,
      "invalid_turns": 1,
      "valid_rate": 0.5
    },
    {
      "task_id": 114937488,
      "game_name": "liars_dice",
      "seed": 566184496,
      "opponent": "mcts",
      "final_reward": 0.0,
      "total_turns": 2,
      "valid_turns": 1,
      "invalid_turns": 1,
      "valid_rate": 0.5
    },
    {
      "task_id": 144232680,
      "game_name": "liars_dice",
      "seed": 1279151862,
      "opponent": "mcts",
      "final_reward": 0.0,
      "total_turns": 1,
      "valid_turns": 1,
      "invalid_turns": 0,
      "valid_rate": 1.0
    },
    {
      "task_id": 159684704,
      "game_name": "liars_dice",
      "seed": 29710635,
      "opponent": "mcts",
      "final_reward": 0.0,
      "total_turns": 1,
      "valid_turns": 0,
      "invalid_turns": 1,
      "valid_rate": 0.0
    },
    {
      "task_id": 155580118,
      "game_name": "liars_dice",
      "seed": 114508229,
      "opponent": "mcts",
      "final_reward": 0.0,
      "total_turns": 1,
      "valid_turns": 0,
      "invalid_turns": 1,
      "valid_rate": 0.0
    },
    {
      "task_id": 115053691,
      "game_name": "liars_dice",
      "seed": 766229492,
      "opponent": "mcts",
      "final_reward": 0.0,
      "total_turns": 1,
      "valid_turns": 1,
      "invalid_turns": 0,
      "valid_rate": 1.0
    },
    {
      "task_id": 110503342,
      "game_name": "liars_dice",
      "seed": 1808949818,
      "opponent": "mcts",
      "final_reward": 0.0,
      "total_turns": 1,
      "valid_turns": 1,
      "invalid_turns": 0,
      "valid_rate": 1.0
    },
    {
      "task_id": 171699147,
      "game_name": "liars_dice",
      "seed": 595558107,
      "opponent": "mcts",
      "final_reward": 0.0,
      "total_turns": 1,
      "valid_turns": 0,
      "invalid_turns": 1,
      "valid_rate": 0.0
    },
    {
      "task_id": 117747043,
      "game_name": "liars_dice",
      "seed": 1544376299,
      "opponent": "mcts",
      "final_reward": 0.0,
      "total_turns": 1,
      "valid_turns": 1,
      "invalid_turns": 0,
      "valid_rate": 1.0
    },
    {
      "task_id": 111063740,
      "game_name": "liars_dice",
      "seed": 399084590,
      "opponent": "mcts",
      "final_reward": 0.0,
      "total_turns": 1,
      "valid_turns": 1,
      "invalid_turns": 0,
      "valid_rate": 1.0
    },
    {
      "task_id": 110865013,
      "game_name": "liars_dice",
      "seed": 868543354,
      "opponent": "mcts",
      "final_reward": 0.0,
      "total_turns": 2,
      "valid_turns": 2,
      "invalid_turns": 0,
      "valid_rate": 1.0
    },
    {
      "task_id": 103719002,
      "game_name": "liars_dice",
      "seed": 1615852798,
      "opponent": "mcts",
      "final_reward": 0.0,
      "total_turns": 2,
      "valid_turns": 1,
      "invalid_turns": 1,
      "valid_rate": 0.5
    }
  ],
  "aggregated": {
    "total_valid_turns": 16,
    "total_invalid_turns": 12,
    "avg_valid_rate": 0.5652173913043478,
    "games_played": {
      "liars_dice": 23
    },
    "success_count": 0,
    "failure_count": 23,
    "success_rate": 0.0
  }
}