{
  "step": 69,
  "timestamp": "2026-01-19T10:44:32.260643",
  "num_episodes": 21,
  "stats": {
    "objective/kl": 24.94711208343506,
    "objective/kl_coef": 0.050194211304187775,
    "objective/entropy": 96.4677619934082,
    "ppo/mean_non_score_reward": -0.15652470476925373,
    "ppo/mean_scores": -0.06760500185191631,
    "ppo/std_scores": 0.0,
    "tokens/queries_len_mean": 219.0,
    "tokens/queries_len_std": 20.747554183006287,
    "tokens/responses_len_mean": 8.0,
    "tokens/responses_len_std": 0.0,
    "ppo/loss/policy": -0.01085655577480793,
    "ppo/loss/value": 2.888659358024597,
    "ppo/loss/total": 0.2780093774199486,
    "ppo/policy/entropy": 1.1817345917224884,
    "ppo/policy/approxkl": 0.0021708614367526025,
    "ppo/policy/policykl": 0.007938092341646552,
    "ppo/policy/clipfrac": 0.01953125,
    "ppo/policy/advantages_mean": 9.313225746154785e-09,
    "ppo/returns/mean": -0.5113358348608017,
    "ppo/returns/var": 6.116705060005188,
    "ppo/val/vpred": -0.41151610016822815,
    "ppo/val/error": 5.777318716049194,
    "ppo/val/clipfrac": 0.0,
    "ppo/val/mean": -0.40650172531604767,
    "ppo/val/var": 0.3876696601510048,
    "ppo/val/var_explained": 0.05290941894054413,
    "ppo/learning_rate": 5e-07,
    "time/ppo/forward_pass": 0.4149501323699951,
    "time/ppo/compute_rewards": 0.0008157491683959961,
    "time/ppo/compute_advantages": 0.018414616584777832,
    "time/ppo/optimize_step": 0.9804990887641907,
    "time/ppo/calc_stats": 0.010579705238342285,
    "time/ppo/total": 1.4253501892089844,
    "mean_reward": 0.0,
    "mean_score": 0.0,
    "success_rate": 0.0,
    "num_samples": 16,
    "num_batches": 4,
    "total_valid_turns": 16,
    "total_invalid_turns": 9,
    "avg_valid_rate": 0.6190476190476191
  },
  "episodes_summary": [
    {
      "task_id": 105356691,
      "game_name": "liars_dice",
      "seed": 763396052,
      "opponent": "mcts",
      "final_reward": 0.0,
      "total_turns": 2,
      "valid_turns": 1,
      "invalid_turns": 1,
      "valid_rate": 0.5
    },
    {
      "task_id": 130084447,
      "game_name": "liars_dice",
      "seed": 1410281783,
      "opponent": "mcts",
      "final_reward": 0.0,
      "total_turns": 1,
      "valid_turns": 1,
      "invalid_turns": 0,
      "valid_rate": 1.0
    },
    {
      "task_id": 100586143,
      "game_name": "liars_dice",
      "seed": 1680711372,
      "opponent": "mcts",
      "final_reward": 0.0,
      "total_turns": 1,
      "valid_turns": 1,
      "invalid_turns": 0,
      "valid_rate": 1.0
    },
    {
      "task_id": 168834657,
      "game_name": "liars_dice",
      "seed": 2046797929,
      "opponent": "mcts",
      "final_reward": 0.0,
      "total_turns": 1,
      "valid_turns": 1,
      "invalid_turns": 0,
      "valid_rate": 1.0
    },
    {
      "task_id": 120178766,
      "game_name": "liars_dice",
      "seed": 1133067205,
      "opponent": "mcts",
      "final_reward": 0.0,
      "total_turns": 1,
      "valid_turns": 1,
      "invalid_turns": 0,
      "valid_rate": 1.0
    },
    {
      "task_id": 166735835,
      "game_name": "liars_dice",
      "seed": 1571217030,
      "opponent": "mcts",
      "final_reward": 0.0,
      "total_turns": 1,
      "valid_turns": 1,
      "invalid_turns": 0,
      "valid_rate": 1.0
    },
    {
      "task_id": 131325763,
      "game_name": "liars_dice",
      "seed": 1318804333,
      "opponent": "mcts",
      "final_reward": 0.0,
      "total_turns": 1,
      "valid_turns": 0,
      "invalid_turns": 1,
      "valid_rate": 0.0
    },
    {
      "task_id": 136767700,
      "game_name": "liars_dice",
      "seed": 1622781297,
      "opponent": "mcts",
      "final_reward": 0.0,
      "total_turns": 1,
      "valid_turns": 0,
      "invalid_turns": 1,
      "valid_rate": 0.0
    },
    {
      "task_id": 155968374,
      "game_name": "liars_dice",
      "seed": 846661319,
      "opponent": "mcts",
      "final_reward": 0.0,
      "total_turns": 1,
      "valid_turns": 0,
      "invalid_turns": 1,
      "valid_rate": 0.0
    },
    {
      "task_id": 191892382,
      "game_name": "liars_dice",
      "seed": 896848921,
      "opponent": "mcts",
      "final_reward": 0.0,
      "total_turns": 1,
      "valid_turns": 0,
      "invalid_turns": 1,
      "valid_rate": 0.0
    },
    {
      "task_id": 186854654,
      "game_name": "liars_dice",
      "seed": 1595617279,
      "opponent": "mcts",
      "final_reward": 0.0,
      "total_turns": 1,
      "valid_turns": 0,
      "invalid_turns": 1,
      "valid_rate": 0.0
    },
    {
      "task_id": 186717498,
      "game_name": "liars_dice",
      "seed": 1893910186,
      "opponent": "mcts",
      "final_reward": 0.0,
      "total_turns": 2,
      "valid_turns": 2,
      "invalid_turns": 0,
      "valid_rate": 1.0
    },
    {
      "task_id": 128240371,
      "game_name": "liars_dice",
      "seed": 1909441875,
      "opponent": "mcts",
      "final_reward": 0.0,
      "total_turns": 1,
      "valid_turns": 1,
      "invalid_turns": 0,
      "valid_rate": 1.0
    },
    {
      "task_id": 198917332,
      "game_name": "liars_dice",
      "seed": 931669966,
      "opponent": "mcts",
      "final_reward": 0.0,
      "total_turns": 1,
      "valid_turns": 1,
      "invalid_turns": 0,
      "valid_rate": 1.0
    },
    {
      "task_id": 178876894,
      "game_name": "liars_dice",
      "seed": 452458862,
      "opponent": "mcts",
      "final_reward": 0.0,
      "total_turns": 2,
      "valid_turns": 1,
      "invalid_turns": 1,
      "valid_rate": 0.5
    },
    {
      "task_id": 104235479,
      "game_name": "liars_dice",
      "seed": 306237131,
      "opponent": "mcts",
      "final_reward": 0.0,
      "total_turns": 1,
      "valid_turns": 1,
      "invalid_turns": 0,
      "valid_rate": 1.0
    },
    {
      "task_id": 174351499,
      "game_name": "liars_dice",
      "seed": 1815525405,
      "opponent": "mcts",
      "final_reward": 0.0,
      "total_turns": 1,
      "valid_turns": 0,
      "invalid_turns": 1,
      "valid_rate": 0.0
    },
    {
      "task_id": 167438153,
      "game_name": "liars_dice",
      "seed": 407954618,
      "opponent": "mcts",
      "final_reward": 0.0,
      "total_turns": 2,
      "valid_turns": 2,
      "invalid_turns": 0,
      "valid_rate": 1.0
    },
    {
      "task_id": 165291627,
      "game_name": "liars_dice",
      "seed": 1269455949,
      "opponent": "mcts",
      "final_reward": 0.0,
      "total_turns": 1,
      "valid_turns": 0,
      "invalid_turns": 1,
      "valid_rate": 0.0
    },
    {
      "task_id": 108009336,
      "game_name": "liars_dice",
      "seed": 1329410354,
      "opponent": "mcts",
      "final_reward": 0.0,
      "total_turns": 1,
      "valid_turns": 1,
      "invalid_turns": 0,
      "valid_rate": 1.0
    },
    {
      "task_id": 149793956,
      "game_name": "liars_dice",
      "seed": 2035858884,
      "opponent": "mcts",
      "final_reward": 0.0,
      "total_turns": 1,
      "valid_turns": 1,
      "invalid_turns": 0,
      "valid_rate": 1.0
    }
  ],
  "aggregated": {
    "total_valid_turns": 16,
    "total_invalid_turns": 9,
    "avg_valid_rate": 0.6190476190476191,
    "games_played": {
      "liars_dice": 21
    },
    "success_count": 0,
    "failure_count": 21,
    "success_rate": 0.0
  }
}