{
  "step": 87,
  "timestamp": "2026-01-19T10:55:54.236766",
  "num_episodes": 23,
  "stats": {
    "objective/kl": 32.82707929611206,
    "objective/kl_coef": 0.050476040691137314,
    "objective/entropy": 111.94075202941895,
    "ppo/mean_non_score_reward": -0.20712014846503735,
    "ppo/mean_scores": -0.06591437943279743,
    "ppo/std_scores": 0.0,
    "tokens/queries_len_mean": 216.25,
    "tokens/queries_len_std": 14.011205196380615,
    "tokens/responses_len_mean": 8.0,
    "tokens/responses_len_std": 0.0,
    "ppo/loss/policy": -0.012514600995928049,
    "ppo/loss/value": 2.0405013412237167,
    "ppo/loss/total": 0.19153553619980812,
    "ppo/policy/entropy": 1.858438104391098,
    "ppo/policy/approxkl": 0.001385896815918386,
    "ppo/policy/policykl": 0.00416422716807574,
    "ppo/policy/clipfrac": 0.01171875,
    "ppo/policy/advantages_mean": 9.313225746154785e-10,
    "ppo/returns/mean": -0.5078278966248035,
    "ppo/returns/var": 4.505809515714645,
    "ppo/val/vpred": -0.9724712371826172,
    "ppo/val/error": 4.0810026824474335,
    "ppo/val/clipfrac": 0.0,
    "ppo/val/mean": -0.9718207865953445,
    "ppo/val/var": 0.5844120010733604,
    "ppo/val/var_explained": 0.07651592791080475,
    "ppo/learning_rate": 5e-07,
    "time/ppo/forward_pass": 0.4109634757041931,
    "time/ppo/compute_rewards": 0.0008337497711181641,
    "time/ppo/compute_advantages": 0.017492711544036865,
    "time/ppo/optimize_step": 0.9057060480117798,
    "time/ppo/calc_stats": 0.006804049015045166,
    "time/ppo/total": 1.3418915271759033,
    "mean_reward": 0.0,
    "mean_score": 0.0,
    "success_rate": 0.0,
    "num_samples": 16,
    "num_batches": 4,
    "total_valid_turns": 16,
    "total_invalid_turns": 13,
    "avg_valid_rate": 0.5652173913043478
  },
  "episodes_summary": [
    {
      "task_id": 109570703,
      "game_name": "liars_dice",
      "seed": 137943121,
      "opponent": "mcts",
      "final_reward": 0.0,
      "total_turns": 1,
      "valid_turns": 0,
      "invalid_turns": 1,
      "valid_rate": 0.0
    },
    {
      "task_id": 146234791,
      "game_name": "liars_dice",
      "seed": 2074348857,
      "opponent": "mcts",
      "final_reward": 0.0,
      "total_turns": 1,
      "valid_turns": 1,
      "invalid_turns": 0,
      "valid_rate": 1.0
    },
    {
      "task_id": 116579822,
      "game_name": "liars_dice",
      "seed": 865652788,
      "opponent": "mcts",
      "final_reward": 0.0,
      "total_turns": 1,
      "valid_turns": 1,
      "invalid_turns": 0,
      "valid_rate": 1.0
    },
    {
      "task_id": 149655465,
      "game_name": "liars_dice",
      "seed": 1671948186,
      "opponent": "mcts",
      "final_reward": 0.0,
      "total_turns": 2,
      "valid_turns": 1,
      "invalid_turns": 1,
      "valid_rate": 0.5
    },
    {
      "task_id": 170784557,
      "game_name": "liars_dice",
      "seed": 1457008803,
      "opponent": "mcts",
      "final_reward": 0.0,
      "total_turns": 1,
      "valid_turns": 0,
      "invalid_turns": 1,
      "valid_rate": 0.0
    },
    {
      "task_id": 120124942,
      "game_name": "liars_dice",
      "seed": 520982927,
      "opponent": "mcts",
      "final_reward": 0.0,
      "total_turns": 1,
      "valid_turns": 0,
      "invalid_turns": 1,
      "valid_rate": 0.0
    },
    {
      "task_id": 136291503,
      "game_name": "liars_dice",
      "seed": 1507754656,
      "opponent": "mcts",
      "final_reward": 0.0,
      "total_turns": 2,
      "valid_turns": 1,
      "invalid_turns": 1,
      "valid_rate": 0.5
    },
    {
      "task_id": 142104013,
      "game_name": "liars_dice",
      "seed": 607897579,
      "opponent": "mcts",
      "final_reward": 0.0,
      "total_turns": 1,
      "valid_turns": 0,
      "invalid_turns": 1,
      "valid_rate": 0.0
    },
    {
      "task_id": 133990426,
      "game_name": "liars_dice",
      "seed": 1536075831,
      "opponent": "mcts",
      "final_reward": 0.0,
      "total_turns": 1,
      "valid_turns": 1,
      "invalid_turns": 0,
      "valid_rate": 1.0
    },
    {
      "task_id": 114889077,
      "game_name": "liars_dice",
      "seed": 832748280,
      "opponent": "mcts",
      "final_reward": 0.0,
      "total_turns": 1,
      "valid_turns": 1,
      "invalid_turns": 0,
      "valid_rate": 1.0
    },
    {
      "task_id": 129719807,
      "game_name": "liars_dice",
      "seed": 1093724510,
      "opponent": "mcts",
      "final_reward": 0.0,
      "total_turns": 2,
      "valid_turns": 1,
      "invalid_turns": 1,
      "valid_rate": 0.5
    },
    {
      "task_id": 157455874,
      "game_name": "liars_dice",
      "seed": 874212058,
      "opponent": "mcts",
      "final_reward": 0.0,
      "total_turns": 2,
      "valid_turns": 1,
      "invalid_turns": 1,
      "valid_rate": 0.5
    },
    {
      "task_id": 125114149,
      "game_name": "liars_dice",
      "seed": 2081527622,
      "opponent": "mcts",
      "final_reward": 0.0,
      "total_turns": 1,
      "valid_turns": 1,
      "invalid_turns": 0,
      "valid_rate": 1.0
    },
    {
      "task_id": 164611726,
      "game_name": "liars_dice",
      "seed": 1545176572,
      "opponent": "mcts",
      "final_reward": 0.0,
      "total_turns": 2,
      "valid_turns": 1,
      "invalid_turns": 1,
      "valid_rate": 0.5
    },
    {
      "task_id": 128212610,
      "game_name": "liars_dice",
      "seed": 706117944,
      "opponent": "mcts",
      "final_reward": 0.0,
      "total_turns": 1,
      "valid_turns": 1,
      "invalid_turns": 0,
      "valid_rate": 1.0
    },
    {
      "task_id": 161705450,
      "game_name": "liars_dice",
      "seed": 1350114625,
      "opponent": "mcts",
      "final_reward": 0.0,
      "total_turns": 1,
      "valid_turns": 0,
      "invalid_turns": 1,
      "valid_rate": 0.0
    },
    {
      "task_id": 183605199,
      "game_name": "liars_dice",
      "seed": 1731996692,
      "opponent": "mcts",
      "final_reward": 0.0,
      "total_turns": 2,
      "valid_turns": 1,
      "invalid_turns": 1,
      "valid_rate": 0.5
    },
    {
      "task_id": 193228204,
      "game_name": "liars_dice",
      "seed": 1365037413,
      "opponent": "mcts",
      "final_reward": 0.0,
      "total_turns": 1,
      "valid_turns": 0,
      "invalid_turns": 1,
      "valid_rate": 0.0
    },
    {
      "task_id": 176578555,
      "game_name": "liars_dice",
      "seed": 1126208707,
      "opponent": "mcts",
      "final_reward": 0.0,
      "total_turns": 1,
      "valid_turns": 0,
      "invalid_turns": 1,
      "valid_rate": 0.0
    },
    {
      "task_id": 178214319,
      "game_name": "liars_dice",
      "seed": 724974220,
      "opponent": "mcts",
      "final_reward": 0.0,
      "total_turns": 1,
      "valid_turns": 1,
      "invalid_turns": 0,
      "valid_rate": 1.0
    },
    {
      "task_id": 113405521,
      "game_name": "liars_dice",
      "seed": 1508713547,
      "opponent": "mcts",
      "final_reward": 0.0,
      "total_turns": 1,
      "valid_turns": 1,
      "invalid_turns": 0,
      "valid_rate": 1.0
    },
    {
      "task_id": 172206622,
      "game_name": "liars_dice",
      "seed": 1736352621,
      "opponent": "mcts",
      "final_reward": 0.0,
      "total_turns": 1,
      "valid_turns": 1,
      "invalid_turns": 0,
      "valid_rate": 1.0
    },
    {
      "task_id": 170695424,
      "game_name": "liars_dice",
      "seed": 466007302,
      "opponent": "mcts",
      "final_reward": 0.0,
      "total_turns": 1,
      "valid_turns": 1,
      "invalid_turns": 0,
      "valid_rate": 1.0
    }
  ],
  "aggregated": {
    "total_valid_turns": 16,
    "total_invalid_turns": 13,
    "avg_valid_rate": 0.5652173913043478,
    "games_played": {
      "liars_dice": 23
    },
    "success_count": 0,
    "failure_count": 23,
    "success_rate": 0.0
  }
}