{
  "step": 59,
  "timestamp": "2026-01-19T10:38:19.326818",
  "num_episodes": 22,
  "stats": {
    "objective/kl": 10.79344928264618,
    "objective/kl_coef": 0.05003679171204567,
    "objective/entropy": 80.18186950683594,
    "ppo/mean_non_score_reward": -0.06750826258212328,
    "ppo/mean_scores": -0.07316702976822853,
    "ppo/std_scores": 0.0,
    "tokens/queries_len_mean": 216.625,
    "tokens/queries_len_std": 15.27209210395813,
    "tokens/responses_len_mean": 8.0,
    "tokens/responses_len_std": 0.0,
    "ppo/loss/policy": -0.01066622044891119,
    "ppo/loss/value": 2.0559239983558655,
    "ppo/loss/total": 0.1949261873960495,
    "ppo/policy/entropy": 1.2270683348178864,
    "ppo/policy/approxkl": 0.0012215535680297762,
    "ppo/policy/policykl": 0.008911750745028257,
    "ppo/policy/clipfrac": 0.01953125,
    "ppo/policy/advantages_mean": -2.3283064365386963e-09,
    "ppo/returns/mean": -0.26141296327114105,
    "ppo/returns/var": 3.655104100704193,
    "ppo/val/vpred": -0.3511028289794922,
    "ppo/val/error": 4.111847996711731,
    "ppo/val/clipfrac": 0.0,
    "ppo/val/mean": -0.3486858159303665,
    "ppo/val/var": 0.2839965522289276,
    "ppo/val/var_explained": -0.14882349967956543,
    "ppo/learning_rate": 5e-07,
    "time/ppo/forward_pass": 0.40773075819015503,
    "time/ppo/compute_rewards": 0.0008284449577331543,
    "time/ppo/compute_advantages": 0.01781785488128662,
    "time/ppo/optimize_step": 0.8949835896492004,
    "time/ppo/calc_stats": 0.007268548011779785,
    "time/ppo/total": 1.3287214040756226,
    "mean_reward": 0.0,
    "mean_score": 0.0,
    "success_rate": 0.0,
    "num_samples": 16,
    "num_batches": 4,
    "total_valid_turns": 16,
    "total_invalid_turns": 10,
    "avg_valid_rate": 0.6136363636363636
  },
  "episodes_summary": [
    {
      "task_id": 138215821,
      "game_name": "liars_dice",
      "seed": 1098910035,
      "opponent": "mcts",
      "final_reward": 0.0,
      "total_turns": 1,
      "valid_turns": 0,
      "invalid_turns": 1,
      "valid_rate": 0.0
    },
    {
      "task_id": 162632050,
      "game_name": "liars_dice",
      "seed": 247464886,
      "opponent": "mcts",
      "final_reward": 0.0,
      "total_turns": 1,
      "valid_turns": 1,
      "invalid_turns": 0,
      "valid_rate": 1.0
    },
    {
      "task_id": 156818441,
      "game_name": "liars_dice",
      "seed": 1004307932,
      "opponent": "mcts",
      "final_reward": 0.0,
      "total_turns": 1,
      "valid_turns": 1,
      "invalid_turns": 0,
      "valid_rate": 1.0
    },
    {
      "task_id": 129530106,
      "game_name": "liars_dice",
      "seed": 475508937,
      "opponent": "mcts",
      "final_reward": 0.0,
      "total_turns": 1,
      "valid_turns": 0,
      "invalid_turns": 1,
      "valid_rate": 0.0
    },
    {
      "task_id": 149701185,
      "game_name": "liars_dice",
      "seed": 1553970240,
      "opponent": "mcts",
      "final_reward": 0.0,
      "total_turns": 1,
      "valid_turns": 1,
      "invalid_turns": 0,
      "valid_rate": 1.0
    },
    {
      "task_id": 149071454,
      "game_name": "liars_dice",
      "seed": 231824363,
      "opponent": "mcts",
      "final_reward": 0.0,
      "total_turns": 1,
      "valid_turns": 1,
      "invalid_turns": 0,
      "valid_rate": 1.0
    },
    {
      "task_id": 177620505,
      "game_name": "liars_dice",
      "seed": 1251241730,
      "opponent": "mcts",
      "final_reward": 0.0,
      "total_turns": 1,
      "valid_turns": 1,
      "invalid_turns": 0,
      "valid_rate": 1.0
    },
    {
      "task_id": 137555902,
      "game_name": "liars_dice",
      "seed": 30428431,
      "opponent": "mcts",
      "final_reward": 0.0,
      "total_turns": 1,
      "valid_turns": 0,
      "invalid_turns": 1,
      "valid_rate": 0.0
    },
    {
      "task_id": 109101812,
      "game_name": "liars_dice",
      "seed": 1440768892,
      "opponent": "mcts",
      "final_reward": 0.0,
      "total_turns": 2,
      "valid_turns": 2,
      "invalid_turns": 0,
      "valid_rate": 1.0
    },
    {
      "task_id": 166655848,
      "game_name": "liars_dice",
      "seed": 325214272,
      "opponent": "mcts",
      "final_reward": 0.0,
      "total_turns": 2,
      "valid_turns": 1,
      "invalid_turns": 1,
      "valid_rate": 0.5
    },
    {
      "task_id": 121711641,
      "game_name": "liars_dice",
      "seed": 755798134,
      "opponent": "mcts",
      "final_reward": 0.0,
      "total_turns": 2,
      "valid_turns": 1,
      "invalid_turns": 1,
      "valid_rate": 0.5
    },
    {
      "task_id": 174257496,
      "game_name": "liars_dice",
      "seed": 381355201,
      "opponent": "mcts",
      "final_reward": 0.0,
      "total_turns": 1,
      "valid_turns": 1,
      "invalid_turns": 0,
      "valid_rate": 1.0
    },
    {
      "task_id": 177949736,
      "game_name": "liars_dice",
      "seed": 1627476925,
      "opponent": "mcts",
      "final_reward": 0.0,
      "total_turns": 1,
      "valid_turns": 0,
      "invalid_turns": 1,
      "valid_rate": 0.0
    },
    {
      "task_id": 131667413,
      "game_name": "liars_dice",
      "seed": 1534616072,
      "opponent": "mcts",
      "final_reward": 0.0,
      "total_turns": 1,
      "valid_turns": 1,
      "invalid_turns": 0,
      "valid_rate": 1.0
    },
    {
      "task_id": 102455045,
      "game_name": "liars_dice",
      "seed": 866679293,
      "opponent": "mcts",
      "final_reward": 0.0,
      "total_turns": 1,
      "valid_turns": 1,
      "invalid_turns": 0,
      "valid_rate": 1.0
    },
    {
      "task_id": 159411354,
      "game_name": "liars_dice",
      "seed": 844605450,
      "opponent": "mcts",
      "final_reward": 0.0,
      "total_turns": 1,
      "valid_turns": 1,
      "invalid_turns": 0,
      "valid_rate": 1.0
    },
    {
      "task_id": 145823432,
      "game_name": "liars_dice",
      "seed": 105705370,
      "opponent": "mcts",
      "final_reward": 0.0,
      "total_turns": 2,
      "valid_turns": 1,
      "invalid_turns": 1,
      "valid_rate": 0.5
    },
    {
      "task_id": 186854654,
      "game_name": "liars_dice",
      "seed": 458479711,
      "opponent": "mcts",
      "final_reward": 0.0,
      "total_turns": 1,
      "valid_turns": 1,
      "invalid_turns": 0,
      "valid_rate": 1.0
    },
    {
      "task_id": 150191128,
      "game_name": "liars_dice",
      "seed": 1026564485,
      "opponent": "mcts",
      "final_reward": 0.0,
      "total_turns": 1,
      "valid_turns": 0,
      "invalid_turns": 1,
      "valid_rate": 0.0
    },
    {
      "task_id": 127080801,
      "game_name": "liars_dice",
      "seed": 1603532521,
      "opponent": "mcts",
      "final_reward": 0.0,
      "total_turns": 1,
      "valid_turns": 0,
      "invalid_turns": 1,
      "valid_rate": 0.0
    },
    {
      "task_id": 194918326,
      "game_name": "liars_dice",
      "seed": 1211857791,
      "opponent": "mcts",
      "final_reward": 0.0,
      "total_turns": 1,
      "valid_turns": 0,
      "invalid_turns": 1,
      "valid_rate": 0.0
    },
    {
      "task_id": 127860745,
      "game_name": "liars_dice",
      "seed": 293625890,
      "opponent": "mcts",
      "final_reward": 0.0,
      "total_turns": 1,
      "valid_turns": 1,
      "invalid_turns": 0,
      "valid_rate": 1.0
    }
  ],
  "aggregated": {
    "total_valid_turns": 16,
    "total_invalid_turns": 10,
    "avg_valid_rate": 0.6136363636363636,
    "games_played": {
      "liars_dice": 22
    },
    "success_count": 0,
    "failure_count": 22,
    "success_rate": 0.0
  }
}