{
  "step": 70,
  "timestamp": "2026-01-19T10:45:17.858612",
  "num_episodes": 30,
  "stats": {
    "objective/kl": 19.322280883789062,
    "objective/kl_coef": 0.050206258893013,
    "objective/entropy": 90.58441734313965,
    "ppo/mean_non_score_reward": -0.12126114871352911,
    "ppo/mean_scores": -0.06711597368121147,
    "ppo/std_scores": 0.0,
    "tokens/queries_len_mean": 210.875,
    "tokens/queries_len_std": 5.320135951042175,
    "tokens/responses_len_mean": 8.0,
    "tokens/responses_len_std": 0.0,
    "ppo/loss/policy": -0.003632454201579094,
    "ppo/loss/value": 2.0992543771862984,
    "ppo/loss/total": 0.20629298500716686,
    "ppo/policy/entropy": 1.2905160188674927,
    "ppo/policy/approxkl": 0.0007288400302059017,
    "ppo/policy/policykl": 0.004411083413287997,
    "ppo/policy/clipfrac": 0.00390625,
    "ppo/policy/advantages_mean": 1.6763806343078613e-08,
    "ppo/returns/mean": -0.5336619317531586,
    "ppo/returns/var": 4.420270219445229,
    "ppo/val/vpred": -0.4806875064969063,
    "ppo/val/error": 4.198508754372597,
    "ppo/val/clipfrac": 0.0,
    "ppo/val/mean": -0.47691142559051514,
    "ppo/val/var": 0.46740012615919113,
    "ppo/val/var_explained": 0.03602193295955658,
    "ppo/learning_rate": 5e-07,
    "time/ppo/forward_pass": 0.40885430574417114,
    "time/ppo/compute_rewards": 0.0008934736251831055,
    "time/ppo/compute_advantages": 0.016803085803985596,
    "time/ppo/optimize_step": 0.8892608880996704,
    "time/ppo/calc_stats": 0.0025796890258789062,
    "time/ppo/total": 1.318498134613037,
    "mean_reward": 0.0,
    "mean_score": 0.0,
    "success_rate": 0.0,
    "num_samples": 17,
    "num_batches": 4,
    "total_valid_turns": 17,
    "total_invalid_turns": 17,
    "avg_valid_rate": 0.5
  },
  "episodes_summary": [
    {
      "task_id": 117074752,
      "game_name": "liars_dice",
      "seed": 972848173,
      "opponent": "mcts",
      "final_reward": 0.0,
      "total_turns": 1,
      "valid_turns": 0,
      "invalid_turns": 1,
      "valid_rate": 0.0
    },
    {
      "task_id": 185360636,
      "game_name": "liars_dice",
      "seed": 212434931,
      "opponent": "mcts",
      "final_reward": 0.0,
      "total_turns": 1,
      "valid_turns": 1,
      "invalid_turns": 0,
      "valid_rate": 1.0
    },
    {
      "task_id": 133552631,
      "game_name": "liars_dice",
      "seed": 973743014,
      "opponent": "mcts",
      "final_reward": 0.0,
      "total_turns": 1,
      "valid_turns": 0,
      "invalid_turns": 1,
      "valid_rate": 0.0
    },
    {
      "task_id": 114727236,
      "game_name": "liars_dice",
      "seed": 1658207389,
      "opponent": "mcts",
      "final_reward": 0.0,
      "total_turns": 1,
      "valid_turns": 0,
      "invalid_turns": 1,
      "valid_rate": 0.0
    },
    {
      "task_id": 146378736,
      "game_name": "liars_dice",
      "seed": 612309679,
      "opponent": "mcts",
      "final_reward": 0.0,
      "total_turns": 1,
      "valid_turns": 0,
      "invalid_turns": 1,
      "valid_rate": 0.0
    },
    {
      "task_id": 117294449,
      "game_name": "liars_dice",
      "seed": 1781349095,
      "opponent": "mcts",
      "final_reward": 0.0,
      "total_turns": 1,
      "valid_turns": 0,
      "invalid_turns": 1,
      "valid_rate": 0.0
    },
    {
      "task_id": 183609376,
      "game_name": "liars_dice",
      "seed": 163276504,
      "opponent": "mcts",
      "final_reward": 0.0,
      "total_turns": 1,
      "valid_turns": 1,
      "invalid_turns": 0,
      "valid_rate": 1.0
    },
    {
      "task_id": 115252299,
      "game_name": "liars_dice",
      "seed": 1414456294,
      "opponent": "mcts",
      "final_reward": 0.0,
      "total_turns": 2,
      "valid_turns": 1,
      "invalid_turns": 1,
      "valid_rate": 0.5
    },
    {
      "task_id": 136821941,
      "game_name": "liars_dice",
      "seed": 557924597,
      "opponent": "mcts",
      "final_reward": 0.0,
      "total_turns": 1,
      "valid_turns": 0,
      "invalid_turns": 1,
      "valid_rate": 0.0
    },
    {
      "task_id": 104850202,
      "game_name": "liars_dice",
      "seed": 839259516,
      "opponent": "mcts",
      "final_reward": 0.0,
      "total_turns": 1,
      "valid_turns": 1,
      "invalid_turns": 0,
      "valid_rate": 1.0
    },
    {
      "task_id": 131920850,
      "game_name": "liars_dice",
      "seed": 348290247,
      "opponent": "mcts",
      "final_reward": 0.0,
      "total_turns": 1,
      "valid_turns": 1,
      "invalid_turns": 0,
      "valid_rate": 1.0
    },
    {
      "task_id": 143079644,
      "game_name": "liars_dice",
      "seed": 773974263,
      "opponent": "mcts",
      "final_reward": 0.0,
      "total_turns": 1,
      "valid_turns": 1,
      "invalid_turns": 0,
      "valid_rate": 1.0
    },
    {
      "task_id": 100453337,
      "game_name": "liars_dice",
      "seed": 873680133,
      "opponent": "mcts",
      "final_reward": 0.0,
      "total_turns": 1,
      "valid_turns": 0,
      "invalid_turns": 1,
      "valid_rate": 0.0
    },
    {
      "task_id": 146763597,
      "game_name": "liars_dice",
      "seed": 769339135,
      "opponent": "mcts",
      "final_reward": 0.0,
      "total_turns": 1,
      "valid_turns": 1,
      "invalid_turns": 0,
      "valid_rate": 1.0
    },
    {
      "task_id": 131039394,
      "game_name": "liars_dice",
      "seed": 1331345447,
      "opponent": "mcts",
      "final_reward": 0.0,
      "total_turns": 1,
      "valid_turns": 1,
      "invalid_turns": 0,
      "valid_rate": 1.0
    },
    {
      "task_id": 117860500,
      "game_name": "liars_dice",
      "seed": 234919138,
      "opponent": "mcts",
      "final_reward": 0.0,
      "total_turns": 1,
      "valid_turns": 0,
      "invalid_turns": 1,
      "valid_rate": 0.0
    },
    {
      "task_id": 138839794,
      "game_name": "liars_dice",
      "seed": 1663768274,
      "opponent": "mcts",
      "final_reward": 0.0,
      "total_turns": 1,
      "valid_turns": 1,
      "invalid_turns": 0,
      "valid_rate": 1.0
    },
    {
      "task_id": 104131111,
      "game_name": "liars_dice",
      "seed": 247556297,
      "opponent": "mcts",
      "final_reward": 0.0,
      "total_turns": 1,
      "valid_turns": 0,
      "invalid_turns": 1,
      "valid_rate": 0.0
    },
    {
      "task_id": 113378781,
      "game_name": "liars_dice",
      "seed": 568898701,
      "opponent": "mcts",
      "final_reward": 0.0,
      "total_turns": 1,
      "valid_turns": 1,
      "invalid_turns": 0,
      "valid_rate": 1.0
    },
    {
      "task_id": 176183468,
      "game_name": "liars_dice",
      "seed": 3413987,
      "opponent": "mcts",
      "final_reward": 0.0,
      "total_turns": 1,
      "valid_turns": 1,
      "invalid_turns": 0,
      "valid_rate": 1.0
    },
    {
      "task_id": 178931591,
      "game_name": "liars_dice",
      "seed": 1237557549,
      "opponent": "mcts",
      "final_reward": 0.0,
      "total_turns": 1,
      "valid_turns": 0,
      "invalid_turns": 1,
      "valid_rate": 0.0
    },
    {
      "task_id": 121542368,
      "game_name": "liars_dice",
      "seed": 2088989569,
      "opponent": "mcts",
      "final_reward": 0.0,
      "total_turns": 1,
      "valid_turns": 0,
      "invalid_turns": 1,
      "valid_rate": 0.0
    },
    {
      "task_id": 179960705,
      "game_name": "liars_dice",
      "seed": 1336705388,
      "opponent": "mcts",
      "final_reward": 0.0,
      "total_turns": 2,
      "valid_turns": 0,
      "invalid_turns": 2,
      "valid_rate": 0.0
    },
    {
      "task_id": 191086132,
      "game_name": "liars_dice",
      "seed": 1535718692,
      "opponent": "mcts",
      "final_reward": 0.0,
      "total_turns": 2,
      "valid_turns": 1,
      "invalid_turns": 1,
      "valid_rate": 0.5
    },
    {
      "task_id": 156129512,
      "game_name": "liars_dice",
      "seed": 902486635,
      "opponent": "mcts",
      "final_reward": 0.0,
      "total_turns": 1,
      "valid_turns": 1,