{
  "step": 20,
  "timestamp": "2026-01-19T10:12:51.879109",
  "num_episodes": 27,
  "stats": {
    "objective/kl": 9.003281116485596,
    "objective/kl_coef": 0.050269169732928276,
    "objective/entropy": 75.31032371520996,
    "ppo/mean_non_score_reward": -0.05657319352030754,
    "ppo/mean_scores": 0.452482882887125,
    "ppo/std_scores": 1.1163513660430908,
    "tokens/queries_len_mean": 220.125,
    "tokens/queries_len_std": 21.307889938354492,
    "tokens/responses_len_mean": 8.0,
    "tokens/responses_len_std": 0.0,
    "ppo/loss/policy": 0.0007457900792360306,
    "ppo/loss/value": 1.680575579404831,
    "ppo/loss/total": 0.16880334541201591,
    "ppo/policy/entropy": 2.2458683848381042,
    "ppo/policy/approxkl": 0.0009280568629037589,
    "ppo/policy/policykl": -0.001441628613974899,
    "ppo/policy/clipfrac": 0.00390625,
    "ppo/policy/advantages_mean": -4.6566128730773926e-09,
    "ppo/returns/mean": 0.7753030210733414,
    "ppo/returns/var": 2.0630027651786804,
    "ppo/val/vpred": 0.3308353051543236,
    "ppo/val/error": 3.361151158809662,
    "ppo/val/clipfrac": 0.0,
    "ppo/val/mean": 0.32900532335042953,
    "ppo/val/var": 0.5058517754077911,
    "ppo/val/var_explained": -0.5283423364162445,
    "ppo/learning_rate": 5e-07,
    "time/ppo/forward_pass": 0.41864341497421265,
    "time/ppo/compute_rewards": 0.0008145570755004883,
    "time/ppo/compute_advantages": 0.018177449703216553,
    "time/ppo/optimize_step": 0.9115706086158752,
    "time/ppo/calc_stats": 0.010760903358459473,
    "time/ppo/total": 1.3600577116012573,
    "mean_reward": 0.0625,
    "mean_score": 0.0625,
    "success_rate": 0.0625,
    "num_samples": 16,
    "num_batches": 4,
    "total_valid_turns": 16,
    "total_invalid_turns": 16,
    "avg_valid_rate": 0.5
  },
  "episodes_summary": [
    {
      "task_id": 135455758,
      "game_name": "liars_dice",
      "seed": 1650542480,
      "opponent": "mcts",
      "final_reward": 0.0,
      "total_turns": 1,
      "valid_turns": 1,
      "invalid_turns": 0,
      "valid_rate": 1.0
    },
    {
      "task_id": 145085956,
      "game_name": "liars_dice",
      "seed": 1252539606,
      "opponent": "mcts",
      "final_reward": 0.0,
      "total_turns": 1,
      "valid_turns": 1,
      "invalid_turns": 0,
      "valid_rate": 1.0
    },
    {
      "task_id": 199999536,
      "game_name": "liars_dice",
      "seed": 256004090,
      "opponent": "mcts",
      "final_reward": 0.0,
      "total_turns": 2,
      "valid_turns": 2,
      "invalid_turns": 0,
      "valid_rate": 1.0
    },
    {
      "task_id": 121665872,
      "game_name": "liars_dice",
      "seed": 2127961934,
      "opponent": "mcts",
      "final_reward": 0.0,
      "total_turns": 2,
      "valid_turns": 1,
      "invalid_turns": 1,
      "valid_rate": 0.5
    },
    {
      "task_id": 144504053,
      "game_name": "liars_dice",
      "seed": 591280180,
      "opponent": "mcts",
      "final_reward": 0.0,
      "total_turns": 1,
      "valid_turns": 1,
      "invalid_turns": 0,
      "valid_rate": 1.0
    },
    {
      "task_id": 182336634,
      "game_name": "liars_dice",
      "seed": 1793808946,
      "opponent": "mcts",
      "final_reward": 0.0,
      "total_turns": 1,
      "valid_turns": 0,
      "invalid_turns": 1,
      "valid_rate": 0.0
    },
    {
      "task_id": 133758889,
      "game_name": "liars_dice",
      "seed": 447495329,
      "opponent": "mcts",
      "final_reward": 0.0,
      "total_turns": 1,
      "valid_turns": 0,
      "invalid_turns": 1,
      "valid_rate": 0.0
    },
    {
      "task_id": 165132161,
      "game_name": "liars_dice",
      "seed": 148859673,
      "opponent": "mcts",
      "final_reward": 0.0,
      "total_turns": 1,
      "valid_turns": 1,
      "invalid_turns": 0,
      "valid_rate": 1.0
    },
    {
      "task_id": 146616608,
      "game_name": "liars_dice",
      "seed": 415821030,
      "opponent": "mcts",
      "final_reward": 0.0,
      "total_turns": 1,
      "valid_turns": 0,
      "invalid_turns": 1,
      "valid_rate": 0.0
    },
    {
      "task_id": 123782176,
      "game_name": "liars_dice",
      "seed": 988502976,
      "opponent": "mcts",
      "final_reward": 0.0,
      "total_turns": 1,
      "valid_turns": 0,
      "invalid_turns": 1,
      "valid_rate": 0.0
    },
    {
      "task_id": 146763597,
      "game_name": "liars_dice",
      "seed": 678439857,
      "opponent": "mcts",
      "final_reward": 0.0,
      "total_turns": 1,
      "valid_turns": 1,
      "invalid_turns": 0,
      "valid_rate": 1.0
    },
    {
      "task_id": 119643903,
      "game_name": "liars_dice",
      "seed": 1496942005,
      "opponent": "mcts",
      "final_reward": 0.0,
      "total_turns": 1,
      "valid_turns": 1,
      "invalid_turns": 0,
      "valid_rate": 1.0
    },
    {
      "task_id": 129000171,
      "game_name": "liars_dice",
      "seed": 2000294907,
      "opponent": "mcts",
      "final_reward": 0.0,
      "total_turns": 1,
      "valid_turns": 0,
      "invalid_turns": 1,
      "valid_rate": 0.0
    },
    {
      "task_id": 137154181,
      "game_name": "liars_dice",
      "seed": 1960950,
      "opponent": "mcts",
      "final_reward": 0.0,
      "total_turns": 2,
      "valid_turns": 1,
      "invalid_turns": 1,
      "valid_rate": 0.5
    },
    {
      "task_id": 187098378,
      "game_name": "liars_dice",
      "seed": 1409099030,
      "opponent": "mcts",
      "final_reward": 1.0,
      "total_turns": 2,
      "valid_turns": 1,
      "invalid_turns": 1,
      "valid_rate": 0.5
    },
    {
      "task_id": 104712253,
      "game_name": "liars_dice",
      "seed": 363221671,
      "opponent": "mcts",
      "final_reward": 0.0,
      "total_turns": 1,
      "valid_turns": 0,
      "invalid_turns": 1,
      "valid_rate": 0.0
    },
    {
      "task_id": 115389242,
      "game_name": "liars_dice",
      "seed": 715037240,
      "opponent": "mcts",
      "final_reward": 0.0,
      "total_turns": 1,
      "valid_turns": 0,
      "invalid_turns": 1,
      "valid_rate": 0.0
    },
    {
      "task_id": 168814838,
      "game_name": "liars_dice",
      "seed": 1487537027,
      "opponent": "mcts",
      "final_reward": 0.0,
      "total_turns": 1,
      "valid_turns": 0,
      "invalid_turns": 1,
      "valid_rate": 0.0
    },
    {
      "task_id": 155649070,
      "game_name": "liars_dice",
      "seed": 1757396862,
      "opponent": "mcts",
      "final_reward": 0.0,
      "total_turns": 1,
      "valid_turns": 0,
      "invalid_turns": 1,
      "valid_rate": 0.0
    },
    {
      "task_id": 155182303,
      "game_name": "liars_dice",
      "seed": 1988391832,
      "opponent": "mcts",
      "final_reward": 0.0,
      "total_turns": 2,
      "valid_turns": 0,
      "invalid_turns": 2,
      "valid_rate": 0.0
    },
    {
      "task_id": 139804538,
      "game_name": "liars_dice",
      "seed": 1035258753,
      "opponent": "mcts",
      "final_reward": 0.0,
      "total_turns": 1,
      "valid_turns": 1,
      "invalid_turns": 0,
      "valid_rate": 1.0
    },
    {
      "task_id": 104207046,
      "game_name": "liars_dice",
      "seed": 98377456,
      "opponent": "mcts",
      "final_reward": 0.0,
      "total_turns": 1,
      "valid_turns": 0,
      "invalid_turns": 1,
      "valid_rate": 0.0
    },
    {
      "task_id": 110223865,
      "game_name": "liars_dice",
      "seed": 1344812575,
      "opponent": "mcts",
      "final_reward": 0.0,
      "total_turns": 1,
      "valid_turns": 1,
      "invalid_turns": 0,
      "valid_rate": 1.0
    },
    {
      "task_id": 106500562,
      "game_name": "liars_dice",
      "seed": 1068642482,
      "opponent": "mcts",
      "final_reward": 0.0,
      "total_turns": 1,
      "valid_turns": 1,
      "invalid_turns": 0,
      "valid_rate": 1.0
    },
    {
      "task_id": 134839144,
      "game_name": "liars_dice",
      "seed": 240895052,
      "opponent": "mcts",
      "final_reward": 0.0,
      "total_turns": 1,