{
  "step": 5,
  "timestamp": "2026-01-19T10:01:51.667751",
  "num_episodes": 39,
  "stats": {
    "objective/kl": 10.047974348068237,
    "objective/kl_coef": 0.05004472937434912,
    "objective/entropy": 85.29223823547363,
    "ppo/mean_non_score_reward": -0.06285620760172606,
    "ppo/mean_scores": 0.2014138288795948,
    "ppo/std_scores": 0.7343693971633911,
    "tokens/queries_len_mean": 216.875,
    "tokens/queries_len_std": 11.122561067342758,
    "tokens/responses_len_mean": 8.0,
    "tokens/responses_len_std": 0.0,
    "ppo/loss/policy": -0.0011966759338974953,
    "ppo/loss/value": 1.6158510744571686,
    "ppo/loss/total": 0.16038843803107738,
    "ppo/policy/entropy": 2.1836307644844055,
    "ppo/policy/approxkl": 0.0006145847728475928,
    "ppo/policy/policykl": -0.00046415915130637586,
    "ppo/policy/clipfrac": 0.0,
    "ppo/policy/advantages_mean": -1.6763806343078613e-08,
    "ppo/returns/mean": 0.4648275226354599,
    "ppo/returns/var": 2.382415384054184,
    "ppo/val/vpred": 0.3874637633562088,
    "ppo/val/error": 3.231702148914337,
    "ppo/val/clipfrac": 0.0,
    "ppo/val/mean": 0.38961873203516006,
    "ppo/val/var": 0.5849835872650146,
    "ppo/val/var_explained": -0.46428924798965454,
    "ppo/learning_rate": 5e-07,
    "time/ppo/forward_pass": 0.41253232955932617,
    "time/ppo/compute_rewards": 0.0008286833763122559,
    "time/ppo/compute_advantages": 0.017550945281982422,
    "time/ppo/optimize_step": 0.9397042393684387,
    "time/ppo/calc_stats": 0.002524137496948242,
    "time/ppo/total": 1.3732325434684753,
    "mean_reward": 0.0625,
    "mean_score": 0.0625,
    "success_rate": 0.0625,
    "num_samples": 16,
    "num_batches": 4,
    "total_valid_turns": 16,
    "total_invalid_turns": 33,
    "avg_valid_rate": 0.3333333333333333
  },
  "episodes_summary": [
    {
      "task_id": 121984249,
      "game_name": "liars_dice",
      "seed": 546838737,
      "opponent": "mcts",
      "final_reward": 0.0,
      "total_turns": 1,
      "valid_turns": 0,
      "invalid_turns": 1,
      "valid_rate": 0.0
    },
    {
      "task_id": 132071554,
      "game_name": "liars_dice",
      "seed": 1233035034,
      "opponent": "mcts",
      "final_reward": 1.0,
      "total_turns": 2,
      "valid_turns": 0,
      "invalid_turns": 2,
      "valid_rate": 0.0
    },
    {
      "task_id": 197905210,
      "game_name": "liars_dice",
      "seed": 1434624957,
      "opponent": "mcts",
      "final_reward": 0.0,
      "total_turns": 1,
      "valid_turns": 0,
      "invalid_turns": 1,
      "valid_rate": 0.0
    },
    {
      "task_id": 107452713,
      "game_name": "liars_dice",
      "seed": 154334646,
      "opponent": "mcts",
      "final_reward": 0.0,
      "total_turns": 2,
      "valid_turns": 0,
      "invalid_turns": 2,
      "valid_rate": 0.0
    },
    {
      "task_id": 164603074,
      "game_name": "liars_dice",
      "seed": 1794720992,
      "opponent": "mcts",
      "final_reward": 0.0,
      "total_turns": 1,
      "valid_turns": 0,
      "invalid_turns": 1,
      "valid_rate": 0.0
    },
    {
      "task_id": 118911932,
      "game_name": "liars_dice",
      "seed": 2112397876,
      "opponent": "mcts",
      "final_reward": 0.0,
      "total_turns": 2,
      "valid_turns": 1,
      "invalid_turns": 1,
      "valid_rate": 0.5
    },
    {
      "task_id": 190401519,
      "game_name": "liars_dice",
      "seed": 650145383,
      "opponent": "mcts",
      "final_reward": 0.0,
      "total_turns": 1,
      "valid_turns": 0,
      "invalid_turns": 1,
      "valid_rate": 0.0
    },
    {
      "task_id": 155182303,
      "game_name": "liars_dice",
      "seed": 151096046,
      "opponent": "mcts",
      "final_reward": 0.0,
      "total_turns": 1,
      "valid_turns": 0,
      "invalid_turns": 1,
      "valid_rate": 0.0
    },
    {
      "task_id": 161590144,
      "game_name": "liars_dice",
      "seed": 202004839,
      "opponent": "mcts",
      "final_reward": 0.0,
      "total_turns": 1,
      "valid_turns": 0,
      "invalid_turns": 1,
      "valid_rate": 0.0
    },
    {
      "task_id": 188178973,
      "game_name": "liars_dice",
      "seed": 650119556,
      "opponent": "mcts",
      "final_reward": 0.0,
      "total_turns": 2,
      "valid_turns": 0,
      "invalid_turns": 2,
      "valid_rate": 0.0
    },
    {
      "task_id": 118756361,
      "game_name": "liars_dice",
      "seed": 569950550,
      "opponent": "mcts",
      "final_reward": 1.0,
      "total_turns": 2,
      "valid_turns": 1,
      "invalid_turns": 1,
      "valid_rate": 0.5
    },
    {
      "task_id": 193963105,
      "game_name": "liars_dice",
      "seed": 1488927646,
      "opponent": "mcts",
      "final_reward": 0.0,
      "total_turns": 2,
      "valid_turns": 0,
      "invalid_turns": 2,
      "valid_rate": 0.0
    },
    {
      "task_id": 173046040,
      "game_name": "liars_dice",
      "seed": 2105906981,
      "opponent": "mcts",
      "final_reward": 0.0,
      "total_turns": 1,
      "valid_turns": 1,
      "invalid_turns": 0,
      "valid_rate": 1.0
    },
    {
      "task_id": 105433721,
      "game_name": "liars_dice",
      "seed": 258388781,
      "opponent": "mcts",
      "final_reward": 0.0,
      "total_turns": 1,
      "valid_turns": 0,
      "invalid_turns": 1,
      "valid_rate": 0.0
    },
    {
      "task_id": 182454089,
      "game_name": "liars_dice",
      "seed": 1451120738,
      "opponent": "mcts",
      "final_reward": 0.0,
      "total_turns": 1,
      "valid_turns": 0,
      "invalid_turns": 1,
      "valid_rate": 0.0
    },
    {
      "task_id": 117060297,
      "game_name": "liars_dice",
      "seed": 1664925561,
      "opponent": "mcts",
      "final_reward": 0.0,
      "total_turns": 1,
      "valid_turns": 0,
      "invalid_turns": 1,
      "valid_rate": 0.0
    },
    {
      "task_id": 169659981,
      "game_name": "liars_dice",
      "seed": 812296305,
      "opponent": "mcts",
      "final_reward": 0.0,
      "total_turns": 1,
      "valid_turns": 1,
      "invalid_turns": 0,
      "valid_rate": 1.0
    },
    {
      "task_id": 119974213,
      "game_name": "liars_dice",
      "seed": 1683740534,
      "opponent": "mcts",
      "final_reward": 0.0,
      "total_turns": 1,
      "valid_turns": 1,
      "invalid_turns": 0,
      "valid_rate": 1.0
    },
    {
      "task_id": 161132180,
      "game_name": "liars_dice",
      "seed": 1531386947,
      "opponent": "mcts",
      "final_reward": 0.0,
      "total_turns": 1,
      "valid_turns": 1,
      "invalid_turns": 0,
      "valid_rate": 1.0
    },
    {
      "task_id": 105991600,
      "game_name": "liars_dice",
      "seed": 171715695,
      "opponent": "mcts",
      "final_reward": 0.0,
      "total_turns": 1,
      "valid_turns": 0,
      "invalid_turns": 1,
      "valid_rate": 0.0
    },
    {
      "task_id": 169801698,
      "game_name": "liars_dice",
      "seed": 927624393,
      "opponent": "mcts",
      "final_reward": 0.0,
      "total_turns": 1,
      "valid_turns": 0,
      "invalid_turns": 1,
      "valid_rate": 0.0
    },
    {
      "task_id": 185748823,
      "game_name": "liars_dice",
      "seed": 1804363506,
      "opponent": "mcts",
      "final_reward": 0.0,
      "total_turns": 1,
      "valid_turns": 0,
      "invalid_turns": 1,
      "valid_rate": 0.0
    },
    {
      "task_id": 119554237,
      "game_name": "liars_dice",
      "seed": 1829528259,
      "opponent": "mcts",
      "final_reward": 0.0,
      "total_turns": 1,
      "valid_turns": 0,
      "invalid_turns": 1,
      "valid_rate": 0.0
    },
    {
      "task_id": 111278591,
      "game_name": "liars_dice",
      "seed": 449960618,
      "opponent": "mcts",
      "final_reward": 0.0,
      "total_turns": 1,
      "valid_turns": 1,
      "invalid_turns": 0,
      "valid_rate": 1.0
    },
    {
      "task_id": 155722026,
      "game_name": "liars_dice",
      "seed": 670689064,
      "opponent": "mcts",
      "final_reward": 0.0,
      "total_turns": 1,