{
  "step": 41,
  "timestamp": "2026-01-19T10:27:01.631584",
  "num_episodes": 23,
  "stats": {
    "objective/kl": 2.676362633705139,
    "objective/kl_coef": 0.050195008516311646,
    "objective/entropy": 80.51342964172363,
    "ppo/mean_non_score_reward": -0.016792382346466184,
    "ppo/mean_scores": -0.07862967997789383,
    "ppo/std_scores": 0.0,
    "tokens/queries_len_mean": 221.9375,
    "tokens/queries_len_std": 17.100857436656952,
    "tokens/responses_len_mean": 8.0,
    "tokens/responses_len_std": 0.0,
    "ppo/loss/policy": 0.0011195209808647633,
    "ppo/loss/value": 0.7995563745498657,
    "ppo/loss/total": 0.0810751598328352,
    "ppo/policy/entropy": 1.702737182378769,
    "ppo/policy/approxkl": 0.0007457168903783895,
    "ppo/policy/policykl": 0.0011436485510785133,
    "ppo/policy/clipfrac": 0.00390625,
    "ppo/policy/advantages_mean": 6.51925802230835e-09,
    "ppo/returns/mean": -0.6288285702466965,
    "ppo/returns/var": 0.8619161248207092,
    "ppo/val/vpred": 0.0821637213230133,
    "ppo/val/error": 1.5991127490997314,
    "ppo/val/clipfrac": 0.0,
    "ppo/val/mean": 0.08139128610491753,
    "ppo/val/var": 0.3030570037662983,
    "ppo/val/var_explained": -0.9144672453403473,
    "ppo/learning_rate": 5e-07,
    "time/ppo/forward_pass": 0.42066890001296997,
    "time/ppo/compute_rewards": 0.0008264780044555664,
    "time/ppo/compute_advantages": 0.01863265037536621,
    "time/ppo/optimize_step": 0.9141039848327637,
    "time/ppo/calc_stats": 0.010991871356964111,
    "time/ppo/total": 1.3653209805488586,
    "mean_reward": 0.0,
    "mean_score": 0.0,
    "success_rate": 0.0,
    "num_samples": 16,
    "num_batches": 4,
    "total_valid_turns": 16,
    "total_invalid_turns": 13,
    "avg_valid_rate": 0.5434782608695652
  },
  "episodes_summary": [
    {
      "task_id": 195392807,
      "game_name": "liars_dice",
      "seed": 720240983,
      "opponent": "mcts",
      "final_reward": 0.0,
      "total_turns": 1,
      "valid_turns": 0,
      "invalid_turns": 1,
      "valid_rate": 0.0
    },
    {
      "task_id": 154456225,
      "game_name": "liars_dice",
      "seed": 118940125,
      "opponent": "mcts",
      "final_reward": 0.0,
      "total_turns": 1,
      "valid_turns": 0,
      "invalid_turns": 1,
      "valid_rate": 0.0
    },
    {
      "task_id": 189530506,
      "game_name": "liars_dice",
      "seed": 333530406,
      "opponent": "mcts",
      "final_reward": 0.0,
      "total_turns": 1,
      "valid_turns": 1,
      "invalid_turns": 0,
      "valid_rate": 1.0
    },
    {
      "task_id": 155259675,
      "game_name": "liars_dice",
      "seed": 336396654,
      "opponent": "mcts",
      "final_reward": 0.0,
      "total_turns": 2,
      "valid_turns": 2,
      "invalid_turns": 0,
      "valid_rate": 1.0
    },
    {
      "task_id": 156070961,
      "game_name": "liars_dice",
      "seed": 1073599263,
      "opponent": "mcts",
      "final_reward": 0.0,
      "total_turns": 1,
      "valid_turns": 0,
      "invalid_turns": 1,
      "valid_rate": 0.0
    },
    {
      "task_id": 143488489,
      "game_name": "liars_dice",
      "seed": 1944331896,
      "opponent": "mcts",
      "final_reward": 0.0,
      "total_turns": 2,
      "valid_turns": 2,
      "invalid_turns": 0,
      "valid_rate": 1.0
    },
    {
      "task_id": 122756055,
      "game_name": "liars_dice",
      "seed": 685461537,
      "opponent": "mcts",
      "final_reward": 0.0,
      "total_turns": 1,
      "valid_turns": 0,
      "invalid_turns": 1,
      "valid_rate": 0.0
    },
    {
      "task_id": 158774082,
      "game_name": "liars_dice",
      "seed": 1117425542,
      "opponent": "mcts",
      "final_reward": 0.0,
      "total_turns": 2,
      "valid_turns": 1,
      "invalid_turns": 1,
      "valid_rate": 0.5
    },
    {
      "task_id": 191302678,
      "game_name": "liars_dice",
      "seed": 261470346,
      "opponent": "mcts",
      "final_reward": 0.0,
      "total_turns": 1,
      "valid_turns": 1,
      "invalid_turns": 0,
      "valid_rate": 1.0
    },
    {
      "task_id": 187080946,
      "game_name": "liars_dice",
      "seed": 209491809,
      "opponent": "mcts",
      "final_reward": 0.0,
      "total_turns": 1,
      "valid_turns": 0,
      "invalid_turns": 1,
      "valid_rate": 0.0
    },
    {
      "task_id": 166111847,
      "game_name": "liars_dice",
      "seed": 855886866,
      "opponent": "mcts",
      "final_reward": 0.0,
      "total_turns": 1,
      "valid_turns": 0,
      "invalid_turns": 1,
      "valid_rate": 0.0
    },
    {
      "task_id": 120178766,
      "game_name": "liars_dice",
      "seed": 1600740174,
      "opponent": "mcts",
      "final_reward": 0.0,
      "total_turns": 2,
      "valid_turns": 1,
      "invalid_turns": 1,
      "valid_rate": 0.5
    },
    {
      "task_id": 183247191,
      "game_name": "liars_dice",
      "seed": 1436262583,
      "opponent": "mcts",
      "final_reward": 0.0,
      "total_turns": 1,
      "valid_turns": 0,
      "invalid_turns": 1,
      "valid_rate": 0.0
    },
    {
      "task_id": 177949736,
      "game_name": "liars_dice",
      "seed": 1304778722,
      "opponent": "mcts",
      "final_reward": 0.0,
      "total_turns": 1,
      "valid_turns": 1,
      "invalid_turns": 0,
      "valid_rate": 1.0
    },
    {
      "task_id": 135133974,
      "game_name": "liars_dice",
      "seed": 1772140885,
      "opponent": "mcts",
      "final_reward": 0.0,
      "total_turns": 1,
      "valid_turns": 0,
      "invalid_turns": 1,
      "valid_rate": 0.0
    },
    {
      "task_id": 137575221,
      "game_name": "liars_dice",
      "seed": 1485940486,
      "opponent": "mcts",
      "final_reward": 0.0,
      "total_turns": 2,
      "valid_turns": 0,
      "invalid_turns": 2,
      "valid_rate": 0.0
    },
    {
      "task_id": 175710393,
      "game_name": "liars_dice",
      "seed": 640339264,
      "opponent": "mcts",
      "final_reward": 0.0,
      "total_turns": 1,
      "valid_turns": 1,
      "invalid_turns": 0,
      "valid_rate": 1.0
    },
    {
      "task_id": 186155962,
      "game_name": "liars_dice",
      "seed": 1720038734,
      "opponent": "mcts",
      "final_reward": 0.0,
      "total_turns": 1,
      "valid_turns": 1,
      "invalid_turns": 0,
      "valid_rate": 1.0
    },
    {
      "task_id": 107308494,
      "game_name": "liars_dice",
      "seed": 1002697247,
      "opponent": "mcts",
      "final_reward": 0.0,
      "total_turns": 1,
      "valid_turns": 1,
      "invalid_turns": 0,
      "valid_rate": 1.0
    },
    {
      "task_id": 139446745,
      "game_name": "liars_dice",
      "seed": 18130295,
      "opponent": "mcts",
      "final_reward": 0.0,
      "total_turns": 1,
      "valid_turns": 1,
      "invalid_turns": 0,
      "valid_rate": 1.0
    },
    {
      "task_id": 107010322,
      "game_name": "liars_dice",
      "seed": 1951232805,
      "opponent": "mcts",
      "final_reward": 0.0,
      "total_turns": 1,
      "valid_turns": 1,
      "invalid_turns": 0,
      "valid_rate": 1.0
    },
    {
      "task_id": 189770116,
      "game_name": "liars_dice",
      "seed": 187821182,
      "opponent": "mcts",
      "final_reward": 0.0,
      "total_turns": 2,
      "valid_turns": 1,
      "invalid_turns": 1,
      "valid_rate": 0.5
    },
    {
      "task_id": 152800495,
      "game_name": "liars_dice",
      "seed": 1647829790,
      "opponent": "mcts",
      "final_reward": 0.0,
      "total_turns": 1,
      "valid_turns": 1,
      "invalid_turns": 0,
      "valid_rate": 1.0
    }
  ],
  "aggregated": {
    "total_valid_turns": 16,
    "total_invalid_turns": 13,
    "avg_valid_rate": 0.5434782608695652,
    "games_played": {
      "liars_dice": 23
    },
    "success_count": 0,
    "failure_count": 23,
    "success_rate": 0.0
  }
}