{
  "step": 36,
  "timestamp": "2026-01-19T10:23:41.771931",
  "num_episodes": 24,
  "stats": {
    "objective/kl": 3.23824006319046,
    "objective/kl_coef": 0.05027537513524294,
    "objective/entropy": 70.76352310180664,
    "ppo/mean_non_score_reward": -0.020350332837551832,
    "ppo/mean_scores": -0.08399433083832264,
    "ppo/std_scores": 0.0,
    "tokens/queries_len_mean": 221.0625,
    "tokens/queries_len_std": 20.464856266975403,
    "tokens/responses_len_mean": 8.0,
    "tokens/responses_len_std": 0.0,
    "ppo/loss/policy": -0.003498364705592394,
    "ppo/loss/value": 1.0102977752685547,
    "ppo/loss/total": 0.09753141552209854,
    "ppo/policy/entropy": 1.3918444067239761,
    "ppo/policy/approxkl": 0.0004261429494363256,
    "ppo/policy/policykl": 0.0036201857146807015,
    "ppo/policy/clipfrac": 0.0,
    "ppo/policy/advantages_mean": -3.725290298461914e-09,
    "ppo/returns/mean": -0.500234842300415,
    "ppo/returns/var": 1.4329261928796768,
    "ppo/val/vpred": 0.1538114994764328,
    "ppo/val/error": 2.0205955505371094,
    "ppo/val/clipfrac": 0.0,
    "ppo/val/mean": 0.15648939460515976,
    "ppo/val/var": 0.3404872268438339,
    "ppo/val/var_explained": -0.5470893681049347,
    "ppo/learning_rate": 5e-07,
    "time/ppo/forward_pass": 0.41795289516448975,
    "time/ppo/compute_rewards": 0.0008371472358703613,
    "time/ppo/compute_advantages": 0.01860111951828003,
    "time/ppo/optimize_step": 0.9550914764404297,
    "time/ppo/calc_stats": 0.011000871658325195,
    "time/ppo/total": 1.4035735726356506,
    "mean_reward": 0.0,
    "mean_score": 0.0,
    "success_rate": 0.0,
    "num_samples": 16,
    "num_batches": 4,
    "total_valid_turns": 16,
    "total_invalid_turns": 13,
    "avg_valid_rate": 0.5208333333333334
  },
  "episodes_summary": [
    {
      "task_id": 108950304,
      "game_name": "liars_dice",
      "seed": 941477409,
      "opponent": "mcts",
      "final_reward": 0.0,
      "total_turns": 1,
      "valid_turns": 0,
      "invalid_turns": 1,
      "valid_rate": 0.0
    },
    {
      "task_id": 113071942,
      "game_name": "liars_dice",
      "seed": 710005226,
      "opponent": "mcts",
      "final_reward": 0.0,
      "total_turns": 2,
      "valid_turns": 1,
      "invalid_turns": 1,
      "valid_rate": 0.5
    },
    {
      "task_id": 184406472,
      "game_name": "liars_dice",
      "seed": 552828402,
      "opponent": "mcts",
      "final_reward": 0.0,
      "total_turns": 2,
      "valid_turns": 1,
      "invalid_turns": 1,
      "valid_rate": 0.5
    },
    {
      "task_id": 142365479,
      "game_name": "liars_dice",
      "seed": 1890760266,
      "opponent": "mcts",
      "final_reward": 0.0,
      "total_turns": 2,
      "valid_turns": 2,
      "invalid_turns": 0,
      "valid_rate": 1.0
    },
    {
      "task_id": 165597617,
      "game_name": "liars_dice",
      "seed": 1083902586,
      "opponent": "mcts",
      "final_reward": 0.0,
      "total_turns": 2,
      "valid_turns": 2,
      "invalid_turns": 0,
      "valid_rate": 1.0
    },
    {
      "task_id": 106029302,
      "game_name": "liars_dice",
      "seed": 1549495625,
      "opponent": "mcts",
      "final_reward": 0.0,
      "total_turns": 1,
      "valid_turns": 0,
      "invalid_turns": 1,
      "valid_rate": 0.0
    },
    {
      "task_id": 152860184,
      "game_name": "liars_dice",
      "seed": 413153939,
      "opponent": "mcts",
      "final_reward": 0.0,
      "total_turns": 1,
      "valid_turns": 0,
      "invalid_turns": 1,
      "valid_rate": 0.0
    },
    {
      "task_id": 167633370,
      "game_name": "liars_dice",
      "seed": 599831657,
      "opponent": "mcts",
      "final_reward": 0.0,
      "total_turns": 1,
      "valid_turns": 1,
      "invalid_turns": 0,
      "valid_rate": 1.0
    },
    {
      "task_id": 195159965,
      "game_name": "liars_dice",
      "seed": 1460139884,
      "opponent": "mcts",
      "final_reward": 0.0,
      "total_turns": 1,
      "valid_turns": 1,
      "invalid_turns": 0,
      "valid_rate": 1.0
    },
    {
      "task_id": 111055915,
      "game_name": "liars_dice",
      "seed": 115867719,
      "opponent": "mcts",
      "final_reward": 0.0,
      "total_turns": 1,
      "valid_turns": 1,
      "invalid_turns": 0,
      "valid_rate": 1.0
    },
    {
      "task_id": 176996590,
      "game_name": "liars_dice",
      "seed": 217071697,
      "opponent": "mcts",
      "final_reward": 0.0,
      "total_turns": 1,
      "valid_turns": 0,
      "invalid_turns": 1,
      "valid_rate": 0.0
    },
    {
      "task_id": 153564339,
      "game_name": "liars_dice",
      "seed": 2003403904,
      "opponent": "mcts",
      "final_reward": 0.0,
      "total_turns": 1,
      "valid_turns": 1,
      "invalid_turns": 0,
      "valid_rate": 1.0
    },
    {
      "task_id": 110865013,
      "game_name": "liars_dice",
      "seed": 1299084683,
      "opponent": "mcts",
      "final_reward": 0.0,
      "total_turns": 1,
      "valid_turns": 0,
      "invalid_turns": 1,
      "valid_rate": 0.0
    },
    {
      "task_id": 162802697,
      "game_name": "liars_dice",
      "seed": 1591804793,
      "opponent": "mcts",
      "final_reward": 0.0,
      "total_turns": 1,
      "valid_turns": 0,
      "invalid_turns": 1,
      "valid_rate": 0.0
    },
    {
      "task_id": 178795832,
      "game_name": "liars_dice",
      "seed": 443457271,
      "opponent": "mcts",
      "final_reward": 0.0,
      "total_turns": 1,
      "valid_turns": 1,
      "invalid_turns": 0,
      "valid_rate": 1.0
    },
    {
      "task_id": 141129625,
      "game_name": "liars_dice",
      "seed": 1324348211,
      "opponent": "mcts",
      "final_reward": 0.0,
      "total_turns": 1,
      "valid_turns": 1,
      "invalid_turns": 0,
      "valid_rate": 1.0
    },
    {
      "task_id": 124225378,
      "game_name": "liars_dice",
      "seed": 30537864,
      "opponent": "mcts",
      "final_reward": 0.0,
      "total_turns": 1,
      "valid_turns": 1,
      "invalid_turns": 0,
      "valid_rate": 1.0
    },
    {
      "task_id": 154352489,
      "game_name": "liars_dice",
      "seed": 1737750185,
      "opponent": "mcts",
      "final_reward": 0.0,
      "total_turns": 1,
      "valid_turns": 0,
      "invalid_turns": 1,
      "valid_rate": 0.0
    },
    {
      "task_id": 156070961,
      "game_name": "liars_dice",
      "seed": 1145952305,
      "opponent": "mcts",
      "final_reward": 0.0,
      "total_turns": 1,
      "valid_turns": 0,
      "invalid_turns": 1,
      "valid_rate": 0.0
    },
    {
      "task_id": 189842057,
      "game_name": "liars_dice",
      "seed": 2116561784,
      "opponent": "mcts",
      "final_reward": 0.0,
      "total_turns": 2,
      "valid_turns": 1,
      "invalid_turns": 1,
      "valid_rate": 0.5
    },
    {
      "task_id": 157608105,
      "game_name": "liars_dice",
      "seed": 883418321,
      "opponent": "mcts",
      "final_reward": 0.0,
      "total_turns": 1,
      "valid_turns": 0,
      "invalid_turns": 1,
      "valid_rate": 0.0
    },
    {
      "task_id": 135921530,
      "game_name": "liars_dice",
      "seed": 307979697,
      "opponent": "mcts",
      "final_reward": 0.0,
      "total_turns": 1,
      "valid_turns": 1,
      "invalid_turns": 0,
      "valid_rate": 1.0
    },
    {
      "task_id": 143198029,
      "game_name": "liars_dice",
      "seed": 1558556151,
      "opponent": "mcts",
      "final_reward": 0.0,
      "total_turns": 1,
      "valid_turns": 0,
      "invalid_turns": 1,
      "valid_rate": 0.0
    },
    {
      "task_id": 160247286,
      "game_name": "liars_dice",
      "seed": 1932190820,
      "opponent": "mcts",
      "final_reward": 0.0,
      "total_turns": 1,
      "valid_turns": 1,
      "invalid_turns": 0,
      "valid_rate": 1.0
    }
  ],
  "aggregated": {
    "total_valid_turns": 16,
    "total_invalid_turns": 13,
    "avg_valid_rate": 0.5208333333333334,
    "games_played": {
      "liars_dice": 24
    },