{
  "step": 13,
  "timestamp": "2026-01-19T10:07:38.106488",
  "num_episodes": 26,
  "stats": {
    "objective/kl": 10.44837474822998,
    "objective/kl_coef": 0.050172602757811546,
    "objective/entropy": 81.86631774902344,
    "ppo/mean_non_score_reward": -0.0655272351577878,
    "ppo/mean_scores": -0.12250039353966713,
    "ppo/std_scores": 0.0,
    "tokens/queries_len_mean": 226.4375,
    "tokens/queries_len_std": 25.92866086959839,
    "tokens/responses_len_mean": 8.0,
    "tokens/responses_len_std": 0.0,
    "ppo/loss/policy": -0.0012174788862466812,
    "ppo/loss/value": 1.01419597864151,
    "ppo/loss/total": 0.10020211897790432,
    "ppo/policy/entropy": 2.513009190559387,
    "ppo/policy/approxkl": 0.0005897240189369768,
    "ppo/policy/policykl": -0.003243733604904264,
    "ppo/policy/clipfrac": 0.0,
    "ppo/policy/advantages_mean": 6.984919309616089e-09,
    "ppo/returns/mean": 0.3633440025150776,
    "ppo/returns/var": 1.3794501423835754,
    "ppo/val/vpred": 0.24545675609260798,
    "ppo/val/error": 2.02839195728302,
    "ppo/val/clipfrac": 0.0,
    "ppo/val/mean": 0.24563811626285315,
    "ppo/val/var": 0.3426464796066284,
    "ppo/val/var_explained": -0.4788306653499603,
    "ppo/learning_rate": 5e-07,
    "time/ppo/forward_pass": 0.4144958257675171,
    "time/ppo/compute_rewards": 0.0008008480072021484,
    "time/ppo/compute_advantages": 0.018973469734191895,
    "time/ppo/optimize_step": 0.9342185258865356,
    "time/ppo/calc_stats": 0.01527482271194458,
    "time/ppo/total": 1.3838525414466858,
    "mean_reward": 0.0,
    "mean_score": 0.0,
    "success_rate": 0.0,
    "num_samples": 16,
    "num_batches": 4,
    "total_valid_turns": 16,
    "total_invalid_turns": 16,
    "avg_valid_rate": 0.46153846153846156
  },
  "episodes_summary": [
    {
      "task_id": 181992626,
      "game_name": "liars_dice",
      "seed": 1025300108,
      "opponent": "mcts",
      "final_reward": 0.0,
      "total_turns": 1,
      "valid_turns": 1,
      "invalid_turns": 0,
      "valid_rate": 1.0
    },
    {
      "task_id": 195231606,
      "game_name": "liars_dice",
      "seed": 1433084154,
      "opponent": "mcts",
      "final_reward": 0.0,
      "total_turns": 1,
      "valid_turns": 0,
      "invalid_turns": 1,
      "valid_rate": 0.0
    },
    {
      "task_id": 163952808,
      "game_name": "liars_dice",
      "seed": 245519840,
      "opponent": "mcts",
      "final_reward": 1.0,
      "total_turns": 1,
      "valid_turns": 0,
      "invalid_turns": 1,
      "valid_rate": 0.0
    },
    {
      "task_id": 100330241,
      "game_name": "liars_dice",
      "seed": 343541932,
      "opponent": "mcts",
      "final_reward": 0.0,
      "total_turns": 1,
      "valid_turns": 1,
      "invalid_turns": 0,
      "valid_rate": 1.0
    },
    {
      "task_id": 182127436,
      "game_name": "liars_dice",
      "seed": 1513203366,
      "opponent": "mcts",
      "final_reward": 0.0,
      "total_turns": 1,
      "valid_turns": 1,
      "invalid_turns": 0,
      "valid_rate": 1.0
    },
    {
      "task_id": 150743085,
      "game_name": "liars_dice",
      "seed": 1555013896,
      "opponent": "mcts",
      "final_reward": 0.0,
      "total_turns": 2,
      "valid_turns": 1,
      "invalid_turns": 1,
      "valid_rate": 0.5
    },
    {
      "task_id": 118268171,
      "game_name": "liars_dice",
      "seed": 1361038761,
      "opponent": "mcts",
      "final_reward": 0.0,
      "total_turns": 1,
      "valid_turns": 0,
      "invalid_turns": 1,
      "valid_rate": 0.0
    },
    {
      "task_id": 198482717,
      "game_name": "liars_dice",
      "seed": 537299996,
      "opponent": "mcts",
      "final_reward": 0.0,
      "total_turns": 2,
      "valid_turns": 1,
      "invalid_turns": 1,
      "valid_rate": 0.5
    },
    {
      "task_id": 178795832,
      "game_name": "liars_dice",
      "seed": 830401309,
      "opponent": "mcts",
      "final_reward": 0.0,
      "total_turns": 1,
      "valid_turns": 0,
      "invalid_turns": 1,
      "valid_rate": 0.0
    },
    {
      "task_id": 134783638,
      "game_name": "liars_dice",
      "seed": 266456799,
      "opponent": "mcts",
      "final_reward": 0.0,
      "total_turns": 1,
      "valid_turns": 0,
      "invalid_turns": 1,
      "valid_rate": 0.0
    },
    {
      "task_id": 107010322,
      "game_name": "liars_dice",
      "seed": 722247645,
      "opponent": "mcts",
      "final_reward": 0.0,
      "total_turns": 1,
      "valid_turns": 0,
      "invalid_turns": 1,
      "valid_rate": 0.0
    },
    {
      "task_id": 154791181,
      "game_name": "liars_dice",
      "seed": 231955729,
      "opponent": "mcts",
      "final_reward": 0.0,
      "total_turns": 1,
      "valid_turns": 0,
      "invalid_turns": 1,
      "valid_rate": 0.0
    },
    {
      "task_id": 190236951,
      "game_name": "liars_dice",
      "seed": 1330335445,
      "opponent": "mcts",
      "final_reward": 0.0,
      "total_turns": 1,
      "valid_turns": 0,
      "invalid_turns": 1,
      "valid_rate": 0.0
    },
    {
      "task_id": 155328130,
      "game_name": "liars_dice",
      "seed": 775955764,
      "opponent": "mcts",
      "final_reward": 0.0,
      "total_turns": 2,
      "valid_turns": 2,
      "invalid_turns": 0,
      "valid_rate": 1.0
    },
    {
      "task_id": 165659196,
      "game_name": "liars_dice",
      "seed": 1134513030,
      "opponent": "mcts",
      "final_reward": 0.0,
      "total_turns": 2,
      "valid_turns": 2,
      "invalid_turns": 0,
      "valid_rate": 1.0
    },
    {
      "task_id": 114637496,
      "game_name": "liars_dice",
      "seed": 1664982100,
      "opponent": "mcts",
      "final_reward": 0.0,
      "total_turns": 1,
      "valid_turns": 0,
      "invalid_turns": 1,
      "valid_rate": 0.0
    },
    {
      "task_id": 163300491,
      "game_name": "liars_dice",
      "seed": 413627796,
      "opponent": "mcts",
      "final_reward": 0.0,
      "total_turns": 1,
      "valid_turns": 0,
      "invalid_turns": 1,
      "valid_rate": 0.0
    },
    {
      "task_id": 105433721,
      "game_name": "liars_dice",
      "seed": 1506607402,
      "opponent": "mcts",
      "final_reward": 0.0,
      "total_turns": 1,
      "valid_turns": 0,
      "invalid_turns": 1,
      "valid_rate": 0.0
    },
    {
      "task_id": 140520750,
      "game_name": "liars_dice",
      "seed": 1734150229,
      "opponent": "mcts",
      "final_reward": 0.0,
      "total_turns": 1,
      "valid_turns": 1,
      "invalid_turns": 0,
      "valid_rate": 1.0
    },
    {
      "task_id": 143325921,
      "game_name": "liars_dice",
      "seed": 1960548851,
      "opponent": "mcts",
      "final_reward": 0.0,
      "total_turns": 1,
      "valid_turns": 0,
      "invalid_turns": 1,
      "valid_rate": 0.0
    },
    {
      "task_id": 163959120,
      "game_name": "liars_dice",
      "seed": 345531995,
      "opponent": "mcts",
      "final_reward": 0.0,
      "total_turns": 1,
      "valid_turns": 1,
      "invalid_turns": 0,
      "valid_rate": 1.0
    },
    {
      "task_id": 135197615,
      "game_name": "liars_dice",
      "seed": 119385574,
      "opponent": "mcts",
      "final_reward": 0.0,
      "total_turns": 2,
      "valid_turns": 1,
      "invalid_turns": 1,
      "valid_rate": 0.5
    },
    {
      "task_id": 110749825,
      "game_name": "liars_dice",
      "seed": 1432856652,
      "opponent": "mcts",
      "final_reward": 0.0,
      "total_turns": 2,
      "valid_turns": 1,
      "invalid_turns": 1,
      "valid_rate": 0.5
    },
    {
      "task_id": 163267896,
      "game_name": "liars_dice",
      "seed": 142024678,
      "opponent": "mcts",
      "final_reward": 0.0,
      "total_turns": 1,
      "valid_turns": 1,
      "invalid_turns": 0,
      "valid_rate": 1.0
    },
    {
      "task_id": 170033481,
      "game_name": "liars_dice",
      "seed": 1233004714,
      "opponent": "mcts",
      "final_reward": 0.0,
      "total_turns": 1,
      "valid_turns": 1,