{
  "step": 15,
  "timestamp": "2026-01-19T10:09:11.983120",
  "num_episodes": 27,
  "stats": {
    "objective/kl": 8.49040138721466,
    "objective/kl_coef": 0.05020347889512777,
    "objective/entropy": 69.89252090454102,
    "ppo/mean_non_score_reward": -0.053281049244105816,
    "ppo/mean_scores": -0.11373254284262657,
    "ppo/std_scores": 0.0,
    "tokens/queries_len_mean": 224.3125,
    "tokens/queries_len_std": 26.94908905029297,
    "tokens/responses_len_mean": 8.0,
    "tokens/responses_len_std": 0.0,
    "ppo/loss/policy": 0.00030999770388007164,
    "ppo/loss/value": 1.1776834577322006,
    "ppo/loss/total": 0.11807835102081299,
    "ppo/policy/entropy": 1.9310241043567657,
    "ppo/policy/approxkl": 0.0007437752210535109,
    "ppo/policy/policykl": -0.003910475177690387,
    "ppo/policy/clipfrac": 0.0078125,
    "ppo/policy/advantages_mean": 2.3283064365386963e-09,
    "ppo/returns/mean": 0.3304907511919737,
    "ppo/returns/var": 1.6109087467193604,
    "ppo/val/vpred": 0.2614569403231144,
    "ppo/val/error": 2.3553669154644012,
    "ppo/val/clipfrac": 0.0,
    "ppo/val/mean": 0.26317434571683407,
    "ppo/val/var": 0.784063994884491,
    "ppo/val/var_explained": -0.5826695561408997,
    "ppo/learning_rate": 5e-07,
    "time/ppo/forward_pass": 0.47199898958206177,
    "time/ppo/compute_rewards": 0.0008856058120727539,
    "time/ppo/compute_advantages": 0.02012014389038086,
    "time/ppo/optimize_step": 0.935678243637085,
    "time/ppo/calc_stats": 0.014987647533416748,
    "time/ppo/total": 1.4437669515609741,
    "mean_reward": 0.0,
    "mean_score": 0.0,
    "success_rate": 0.0,
    "num_samples": 16,
    "num_batches": 4,
    "total_valid_turns": 16,
    "total_invalid_turns": 20,
    "avg_valid_rate": 0.46296296296296297
  },
  "episodes_summary": [
    {
      "task_id": 163441811,
      "game_name": "liars_dice",
      "seed": 231521261,
      "opponent": "mcts",
      "final_reward": 0.0,
      "total_turns": 1,
      "valid_turns": 1,
      "invalid_turns": 0,
      "valid_rate": 1.0
    },
    {
      "task_id": 142423566,
      "game_name": "liars_dice",
      "seed": 1106522493,
      "opponent": "mcts",
      "final_reward": 0.0,
      "total_turns": 1,
      "valid_turns": 0,
      "invalid_turns": 1,
      "valid_rate": 0.0
    },
    {
      "task_id": 131811898,
      "game_name": "liars_dice",
      "seed": 1394452140,
      "opponent": "mcts",
      "final_reward": 0.0,
      "total_turns": 2,
      "valid_turns": 0,
      "invalid_turns": 2,
      "valid_rate": 0.0
    },
    {
      "task_id": 173046040,
      "game_name": "liars_dice",
      "seed": 178080156,
      "opponent": "mcts",
      "final_reward": 0.0,
      "total_turns": 2,
      "valid_turns": 1,
      "invalid_turns": 1,
      "valid_rate": 0.5
    },
    {
      "task_id": 135197615,
      "game_name": "liars_dice",
      "seed": 1852047268,
      "opponent": "mcts",
      "final_reward": 0.0,
      "total_turns": 2,
      "valid_turns": 1,
      "invalid_turns": 1,
      "valid_rate": 0.5
    },
    {
      "task_id": 157539628,
      "game_name": "liars_dice",
      "seed": 1763285642,
      "opponent": "mcts",
      "final_reward": 0.0,
      "total_turns": 2,
      "valid_turns": 1,
      "invalid_turns": 1,
      "valid_rate": 0.5
    },
    {
      "task_id": 182454089,
      "game_name": "liars_dice",
      "seed": 894103997,
      "opponent": "mcts",
      "final_reward": 0.0,
      "total_turns": 1,
      "valid_turns": 0,
      "invalid_turns": 1,
      "valid_rate": 0.0
    },
    {
      "task_id": 114804073,
      "game_name": "liars_dice",
      "seed": 1533147435,
      "opponent": "mcts",
      "final_reward": 0.0,
      "total_turns": 1,
      "valid_turns": 1,
      "invalid_turns": 0,
      "valid_rate": 1.0
    },
    {
      "task_id": 152507238,
      "game_name": "liars_dice",
      "seed": 1849316055,
      "opponent": "mcts",
      "final_reward": 0.0,
      "total_turns": 1,
      "valid_turns": 0,
      "invalid_turns": 1,
      "valid_rate": 0.0
    },
    {
      "task_id": 110223209,
      "game_name": "liars_dice",
      "seed": 334255896,
      "opponent": "mcts",
      "final_reward": 0.0,
      "total_turns": 2,
      "valid_turns": 1,
      "invalid_turns": 1,
      "valid_rate": 0.5
    },
    {
      "task_id": 122714069,
      "game_name": "liars_dice",
      "seed": 656993429,
      "opponent": "mcts",
      "final_reward": 0.0,
      "total_turns": 1,
      "valid_turns": 1,
      "invalid_turns": 0,
      "valid_rate": 1.0
    },
    {
      "task_id": 172199579,
      "game_name": "liars_dice",
      "seed": 980324114,
      "opponent": "mcts",
      "final_reward": 0.0,
      "total_turns": 2,
      "valid_turns": 1,
      "invalid_turns": 1,
      "valid_rate": 0.5
    },
    {
      "task_id": 195611025,
      "game_name": "liars_dice",
      "seed": 582209076,
      "opponent": "mcts",
      "final_reward": 0.0,
      "total_turns": 1,
      "valid_turns": 1,
      "invalid_turns": 0,
      "valid_rate": 1.0
    },
    {
      "task_id": 183664704,
      "game_name": "liars_dice",
      "seed": 1237120168,
      "opponent": "mcts",
      "final_reward": 0.0,
      "total_turns": 1,
      "valid_turns": 1,
      "invalid_turns": 0,
      "valid_rate": 1.0
    },
    {
      "task_id": 191830778,
      "game_name": "liars_dice",
      "seed": 508856956,
      "opponent": "mcts",
      "final_reward": 0.0,
      "total_turns": 2,
      "valid_turns": 1,
      "invalid_turns": 1,
      "valid_rate": 0.5
    },
    {
      "task_id": 135133974,
      "game_name": "liars_dice",
      "seed": 679977897,
      "opponent": "mcts",
      "final_reward": 0.0,
      "total_turns": 1,
      "valid_turns": 0,
      "invalid_turns": 1,
      "valid_rate": 0.0
    },
    {
      "task_id": 171555686,
      "game_name": "liars_dice",
      "seed": 620968510,
      "opponent": "mcts",
      "final_reward": 0.0,
      "total_turns": 2,
      "valid_turns": 0,
      "invalid_turns": 2,
      "valid_rate": 0.0
    },
    {
      "task_id": 131478950,
      "game_name": "liars_dice",
      "seed": 1625931129,
      "opponent": "mcts",
      "final_reward": 0.0,
      "total_turns": 1,
      "valid_turns": 0,
      "invalid_turns": 1,
      "valid_rate": 0.0
    },
    {
      "task_id": 168658596,
      "game_name": "liars_dice",
      "seed": 1314940811,
      "opponent": "mcts",
      "final_reward": 0.0,
      "total_turns": 1,
      "valid_turns": 1,
      "invalid_turns": 0,
      "valid_rate": 1.0
    },
    {
      "task_id": 113114786,
      "game_name": "liars_dice",
      "seed": 661487129,
      "opponent": "mcts",
      "final_reward": 0.0,
      "total_turns": 1,
      "valid_turns": 0,
      "invalid_turns": 1,
      "valid_rate": 0.0
    },
    {
      "task_id": 195341559,
      "game_name": "liars_dice",
      "seed": 458762348,
      "opponent": "mcts",
      "final_reward": 0.0,
      "total_turns": 1,
      "valid_turns": 0,
      "invalid_turns": 1,
      "valid_rate": 0.0
    },
    {
      "task_id": 179965027,
      "game_name": "liars_dice",
      "seed": 477535775,
      "opponent": "mcts",
      "final_reward": 0.0,
      "total_turns": 1,
      "valid_turns": 0,
      "invalid_turns": 1,
      "valid_rate": 0.0
    },
    {
      "task_id": 110770746,
      "game_name": "liars_dice",
      "seed": 724291546,
      "opponent": "mcts",
      "final_reward": 0.0,
      "total_turns": 2,
      "valid_turns": 1,
      "invalid_turns": 1,
      "valid_rate": 0.5
    },
    {
      "task_id": 101407388,
      "game_name": "liars_dice",
      "seed": 495632809,
      "opponent": "mcts",
      "final_reward": 0.0,
      "total_turns": 1,
      "valid_turns": 1,
      "invalid_turns": 0,
      "valid_rate": 1.0
    },
    {
      "task_id": 142728707,
      "game_name": "liars_dice",
      "seed": 464454129,
      "opponent": "mcts",
      "final_reward": 0.0,
      "total_turns": 1,
      "valid_turns": 1,