{
  "step": 34,
  "timestamp": "2026-01-19T10:22:28.507893",
  "num_episodes": 16,
  "stats": {
    "objective/kl": 3.779026746749878,
    "objective/kl_coef": 0.050307560712099075,
    "objective/entropy": 83.7512092590332,
    "ppo/mean_non_score_reward": -0.02376403147354722,
    "ppo/mean_scores": -0.0864701196551323,
    "ppo/std_scores": 0.0,
    "tokens/queries_len_mean": 221.9375,
    "tokens/queries_len_std": 20.302865028381348,
    "tokens/responses_len_mean": 8.0,
    "tokens/responses_len_std": 0.0,
    "ppo/loss/policy": -0.005438091699033976,
    "ppo/loss/value": 1.4291027784347534,
    "ppo/loss/total": 0.13747218623757362,
    "ppo/policy/entropy": 1.731091856956482,
    "ppo/policy/approxkl": 0.0009098562804865651,
    "ppo/policy/policykl": 0.004022082255687565,
    "ppo/policy/clipfrac": 0.0078125,
    "ppo/policy/advantages_mean": 2.3748725652694702e-08,
    "ppo/returns/mean": -0.5766475647687912,
    "ppo/returns/var": 1.8380597829818726,
    "ppo/val/vpred": 0.2702736333012581,
    "ppo/val/error": 2.858205556869507,
    "ppo/val/clipfrac": 0.0,
    "ppo/val/mean": 0.27056483924388885,
    "ppo/val/var": 0.48255884647369385,
    "ppo/val/var_explained": -0.5783230662345886,
    "ppo/learning_rate": 5e-07,
    "time/ppo/forward_pass": 0.4158630967140198,
    "time/ppo/compute_rewards": 0.000817418098449707,
    "time/ppo/compute_advantages": 0.018929600715637207,
    "time/ppo/optimize_step": 0.9175541996955872,
    "time/ppo/calc_stats": 0.011739015579223633,
    "time/ppo/total": 1.3650083541870117,
    "mean_reward": 0.0,
    "mean_score": 0.0,
    "success_rate": 0.0,
    "num_samples": 16,
    "num_batches": 4,
    "total_valid_turns": 16,
    "total_invalid_turns": 8,
    "avg_valid_rate": 0.6875
  },
  "episodes_summary": [
    {
      "task_id": 144953055,
      "game_name": "liars_dice",
      "seed": 1788897015,
      "opponent": "mcts",
      "final_reward": 0.0,
      "total_turns": 1,
      "valid_turns": 0,
      "invalid_turns": 1,
      "valid_rate": 0.0
    },
    {
      "task_id": 101044851,
      "game_name": "liars_dice",
      "seed": 1145327485,
      "opponent": "mcts",
      "final_reward": 0.0,
      "total_turns": 1,
      "valid_turns": 1,
      "invalid_turns": 0,
      "valid_rate": 1.0
    },
    {
      "task_id": 141457030,
      "game_name": "liars_dice",
      "seed": 769742796,
      "opponent": "mcts",
      "final_reward": 0.0,
      "total_turns": 1,
      "valid_turns": 1,
      "invalid_turns": 0,
      "valid_rate": 1.0
    },
    {
      "task_id": 158363731,
      "game_name": "liars_dice",
      "seed": 487071968,
      "opponent": "mcts",
      "final_reward": 0.0,
      "total_turns": 2,
      "valid_turns": 2,
      "invalid_turns": 0,
      "valid_rate": 1.0
    },
    {
      "task_id": 106537337,
      "game_name": "liars_dice",
      "seed": 855760564,
      "opponent": "mcts",
      "final_reward": 0.0,
      "total_turns": 2,
      "valid_turns": 1,
      "invalid_turns": 1,
      "valid_rate": 0.5
    },
    {
      "task_id": 154762348,
      "game_name": "liars_dice",
      "seed": 1224738022,
      "opponent": "mcts",
      "final_reward": 0.0,
      "total_turns": 2,
      "valid_turns": 2,
      "invalid_turns": 0,
      "valid_rate": 1.0
    },
    {
      "task_id": 134635629,
      "game_name": "liars_dice",
      "seed": 22289438,
      "opponent": "mcts",
      "final_reward": 0.0,
      "total_turns": 2,
      "valid_turns": 1,
      "invalid_turns": 1,
      "valid_rate": 0.5
    },
    {
      "task_id": 173521076,
      "game_name": "liars_dice",
      "seed": 681543860,
      "opponent": "mcts",
      "final_reward": 0.0,
      "total_turns": 2,
      "valid_turns": 1,
      "invalid_turns": 1,
      "valid_rate": 0.5
    },
    {
      "task_id": 131434405,
      "game_name": "liars_dice",
      "seed": 850097924,
      "opponent": "mcts",
      "final_reward": 0.0,
      "total_turns": 2,
      "valid_turns": 1,
      "invalid_turns": 1,
      "valid_rate": 0.5
    },
    {
      "task_id": 186293884,
      "game_name": "liars_dice",
      "seed": 813780557,
      "opponent": "mcts",
      "final_reward": 0.0,
      "total_turns": 1,
      "valid_turns": 1,
      "invalid_turns": 0,
      "valid_rate": 1.0
    },
    {
      "task_id": 179611467,
      "game_name": "liars_dice",
      "seed": 1437756870,
      "opponent": "mcts",
      "final_reward": 0.0,
      "total_turns": 2,
      "valid_turns": 1,
      "invalid_turns": 1,
      "valid_rate": 0.5
    },
    {
      "task_id": 149018679,
      "game_name": "liars_dice",
      "seed": 502646195,
      "opponent": "mcts",
      "final_reward": 0.0,
      "total_turns": 1,
      "valid_turns": 0,
      "invalid_turns": 1,
      "valid_rate": 0.0
    },
    {
      "task_id": 156209105,
      "game_name": "liars_dice",
      "seed": 1562014915,
      "opponent": "mcts",
      "final_reward": 0.0,
      "total_turns": 1,
      "valid_turns": 1,
      "invalid_turns": 0,
      "valid_rate": 1.0
    },
    {
      "task_id": 101918147,
      "game_name": "liars_dice",
      "seed": 979455084,
      "opponent": "mcts",
      "final_reward": 0.0,
      "total_turns": 1,
      "valid_turns": 1,
      "invalid_turns": 0,
      "valid_rate": 1.0
    },
    {
      "task_id": 180514265,
      "game_name": "liars_dice",
      "seed": 63516330,
      "opponent": "mcts",
      "final_reward": 0.0,
      "total_turns": 1,
      "valid_turns": 1,
      "invalid_turns": 0,
      "valid_rate": 1.0
    },
    {
      "task_id": 182495761,
      "game_name": "liars_dice",
      "seed": 2123138028,
      "opponent": "mcts",
      "final_reward": 0.0,
      "total_turns": 2,
      "valid_turns": 1,
      "invalid_turns": 1,
      "valid_rate": 0.5
    }
  ],
  "aggregated": {
    "total_valid_turns": 16,
    "total_invalid_turns": 8,
    "avg_valid_rate": 0.6875,
    "games_played": {
      "liars_dice": 16
    },
    "success_count": 0,
    "failure_count": 16,
    "success_rate": 0.0
  }
}