{
  "step": 37,
  "timestamp": "2026-01-19T10:24:25.181978",
  "num_episodes": 27,
  "stats": {
    "objective/kl": 2.862053692340851,
    "objective/kl_coef": 0.050259293988347054,
    "objective/entropy": 70.63681602478027,
    "ppo/mean_non_score_reward": -0.017980762757360935,
    "ppo/mean_scores": -0.08283360302448273,
    "ppo/std_scores": 0.0,
    "tokens/queries_len_mean": 217.625,
    "tokens/queries_len_std": 11.77209210395813,
    "tokens/responses_len_mean": 8.0,
    "tokens/responses_len_std": 0.0,
    "ppo/loss/policy": 0.0009110504761338234,
    "ppo/loss/value": 0.8203610479831696,
    "ppo/loss/total": 0.08294715359807014,
    "ppo/policy/entropy": 1.5087868571281433,
    "ppo/policy/approxkl": 0.0006427869739127345,
    "ppo/policy/policykl": -0.001104542869143188,
    "ppo/policy/clipfrac": 0.00390625,
    "ppo/policy/advantages_mean": -1.5832483768463135e-08,
    "ppo/returns/mean": -0.46458376199007034,
    "ppo/returns/var": 1.387402519583702,
    "ppo/val/vpred": 0.10496969893574715,
    "ppo/val/error": 1.6407220959663391,
    "ppo/val/clipfrac": 0.0,
    "ppo/val/mean": 0.10669979266822338,
    "ppo/val/var": 0.36072173342108727,
    "ppo/val/var_explained": -0.2285255789756775,
    "ppo/learning_rate": 5e-07,
    "time/ppo/forward_pass": 0.409587562084198,
    "time/ppo/compute_rewards": 0.0008230805397033691,
    "time/ppo/compute_advantages": 0.01768261194229126,
    "time/ppo/optimize_step": 0.9014531373977661,
    "time/ppo/calc_stats": 0.006783843040466309,
    "time/ppo/total": 1.3364256620407104,
    "mean_reward": 0.0,
    "mean_score": 0.0,
    "success_rate": 0.0,
    "num_samples": 16,
    "num_batches": 4,
    "total_valid_turns": 16,
    "total_invalid_turns": 17,
    "avg_valid_rate": 0.46296296296296297
  },
  "episodes_summary": [
    {
      "task_id": 146116046,
      "game_name": "liars_dice",
      "seed": 1056739824,
      "opponent": "mcts",
      "final_reward": 0.0,
      "total_turns": 1,
      "valid_turns": 1,
      "invalid_turns": 0,
      "valid_rate": 1.0
    },
    {
      "task_id": 166655848,
      "game_name": "liars_dice",
      "seed": 547832939,
      "opponent": "mcts",
      "final_reward": 0.0,
      "total_turns": 1,
      "valid_turns": 0,
      "invalid_turns": 1,
      "valid_rate": 0.0
    },
    {
      "task_id": 166735835,
      "game_name": "liars_dice",
      "seed": 662922795,
      "opponent": "mcts",
      "final_reward": 0.0,
      "total_turns": 1,
      "valid_turns": 1,
      "invalid_turns": 0,
      "valid_rate": 1.0
    },
    {
      "task_id": 107791465,
      "game_name": "liars_dice",
      "seed": 1910156867,
      "opponent": "mcts",
      "final_reward": 0.0,
      "total_turns": 1,
      "valid_turns": 0,
      "invalid_turns": 1,
      "valid_rate": 0.0
    },
    {
      "task_id": 111741595,
      "game_name": "liars_dice",
      "seed": 1357690815,
      "opponent": "mcts",
      "final_reward": 0.0,
      "total_turns": 1,
      "valid_turns": 1,
      "invalid_turns": 0,
      "valid_rate": 1.0
    },
    {
      "task_id": 108950304,
      "game_name": "liars_dice",
      "seed": 1530134440,
      "opponent": "mcts",
      "final_reward": 0.0,
      "total_turns": 2,
      "valid_turns": 1,
      "invalid_turns": 1,
      "valid_rate": 0.5
    },
    {
      "task_id": 115092990,
      "game_name": "liars_dice",
      "seed": 1627110031,
      "opponent": "mcts",
      "final_reward": 0.0,
      "total_turns": 1,
      "valid_turns": 0,
      "invalid_turns": 1,
      "valid_rate": 0.0
    },
    {
      "task_id": 141565668,
      "game_name": "liars_dice",
      "seed": 1431426531,
      "opponent": "mcts",
      "final_reward": 0.0,
      "total_turns": 1,
      "valid_turns": 0,
      "invalid_turns": 1,
      "valid_rate": 0.0
    },
    {
      "task_id": 125397002,
      "game_name": "liars_dice",
      "seed": 1298906461,
      "opponent": "mcts",
      "final_reward": 0.0,
      "total_turns": 1,
      "valid_turns": 0,
      "invalid_turns": 1,
      "valid_rate": 0.0
    },
    {
      "task_id": 174863522,
      "game_name": "liars_dice",
      "seed": 683045304,
      "opponent": "mcts",
      "final_reward": 0.0,
      "total_turns": 2,
      "valid_turns": 1,
      "invalid_turns": 1,
      "valid_rate": 0.5
    },
    {
      "task_id": 110651415,
      "game_name": "liars_dice",
      "seed": 1114998232,
      "opponent": "mcts",
      "final_reward": 0.0,
      "total_turns": 1,
      "valid_turns": 1,
      "invalid_turns": 0,
      "valid_rate": 1.0
    },
    {
      "task_id": 106843415,
      "game_name": "liars_dice",
      "seed": 1627157736,
      "opponent": "mcts",
      "final_reward": 0.0,
      "total_turns": 1,
      "valid_turns": 1,
      "invalid_turns": 0,
      "valid_rate": 1.0
    },
    {
      "task_id": 162258516,
      "game_name": "liars_dice",
      "seed": 2081503127,
      "opponent": "mcts",
      "final_reward": 0.0,
      "total_turns": 1,
      "valid_turns": 0,
      "invalid_turns": 1,
      "valid_rate": 0.0
    },
    {
      "task_id": 107745073,
      "game_name": "liars_dice",
      "seed": 485513373,
      "opponent": "mcts",
      "final_reward": 0.0,
      "total_turns": 1,
      "valid_turns": 0,
      "invalid_turns": 1,
      "valid_rate": 0.0
    },
    {
      "task_id": 154349339,
      "game_name": "liars_dice",
      "seed": 514262870,
      "opponent": "mcts",
      "final_reward": 0.0,
      "total_turns": 1,
      "valid_turns": 1,
      "invalid_turns": 0,
      "valid_rate": 1.0
    },
    {
      "task_id": 137757024,
      "game_name": "liars_dice",
      "seed": 351491981,
      "opponent": "mcts",
      "final_reward": 0.0,
      "total_turns": 1,
      "valid_turns": 0,
      "invalid_turns": 1,
      "valid_rate": 0.0
    },
    {
      "task_id": 129112449,
      "game_name": "liars_dice",
      "seed": 1297639118,
      "opponent": "mcts",
      "final_reward": 0.0,
      "total_turns": 1,
      "valid_turns": 1,
      "invalid_turns": 0,
      "valid_rate": 1.0
    },
    {
      "task_id": 123098769,
      "game_name": "liars_dice",
      "seed": 1943935646,
      "opponent": "mcts",
      "final_reward": 0.0,
      "total_turns": 2,
      "valid_turns": 1,
      "invalid_turns": 1,
      "valid_rate": 0.5
    },
    {
      "task_id": 184110386,
      "game_name": "liars_dice",
      "seed": 749822080,
      "opponent": "mcts",
      "final_reward": 0.0,
      "total_turns": 2,
      "valid_turns": 1,
      "invalid_turns": 1,
      "valid_rate": 0.5
    },
    {
      "task_id": 135016506,
      "game_name": "liars_dice",
      "seed": 761078131,
      "opponent": "mcts",
      "final_reward": 0.0,
      "total_turns": 1,
      "valid_turns": 0,
      "invalid_turns": 1,
      "valid_rate": 0.0
    },
    {
      "task_id": 128376536,
      "game_name": "liars_dice",
      "seed": 1535800879,
      "opponent": "mcts",
      "final_reward": 0.0,
      "total_turns": 1,
      "valid_turns": 1,
      "invalid_turns": 0,
      "valid_rate": 1.0
    },
    {
      "task_id": 188402968,
      "game_name": "liars_dice",
      "seed": 389961820,
      "opponent": "mcts",
      "final_reward": 0.0,
      "total_turns": 1,
      "valid_turns": 0,
      "invalid_turns": 1,
      "valid_rate": 0.0
    },
    {
      "task_id": 140571948,
      "game_name": "liars_dice",
      "seed": 1969928304,
      "opponent": "mcts",
      "final_reward": 0.0,
      "total_turns": 2,
      "valid_turns": 1,
      "invalid_turns": 1,
      "valid_rate": 0.5
    },
    {
      "task_id": 146861088,
      "game_name": "liars_dice",
      "seed": 753151553,
      "opponent": "mcts",
      "final_reward": 0.0,
      "total_turns": 1,
      "valid_turns": 0,
      "invalid_turns": 1,
      "valid_rate": 0.0
    },
    {
      "task_id": 108748363,
      "game_name": "liars_dice",
      "seed": 539668068,
      "opponent": "mcts",
      "final_reward": 0.0,
      "total_turns": 1,