{
  "step": 48,
  "timestamp": "2026-01-19T10:31:33.094302",
  "num_episodes": 14,
  "stats": {
    "objective/kl": 2.1627277731895447,
    "objective/kl_coef": 0.05008270498365164,
    "objective/entropy": 80.72324752807617,
    "ppo/mean_non_score_reward": -0.013539431849494576,
    "ppo/mean_scores": -0.08121885359287262,
    "ppo/std_scores": 0.0,
    "tokens/queries_len_mean": 226.0625,
    "tokens/queries_len_std": 30.13656520843506,
    "tokens/responses_len_mean": 8.0,
    "tokens/responses_len_std": 0.0,
    "ppo/loss/policy": -0.002054037991911173,
    "ppo/loss/value": 1.1101127862930298,
    "ppo/loss/total": 0.10895724408328533,
    "ppo/policy/entropy": 1.624668002128601,
    "ppo/policy/approxkl": 0.0005810835064039566,
    "ppo/policy/policykl": 0.003672296879813075,
    "ppo/policy/clipfrac": 0.0,
    "ppo/policy/advantages_mean": -3.725290298461914e-09,
    "ppo/returns/mean": -0.8392725437879562,
    "ppo/returns/var": 1.2146316319704056,
    "ppo/val/vpred": -0.0801032017916441,
    "ppo/val/error": 2.2202255725860596,
    "ppo/val/clipfrac": 0.0,
    "ppo/val/mean": -0.07688304502516985,
    "ppo/val/var": 0.3493591547012329,
    "ppo/val/var_explained": -0.903231143951416,
    "ppo/learning_rate": 5e-07,
    "time/ppo/forward_pass": 0.4970312714576721,
    "time/ppo/compute_rewards": 0.0010603666305541992,
    "time/ppo/compute_advantages": 0.028445720672607422,
    "time/ppo/optimize_step": 1.0174369812011719,
    "time/ppo/calc_stats": 0.013389050960540771,
    "time/ppo/total": 1.5574768781661987,
    "mean_reward": 0.0,
    "mean_score": 0.0,
    "success_rate": 0.0,
    "num_samples": 17,
    "num_batches": 4,
    "total_valid_turns": 17,
    "total_invalid_turns": 3,
    "avg_valid_rate": 0.8571428571428571
  },
  "episodes_summary": [
    {
      "task_id": 154953405,
      "game_name": "liars_dice",
      "seed": 806264866,
      "opponent": "mcts",
      "final_reward": 0.0,
      "total_turns": 2,
      "valid_turns": 2,
      "invalid_turns": 0,
      "valid_rate": 1.0
    },
    {
      "task_id": 120174679,
      "game_name": "liars_dice",
      "seed": 913969676,
      "opponent": "mcts",
      "final_reward": 0.0,
      "total_turns": 1,
      "valid_turns": 1,
      "invalid_turns": 0,
      "valid_rate": 1.0
    },
    {
      "task_id": 180569340,
      "game_name": "liars_dice",
      "seed": 579519053,
      "opponent": "mcts",
      "final_reward": 0.0,
      "total_turns": 1,
      "valid_turns": 1,
      "invalid_turns": 0,
      "valid_rate": 1.0
    },
    {
      "task_id": 142775318,
      "game_name": "liars_dice",
      "seed": 412588050,
      "opponent": "mcts",
      "final_reward": 0.0,
      "total_turns": 2,
      "valid_turns": 2,
      "invalid_turns": 0,
      "valid_rate": 1.0
    },
    {
      "task_id": 134281041,
      "game_name": "liars_dice",
      "seed": 2009889403,
      "opponent": "mcts",
      "final_reward": 0.0,
      "total_turns": 1,
      "valid_turns": 0,
      "invalid_turns": 1,
      "valid_rate": 0.0
    },
    {
      "task_id": 134783638,
      "game_name": "liars_dice",
      "seed": 794238036,
      "opponent": "mcts",
      "final_reward": 0.0,
      "total_turns": 1,
      "valid_turns": 1,
      "invalid_turns": 0,
      "valid_rate": 1.0
    },
    {
      "task_id": 113073164,
      "game_name": "liars_dice",
      "seed": 1362438051,
      "opponent": "mcts",
      "final_reward": 0.0,
      "total_turns": 1,
      "valid_turns": 1,
      "invalid_turns": 0,
      "valid_rate": 1.0
    },
    {
      "task_id": 189900327,
      "game_name": "liars_dice",
      "seed": 770201430,
      "opponent": "mcts",
      "final_reward": 0.0,
      "total_turns": 2,
      "valid_turns": 2,
      "invalid_turns": 0,
      "valid_rate": 1.0
    },
    {
      "task_id": 150219907,
      "game_name": "liars_dice",
      "seed": 1605559942,
      "opponent": "mcts",
      "final_reward": 0.0,
      "total_turns": 1,
      "valid_turns": 1,
      "invalid_turns": 0,
      "valid_rate": 1.0
    },
    {
      "task_id": 168658596,
      "game_name": "liars_dice",
      "seed": 1511065884,
      "opponent": "mcts",
      "final_reward": 0.0,
      "total_turns": 1,
      "valid_turns": 1,
      "invalid_turns": 0,
      "valid_rate": 1.0
    },
    {
      "task_id": 127773623,
      "game_name": "liars_dice",
      "seed": 857816740,
      "opponent": "mcts",
      "final_reward": 0.0,
      "total_turns": 2,
      "valid_turns": 1,
      "invalid_turns": 1,
      "valid_rate": 0.5
    },
    {
      "task_id": 183609376,
      "game_name": "liars_dice",
      "seed": 1974538031,
      "opponent": "mcts",
      "final_reward": 0.0,
      "total_turns": 1,
      "valid_turns": 1,
      "invalid_turns": 0,
      "valid_rate": 1.0
    },
    {
      "task_id": 188434191,
      "game_name": "liars_dice",
      "seed": 1048951850,
      "opponent": "mcts",
      "final_reward": 0.0,
      "total_turns": 2,
      "valid_turns": 1,
      "invalid_turns": 1,
      "valid_rate": 0.5
    },
    {
      "task_id": 118318100,
      "game_name": "liars_dice",
      "seed": 132464124,
      "opponent": "mcts",
      "final_reward": 0.0,
      "total_turns": 2,
      "valid_turns": 2,
      "invalid_turns": 0,
      "valid_rate": 1.0
    }
  ],
  "aggregated": {
    "total_valid_turns": 17,
    "total_invalid_turns": 3,
    "avg_valid_rate": 0.8571428571428571,
    "games_played": {
      "liars_dice": 14
    },
    "success_count": 0,
    "failure_count": 14,
    "success_rate": 0.0
  }
}