{
  "step": 95,
  "timestamp": "2026-01-19T11:00:54.461489",
  "num_episodes": 20,
  "stats": {
    "objective/kl": 59.13852405548096,
    "objective/kl_coef": 0.05060540046542883,
    "objective/entropy": 123.74278831481934,
    "ppo/mean_non_score_reward": -0.3740902580320835,
    "ppo/mean_scores": 0.5567027386277914,
    "ppo/std_scores": 1.2591257095336914,
    "tokens/queries_len_mean": 225.875,
    "tokens/queries_len_std": 24.657003104686737,
    "tokens/responses_len_mean": 8.0,
    "tokens/responses_len_std": 0.0,
    "ppo/loss/policy": -0.012357213534414768,
    "ppo/loss/value": 2.2331976294517517,
    "ppo/loss/total": 0.21096256002783775,
    "ppo/policy/entropy": 1.7617168724536896,
    "ppo/policy/approxkl": 0.004072475072462112,
    "ppo/policy/policykl": 0.009117788868024945,
    "ppo/policy/clipfrac": 0.0390625,
    "ppo/policy/advantages_mean": 1.7695128917694092e-08,
    "ppo/returns/mean": -0.8374049291014671,
    "ppo/returns/var": 5.226468920707703,
    "ppo/val/vpred": -1.167906105518341,
    "ppo/val/error": 4.466395258903503,
    "ppo/val/clipfrac": 0.0,
    "ppo/val/mean": -1.1689251363277435,
    "ppo/val/var": 0.6679699942469597,
    "ppo/val/var_explained": 0.07423456013202667,
    "ppo/learning_rate": 5e-07,
    "time/ppo/forward_pass": 0.4600033760070801,
    "time/ppo/compute_rewards": 0.0008993148803710938,
    "time/ppo/compute_advantages": 0.024090707302093506,
    "time/ppo/optimize_step": 0.9867426156997681,
    "time/ppo/calc_stats": 0.013712942600250244,
    "time/ppo/total": 1.4855458736419678,
    "mean_reward": 0.0625,
    "mean_score": 0.0625,
    "success_rate": 0.0625,
    "num_samples": 16,
    "num_batches": 4,
    "total_valid_turns": 16,
    "total_invalid_turns": 9,
    "avg_valid_rate": 0.6
  },
  "episodes_summary": [
    {
      "task_id": 119023377,
      "game_name": "liars_dice",
      "seed": 919174166,
      "opponent": "mcts",
      "final_reward": 0.0,
      "total_turns": 2,
      "valid_turns": 2,
      "invalid_turns": 0,
      "valid_rate": 1.0
    },
    {
      "task_id": 154628054,
      "game_name": "liars_dice",
      "seed": 1972467867,
      "opponent": "mcts",
      "final_reward": 0.0,
      "total_turns": 1,
      "valid_turns": 1,
      "invalid_turns": 0,
      "valid_rate": 1.0
    },
    {
      "task_id": 158660292,
      "game_name": "liars_dice",
      "seed": 632739237,
      "opponent": "mcts",
      "final_reward": 0.0,
      "total_turns": 1,
      "valid_turns": 0,
      "invalid_turns": 1,
      "valid_rate": 0.0
    },
    {
      "task_id": 173436908,
      "game_name": "liars_dice",
      "seed": 1790340440,
      "opponent": "mcts",
      "final_reward": 1.0,
      "total_turns": 2,
      "valid_turns": 1,
      "invalid_turns": 1,
      "valid_rate": 0.5
    },
    {
      "task_id": 165291627,
      "game_name": "liars_dice",
      "seed": 171046626,
      "opponent": "mcts",
      "final_reward": 0.0,
      "total_turns": 1,
      "valid_turns": 1,
      "invalid_turns": 0,
      "valid_rate": 1.0
    },
    {
      "task_id": 136908947,
      "game_name": "liars_dice",
      "seed": 1546382994,
      "opponent": "mcts",
      "final_reward": 0.0,
      "total_turns": 1,
      "valid_turns": 1,
      "invalid_turns": 0,
      "valid_rate": 1.0
    },
    {
      "task_id": 120607972,
      "game_name": "liars_dice",
      "seed": 940388532,
      "opponent": "mcts",
      "final_reward": 0.0,
      "total_turns": 2,
      "valid_turns": 2,
      "invalid_turns": 0,
      "valid_rate": 1.0
    },
    {
      "task_id": 170280163,
      "game_name": "liars_dice",
      "seed": 322828009,
      "opponent": "mcts",
      "final_reward": 0.0,
      "total_turns": 1,
      "valid_turns": 0,
      "invalid_turns": 1,
      "valid_rate": 0.0
    },
    {
      "task_id": 104077037,
      "game_name": "liars_dice",
      "seed": 1532789925,
      "opponent": "mcts",
      "final_reward": 0.0,
      "total_turns": 1,
      "valid_turns": 0,
      "invalid_turns": 1,
      "valid_rate": 0.0
    },
    {
      "task_id": 174517221,
      "game_name": "liars_dice",
      "seed": 1609233577,
      "opponent": "mcts",
      "final_reward": 0.0,
      "total_turns": 1,
      "valid_turns": 1,
      "invalid_turns": 0,
      "valid_rate": 1.0
    },
    {
      "task_id": 137534731,
      "game_name": "liars_dice",
      "seed": 1248352768,
      "opponent": "mcts",
      "final_reward": 0.0,
      "total_turns": 2,
      "valid_turns": 1,
      "invalid_turns": 1,
      "valid_rate": 0.5
    },
    {
      "task_id": 177457448,
      "game_name": "liars_dice",
      "seed": 1247810363,
      "opponent": "mcts",
      "final_reward": 0.0,
      "total_turns": 1,
      "valid_turns": 0,
      "invalid_turns": 1,
      "valid_rate": 0.0
    },
    {
      "task_id": 141065520,
      "game_name": "liars_dice",
      "seed": 14223023,
      "opponent": "mcts",
      "final_reward": 0.0,
      "total_turns": 1,
      "valid_turns": 0,
      "invalid_turns": 1,
      "valid_rate": 0.0
    },
    {
      "task_id": 150409200,
      "game_name": "liars_dice",
      "seed": 1521040167,
      "opponent": "mcts",
      "final_reward": 0.0,
      "total_turns": 1,
      "valid_turns": 0,
      "invalid_turns": 1,
      "valid_rate": 0.0
    },
    {
      "task_id": 164398748,
      "game_name": "liars_dice",
      "seed": 1572191806,
      "opponent": "mcts",
      "final_reward": 0.0,
      "total_turns": 1,
      "valid_turns": 1,
      "invalid_turns": 0,
      "valid_rate": 1.0
    },
    {
      "task_id": 121204148,
      "game_name": "liars_dice",
      "seed": 77848950,
      "opponent": "mcts",
      "final_reward": 0.0,
      "total_turns": 1,
      "valid_turns": 0,
      "invalid_turns": 1,
      "valid_rate": 0.0
    },
    {
      "task_id": 114230719,
      "game_name": "liars_dice",
      "seed": 601517879,
      "opponent": "mcts",
      "final_reward": 0.0,
      "total_turns": 1,
      "valid_turns": 1,
      "invalid_turns": 0,
      "valid_rate": 1.0
    },
    {
      "task_id": 140586592,
      "game_name": "liars_dice",
      "seed": 1182010430,
      "opponent": "mcts",
      "final_reward": 0.0,
      "total_turns": 2,
      "valid_turns": 2,
      "invalid_turns": 0,
      "valid_rate": 1.0
    },
    {
      "task_id": 130368310,
      "game_name": "liars_dice",
      "seed": 1299440768,
      "opponent": "mcts",
      "final_reward": 0.0,
      "total_turns": 1,
      "valid_turns": 1,
      "invalid_turns": 0,
      "valid_rate": 1.0
    },
    {
      "task_id": 180456421,
      "game_name": "liars_dice",
      "seed": 620717204,
      "opponent": "mcts",
      "final_reward": 0.0,
      "total_turns": 1,
      "valid_turns": 1,
      "invalid_turns": 0,
      "valid_rate": 1.0
    }
  ],
  "aggregated": {
    "total_valid_turns": 16,
    "total_invalid_turns": 9,
    "avg_valid_rate": 0.6,
    "games_played": {
      "liars_dice": 20
    },
    "success_count": 1,
    "failure_count": 19,
    "success_rate": 0.05
  }
}