{
  "step": 96,
  "timestamp": "2026-01-19T11:01:38.657055",
  "num_episodes": 23,
  "stats": {
    "objective/kl": 35.96031999588013,
    "objective/kl_coef": 0.05062159709632397,
    "objective/entropy": 104.89107131958008,
    "ppo/mean_non_score_reward": -0.2275492325425148,
    "ppo/mean_scores": -0.0724763534963131,
    "ppo/std_scores": 0.0,
    "tokens/queries_len_mean": 230.9375,
    "tokens/queries_len_std": 32.302619218826294,
    "tokens/responses_len_mean": 8.0,
    "tokens/responses_len_std": 0.0,
    "ppo/loss/policy": -0.01620434783399105,
    "ppo/loss/value": 1.8745115399360657,
    "ppo/loss/total": 0.17124680802226067,
    "ppo/policy/entropy": 2.3023312985897064,
    "ppo/policy/approxkl": 0.0013930904533481225,
    "ppo/policy/policykl": 0.005586948012933135,
    "ppo/policy/clipfrac": 0.01953125,
    "ppo/policy/advantages_mean": 9.313225746154785e-10,
    "ppo/returns/mean": -0.6147003918886185,
    "ppo/returns/var": 4.602335095405579,
    "ppo/val/vpred": -1.1263830065727234,
    "ppo/val/error": 3.7490230798721313,
    "ppo/val/clipfrac": 0.0,
    "ppo/val/mean": -1.1236246824264526,
    "ppo/val/var": 0.7872920334339142,
    "ppo/val/var_explained": 0.17726896703243256,
    "ppo/learning_rate": 5e-07,
    "time/ppo/forward_pass": 0.46673446893692017,
    "time/ppo/compute_rewards": 0.0009220242500305176,
    "time/ppo/compute_advantages": 0.020965516567230225,
    "time/ppo/optimize_step": 1.0052340030670166,
    "time/ppo/calc_stats": 0.015349030494689941,
    "time/ppo/total": 1.5093005895614624,
    "mean_reward": 0.0,
    "mean_score": 0.0,
    "success_rate": 0.0,
    "num_samples": 17,
    "num_batches": 4,
    "total_valid_turns": 17,
    "total_invalid_turns": 15,
    "avg_valid_rate": 0.45652173913043476
  },
  "episodes_summary": [
    {
      "task_id": 130697863,
      "game_name": "liars_dice",
      "seed": 1513521559,
      "opponent": "mcts",
      "final_reward": 0.0,
      "total_turns": 1,
      "valid_turns": 0,
      "invalid_turns": 1,
      "valid_rate": 0.0
    },
    {
      "task_id": 144905870,
      "game_name": "liars_dice",
      "seed": 861295701,
      "opponent": "mcts",
      "final_reward": 0.0,
      "total_turns": 1,
      "valid_turns": 0,
      "invalid_turns": 1,
      "valid_rate": 0.0
    },
    {
      "task_id": 164870268,
      "game_name": "liars_dice",
      "seed": 500761530,
      "opponent": "mcts",
      "final_reward": 0.0,
      "total_turns": 2,
      "valid_turns": 1,
      "invalid_turns": 1,
      "valid_rate": 0.5
    },
    {
      "task_id": 127191889,
      "game_name": "liars_dice",
      "seed": 1693663045,
      "opponent": "mcts",
      "final_reward": 0.0,
      "total_turns": 1,
      "valid_turns": 0,
      "invalid_turns": 1,
      "valid_rate": 0.0
    },
    {
      "task_id": 108207649,
      "game_name": "liars_dice",
      "seed": 1633034483,
      "opponent": "mcts",
      "final_reward": 0.0,
      "total_turns": 1,
      "valid_turns": 0,
      "invalid_turns": 1,
      "valid_rate": 0.0
    },
    {
      "task_id": 104131111,
      "game_name": "liars_dice",
      "seed": 889872519,
      "opponent": "mcts",
      "final_reward": 0.0,
      "total_turns": 1,
      "valid_turns": 0,
      "invalid_turns": 1,
      "valid_rate": 0.0
    },
    {
      "task_id": 102901350,
      "game_name": "liars_dice",
      "seed": 611440317,
      "opponent": "mcts",
      "final_reward": 0.0,
      "total_turns": 1,
      "valid_turns": 0,
      "invalid_turns": 1,
      "valid_rate": 0.0
    },
    {
      "task_id": 191046216,
      "game_name": "liars_dice",
      "seed": 1805448882,
      "opponent": "mcts",
      "final_reward": 0.0,
      "total_turns": 2,
      "valid_turns": 2,
      "invalid_turns": 0,
      "valid_rate": 1.0
    },
    {
      "task_id": 117523934,
      "game_name": "liars_dice",
      "seed": 642119645,
      "opponent": "mcts",
      "final_reward": 0.0,
      "total_turns": 1,
      "valid_turns": 0,
      "invalid_turns": 1,
      "valid_rate": 0.0
    },
    {
      "task_id": 109859589,
      "game_name": "liars_dice",
      "seed": 196387971,
      "opponent": "mcts",
      "final_reward": 0.0,
      "total_turns": 1,
      "valid_turns": 0,
      "invalid_turns": 1,
      "valid_rate": 0.0
    },
    {
      "task_id": 167686085,
      "game_name": "liars_dice",
      "seed": 122549779,
      "opponent": "mcts",
      "final_reward": 0.0,
      "total_turns": 1,
      "valid_turns": 1,
      "invalid_turns": 0,
      "valid_rate": 1.0
    },
    {
      "task_id": 189054490,
      "game_name": "liars_dice",
      "seed": 281203602,
      "opponent": "mcts",
      "final_reward": 0.0,
      "total_turns": 2,
      "valid_turns": 2,
      "invalid_turns": 0,
      "valid_rate": 1.0
    },
    {
      "task_id": 163109893,
      "game_name": "liars_dice",
      "seed": 303576760,
      "opponent": "mcts",
      "final_reward": 0.0,
      "total_turns": 2,
      "valid_turns": 2,
      "invalid_turns": 0,
      "valid_rate": 1.0
    },
    {
      "task_id": 141379948,
      "game_name": "liars_dice",
      "seed": 126183968,
      "opponent": "mcts",
      "final_reward": 0.0,
      "total_turns": 2,
      "valid_turns": 1,
      "invalid_turns": 1,
      "valid_rate": 0.5
    },
    {
      "task_id": 189591431,
      "game_name": "liars_dice",
      "seed": 2082872131,
      "opponent": "mcts",
      "final_reward": 0.0,
      "total_turns": 1,
      "valid_turns": 1,
      "invalid_turns": 0,
      "valid_rate": 1.0
    },
    {
      "task_id": 146141320,
      "game_name": "liars_dice",
      "seed": 230383445,
      "opponent": "mcts",
      "final_reward": 0.0,
      "total_turns": 1,
      "valid_turns": 1,
      "invalid_turns": 0,
      "valid_rate": 1.0
    },
    {
      "task_id": 107342882,
      "game_name": "liars_dice",
      "seed": 1941800236,
      "opponent": "mcts",
      "final_reward": 0.0,
      "total_turns": 2,
      "valid_turns": 1,
      "invalid_turns": 1,
      "valid_rate": 0.5
    },
    {
      "task_id": 106229298,
      "game_name": "liars_dice",
      "seed": 185488085,
      "opponent": "mcts",
      "final_reward": 0.0,
      "total_turns": 1,
      "valid_turns": 0,
      "invalid_turns": 1,
      "valid_rate": 0.0
    },
    {
      "task_id": 124825945,
      "game_name": "liars_dice",
      "seed": 307187552,
      "opponent": "mcts",
      "final_reward": 0.0,
      "total_turns": 1,
      "valid_turns": 1,
      "invalid_turns": 0,
      "valid_rate": 1.0
    },
    {
      "task_id": 176699047,
      "game_name": "liars_dice",
      "seed": 1026299446,
      "opponent": "mcts",
      "final_reward": 0.0,
      "total_turns": 2,
      "valid_turns": 1,
      "invalid_turns": 1,
      "valid_rate": 0.5
    },
    {
      "task_id": 118784161,
      "game_name": "liars_dice",
      "seed": 1900280061,
      "opponent": "mcts",
      "final_reward": 0.0,
      "total_turns": 1,
      "valid_turns": 0,
      "invalid_turns": 1,
      "valid_rate": 0.0
    },
    {
      "task_id": 170996619,
      "game_name": "liars_dice",
      "seed": 187945872,
      "opponent": "mcts",
      "final_reward": 0.0,
      "total_turns": 2,
      "valid_turns": 1,
      "invalid_turns": 1,
      "valid_rate": 0.5
    },
    {
      "task_id": 131746418,
      "game_name": "liars_dice",
      "seed": 2030724938,
      "opponent": "mcts",
      "final_reward": 0.0,
      "total_turns": 2,
      "valid_turns": 2,
      "invalid_turns": 0,
      "valid_rate": 1.0
    }
  ],
  "aggregated": {
    "total_valid_turns": 17,
    "total_invalid_turns": 15,
    "avg_valid_rate": 0.45652173913043476,
    "games_played": {
      "liars_dice": 23
    },
    "success_count": 0,
    "failure_count": 23,
    "success_rate": 0.0
  }
}