{
  "step": 47,
  "timestamp": "2026-01-19T10:31:03.715781",
  "num_episodes": 23,
  "stats": {
    "objective/kl": 2.356482148170471,
    "objective/kl_coef": 0.050098735839128494,
    "objective/entropy": 69.36892127990723,
    "ppo/mean_non_score_reward": -0.014757051132619381,
    "ppo/mean_scores": -0.08208993263542652,
    "ppo/std_scores": 0.0,
    "tokens/queries_len_mean": 217.6875,
    "tokens/queries_len_std": 10.110411643981934,
    "tokens/responses_len_mean": 8.0,
    "tokens/responses_len_std": 0.0,
    "ppo/loss/policy": -0.0005267933011054993,
    "ppo/loss/value": 0.8753946870565414,
    "ppo/loss/total": 0.08701267559081316,
    "ppo/policy/entropy": 1.3005116879940033,
    "ppo/policy/approxkl": 0.00047144518612185493,
    "ppo/policy/policykl": 0.004600437998306006,
    "ppo/policy/clipfrac": 0.0,
    "ppo/policy/advantages_mean": -2.0489096641540527e-08,
    "ppo/returns/mean": -0.7715217173099518,
    "ppo/returns/var": 1.3033744990825653,
    "ppo/val/vpred": -0.1645353571511805,
    "ppo/val/error": 1.7507893741130829,
    "ppo/val/clipfrac": 0.0,
    "ppo/val/mean": -0.1630632020533085,
    "ppo/val/var": 0.3243289962410927,
    "ppo/val/var_explained": -0.36742478609085083,
    "ppo/learning_rate": 5e-07,
    "time/ppo/forward_pass": 0.408441960811615,
    "time/ppo/compute_rewards": 0.0008183717727661133,
    "time/ppo/compute_advantages": 0.01759403944015503,
    "time/ppo/optimize_step": 0.8958564400672913,
    "time/ppo/calc_stats": 0.006666779518127441,
    "time/ppo/total": 1.3294711112976074,
    "mean_reward": 0.0,
    "mean_score": 0.0,
    "success_rate": 0.0,
    "num_samples": 16,
    "num_batches": 4,
    "total_valid_turns": 16,
    "total_invalid_turns": 12,
    "avg_valid_rate": 0.5652173913043478
  },
  "episodes_summary": [
    {
      "task_id": 107837426,
      "game_name": "liars_dice",
      "seed": 45058037,
      "opponent": "mcts",
      "final_reward": 0.0,
      "total_turns": 1,
      "valid_turns": 1,
      "invalid_turns": 0,
      "valid_rate": 1.0
    },
    {
      "task_id": 166655848,
      "game_name": "liars_dice",
      "seed": 1223622246,
      "opponent": "mcts",
      "final_reward": 0.0,
      "total_turns": 2,
      "valid_turns": 1,
      "invalid_turns": 1,
      "valid_rate": 0.5
    },
    {
      "task_id": 164641727,
      "game_name": "liars_dice",
      "seed": 1453730796,
      "opponent": "mcts",
      "final_reward": 0.0,
      "total_turns": 1,
      "valid_turns": 1,
      "invalid_turns": 0,
      "valid_rate": 1.0
    },
    {
      "task_id": 109428267,
      "game_name": "liars_dice",
      "seed": 993969784,
      "opponent": "mcts",
      "final_reward": 0.0,
      "total_turns": 1,
      "valid_turns": 1,
      "invalid_turns": 0,
      "valid_rate": 1.0
    },
    {
      "task_id": 117087681,
      "game_name": "liars_dice",
      "seed": 1022548316,
      "opponent": "mcts",
      "final_reward": 0.0,
      "total_turns": 1,
      "valid_turns": 1,
      "invalid_turns": 0,
      "valid_rate": 1.0
    },
    {
      "task_id": 191036591,
      "game_name": "liars_dice",
      "seed": 1643337042,
      "opponent": "mcts",
      "final_reward": 0.0,
      "total_turns": 2,
      "valid_turns": 2,
      "invalid_turns": 0,
      "valid_rate": 1.0
    },
    {
      "task_id": 196038109,
      "game_name": "liars_dice",
      "seed": 490437883,
      "opponent": "mcts",
      "final_reward": 0.0,
      "total_turns": 1,
      "valid_turns": 0,
      "invalid_turns": 1,
      "valid_rate": 0.0
    },
    {
      "task_id": 198405819,
      "game_name": "liars_dice",
      "seed": 1344137255,
      "opponent": "mcts",
      "final_reward": 0.0,
      "total_turns": 1,
      "valid_turns": 0,
      "invalid_turns": 1,
      "valid_rate": 0.0
    },
    {
      "task_id": 166655848,
      "game_name": "liars_dice",
      "seed": 1035017569,
      "opponent": "mcts",
      "final_reward": 0.0,
      "total_turns": 1,
      "valid_turns": 1,
      "invalid_turns": 0,
      "valid_rate": 1.0
    },
    {
      "task_id": 158184912,
      "game_name": "liars_dice",
      "seed": 771758709,
      "opponent": "mcts",
      "final_reward": 0.0,
      "total_turns": 1,
      "valid_turns": 0,
      "invalid_turns": 1,
      "valid_rate": 0.0
    },
    {
      "task_id": 105149058,
      "game_name": "liars_dice",
      "seed": 1549171804,
      "opponent": "mcts",
      "final_reward": 0.0,
      "total_turns": 1,
      "valid_turns": 0,
      "invalid_turns": 1,
      "valid_rate": 0.0
    },
    {
      "task_id": 198801670,
      "game_name": "liars_dice",
      "seed": 1467263216,
      "opponent": "mcts",
      "final_reward": 0.0,
      "total_turns": 1,
      "valid_turns": 1,
      "invalid_turns": 0,
      "valid_rate": 1.0
    },
    {
      "task_id": 152487813,
      "game_name": "liars_dice",
      "seed": 23504687,
      "opponent": "mcts",
      "final_reward": 0.0,
      "total_turns": 1,
      "valid_turns": 1,
      "invalid_turns": 0,
      "valid_rate": 1.0
    },
    {
      "task_id": 100033985,
      "game_name": "liars_dice",
      "seed": 430606268,
      "opponent": "mcts",
      "final_reward": 0.0,
      "total_turns": 2,
      "valid_turns": 1,
      "invalid_turns": 1,
      "valid_rate": 0.5
    },
    {
      "task_id": 113095587,
      "game_name": "liars_dice",
      "seed": 1417786119,
      "opponent": "mcts",
      "final_reward": 0.0,
      "total_turns": 1,
      "valid_turns": 1,
      "invalid_turns": 0,
      "valid_rate": 1.0
    },
    {
      "task_id": 102599738,
      "game_name": "liars_dice",
      "seed": 178579239,
      "opponent": "mcts",
      "final_reward": 0.0,
      "total_turns": 1,
      "valid_turns": 1,
      "invalid_turns": 0,
      "valid_rate": 1.0
    },
    {
      "task_id": 177759507,
      "game_name": "liars_dice",
      "seed": 665393017,
      "opponent": "mcts",
      "final_reward": 0.0,
      "total_turns": 1,
      "valid_turns": 0,
      "invalid_turns": 1,
      "valid_rate": 0.0
    },
    {
      "task_id": 123162782,
      "game_name": "liars_dice",
      "seed": 648933180,
      "opponent": "mcts",
      "final_reward": 0.0,
      "total_turns": 1,
      "valid_turns": 1,
      "invalid_turns": 0,
      "valid_rate": 1.0
    },
    {
      "task_id": 152202795,
      "game_name": "liars_dice",
      "seed": 80436834,
      "opponent": "mcts",
      "final_reward": 0.0,
      "total_turns": 2,
      "valid_turns": 1,
      "invalid_turns": 1,
      "valid_rate": 0.5
    },
    {
      "task_id": 175632522,
      "game_name": "liars_dice",
      "seed": 68640961,
      "opponent": "mcts",
      "final_reward": 0.0,
      "total_turns": 1,
      "valid_turns": 0,
      "invalid_turns": 1,
      "valid_rate": 0.0
    },
    {
      "task_id": 134839144,
      "game_name": "liars_dice",
      "seed": 42930549,
      "opponent": "mcts",
      "final_reward": 0.0,
      "total_turns": 1,
      "valid_turns": 0,
      "invalid_turns": 1,
      "valid_rate": 0.0
    },
    {
      "task_id": 145949916,
      "game_name": "liars_dice",
      "seed": 370571823,
      "opponent": "mcts",
      "final_reward": 0.0,
      "total_turns": 1,
      "valid_turns": 0,
      "invalid_turns": 1,
      "valid_rate": 0.0
    },
    {
      "task_id": 149023932,
      "game_name": "liars_dice",
      "seed": 277946888,
      "opponent": "mcts",
      "final_reward": 0.0,
      "total_turns": 2,
      "valid_turns": 1,
      "invalid_turns": 1,
      "valid_rate": 0.5
    }
  ],
  "aggregated": {
    "total_valid_turns": 16,
    "total_invalid_turns": 12,
    "avg_valid_rate": 0.5652173913043478,
    "games_played": {
      "liars_dice": 23
    },
    "success_count": 0,
    "failure_count": 23,
    "success_rate": 0.0
  }
}