{
  "step": 49,
  "timestamp": "2026-01-19T10:32:09.567256",
  "num_episodes": 22,
  "stats": {
    "objective/kl": 2.801134407520294,
    "objective/kl_coef": 0.05006668530404568,
    "objective/entropy": 83.42707443237305,
    "ppo/mean_non_score_reward": -0.017530726036056876,
    "ppo/mean_scores": -0.0803749468177557,
    "ppo/std_scores": 0.0,
    "tokens/queries_len_mean": 226.625,
    "tokens/queries_len_std": 19.557785987854004,
    "tokens/responses_len_mean": 8.0,
    "tokens/responses_len_std": 0.0,
    "ppo/loss/policy": -4.9054622650146484e-05,
    "ppo/loss/value": 0.9451895356178284,
    "ppo/loss/total": 0.09446989931166172,
    "ppo/policy/entropy": 1.5565534234046936,
    "ppo/policy/approxkl": 0.0006650255745626055,
    "ppo/policy/policykl": 0.0014702157932333648,
    "ppo/policy/clipfrac": 0.00390625,
    "ppo/policy/advantages_mean": -3.259629011154175e-08,
    "ppo/returns/mean": -0.749552845954895,
    "ppo/returns/var": 1.1338563561439514,
    "ppo/val/vpred": -0.07575727114453912,
    "ppo/val/error": 1.8903790712356567,
    "ppo/val/clipfrac": 0.0,
    "ppo/val/mean": -0.07686406001448631,
    "ppo/val/var": 0.3870510309934616,
    "ppo/val/var_explained": -0.719959944486618,
    "ppo/learning_rate": 5e-07,
    "time/ppo/forward_pass": 0.4473775625228882,
    "time/ppo/compute_rewards": 0.0009809136390686035,
    "time/ppo/compute_advantages": 0.02230757474899292,
    "time/ppo/optimize_step": 0.9298380613327026,
    "time/ppo/calc_stats": 0.010984361171722412,
    "time/ppo/total": 1.4115840196609497,
    "mean_reward": 0.0,
    "mean_score": 0.0,
    "success_rate": 0.0,
    "num_samples": 16,
    "num_batches": 4,
    "total_valid_turns": 16,
    "total_invalid_turns": 10,
    "avg_valid_rate": 0.5681818181818182
  },
  "episodes_summary": [
    {
      "task_id": 159201751,
      "game_name": "liars_dice",
      "seed": 1757351331,
      "opponent": "mcts",
      "final_reward": 0.0,
      "total_turns": 1,
      "valid_turns": 0,
      "invalid_turns": 1,
      "valid_rate": 0.0
    },
    {
      "task_id": 176183468,
      "game_name": "liars_dice",
      "seed": 406833258,
      "opponent": "mcts",
      "final_reward": 0.0,
      "total_turns": 1,
      "valid_turns": 1,
      "invalid_turns": 0,
      "valid_rate": 1.0
    },
    {
      "task_id": 138842058,
      "game_name": "liars_dice",
      "seed": 856093718,
      "opponent": "mcts",
      "final_reward": 0.0,
      "total_turns": 1,
      "valid_turns": 1,
      "invalid_turns": 0,
      "valid_rate": 1.0
    },
    {
      "task_id": 154218435,
      "game_name": "liars_dice",
      "seed": 2083082676,
      "opponent": "mcts",
      "final_reward": 0.0,
      "total_turns": 1,
      "valid_turns": 1,
      "invalid_turns": 0,
      "valid_rate": 1.0
    },
    {
      "task_id": 180518638,
      "game_name": "liars_dice",
      "seed": 1826129955,
      "opponent": "mcts",
      "final_reward": 0.0,
      "total_turns": 1,
      "valid_turns": 0,
      "invalid_turns": 1,
      "valid_rate": 0.0
    },
    {
      "task_id": 108193369,
      "game_name": "liars_dice",
      "seed": 1331315143,
      "opponent": "mcts",
      "final_reward": 0.0,
      "total_turns": 1,
      "valid_turns": 0,
      "invalid_turns": 1,
      "valid_rate": 0.0
    },
    {
      "task_id": 169986442,
      "game_name": "liars_dice",
      "seed": 1376161689,
      "opponent": "mcts",
      "final_reward": 0.0,
      "total_turns": 1,
      "valid_turns": 0,
      "invalid_turns": 1,
      "valid_rate": 0.0
    },
    {
      "task_id": 117719461,
      "game_name": "liars_dice",
      "seed": 1929628163,
      "opponent": "mcts",
      "final_reward": 0.0,
      "total_turns": 1,
      "valid_turns": 0,
      "invalid_turns": 1,
      "valid_rate": 0.0
    },
    {
      "task_id": 117719461,
      "game_name": "liars_dice",
      "seed": 1674861219,
      "opponent": "mcts",
      "final_reward": 0.0,
      "total_turns": 1,
      "valid_turns": 1,
      "invalid_turns": 0,
      "valid_rate": 1.0
    },
    {
      "task_id": 164171093,
      "game_name": "liars_dice",
      "seed": 540056409,
      "opponent": "mcts",
      "final_reward": 0.0,
      "total_turns": 1,
      "valid_turns": 1,
      "invalid_turns": 0,
      "valid_rate": 1.0
    },
    {
      "task_id": 162841648,
      "game_name": "liars_dice",
      "seed": 1965506292,
      "opponent": "mcts",
      "final_reward": 0.0,
      "total_turns": 1,
      "valid_turns": 1,
      "invalid_turns": 0,
      "valid_rate": 1.0
    },
    {
      "task_id": 164406896,
      "game_name": "liars_dice",
      "seed": 1495183682,
      "opponent": "mcts",
      "final_reward": 0.0,
      "total_turns": 1,
      "valid_turns": 1,
      "invalid_turns": 0,
      "valid_rate": 1.0
    },
    {
      "task_id": 141912258,
      "game_name": "liars_dice",
      "seed": 122694139,
      "opponent": "mcts",
      "final_reward": 0.0,
      "total_turns": 1,
      "valid_turns": 0,
      "invalid_turns": 1,
      "valid_rate": 0.0
    },
    {
      "task_id": 136406475,
      "game_name": "liars_dice",
      "seed": 889124688,
      "opponent": "mcts",
      "final_reward": 0.0,
      "total_turns": 2,
      "valid_turns": 2,
      "invalid_turns": 0,
      "valid_rate": 1.0
    },
    {
      "task_id": 183668838,
      "game_name": "liars_dice",
      "seed": 1853826914,
      "opponent": "mcts",
      "final_reward": 0.0,
      "total_turns": 2,
      "valid_turns": 2,
      "invalid_turns": 0,
      "valid_rate": 1.0
    },
    {
      "task_id": 100897345,
      "game_name": "liars_dice",
      "seed": 947797166,
      "opponent": "mcts",
      "final_reward": 0.0,
      "total_turns": 2,
      "valid_turns": 2,
      "invalid_turns": 0,
      "valid_rate": 1.0
    },
    {
      "task_id": 117860500,
      "game_name": "liars_dice",
      "seed": 1088769243,
      "opponent": "mcts",
      "final_reward": 0.0,
      "total_turns": 1,
      "valid_turns": 0,
      "invalid_turns": 1,
      "valid_rate": 0.0
    },
    {
      "task_id": 116823306,
      "game_name": "liars_dice",
      "seed": 1675861337,
      "opponent": "mcts",
      "final_reward": 0.0,
      "total_turns": 1,
      "valid_turns": 0,
      "invalid_turns": 1,
      "valid_rate": 0.0
    },
    {
      "task_id": 148476698,
      "game_name": "liars_dice",
      "seed": 2017000726,
      "opponent": "mcts",
      "final_reward": 0.0,
      "total_turns": 2,
      "valid_turns": 1,
      "invalid_turns": 1,
      "valid_rate": 0.5
    },
    {
      "task_id": 104131111,
      "game_name": "liars_dice",
      "seed": 1701775198,
      "opponent": "mcts",
      "final_reward": 0.0,
      "total_turns": 1,
      "valid_turns": 1,
      "invalid_turns": 0,
      "valid_rate": 1.0
    },
    {
      "task_id": 146301280,
      "game_name": "liars_dice",
      "seed": 1329989783,
      "opponent": "mcts",
      "final_reward": 0.0,
      "total_turns": 1,
      "valid_turns": 0,
      "invalid_turns": 1,
      "valid_rate": 0.0
    },
    {
      "task_id": 166938767,
      "game_name": "liars_dice",
      "seed": 1117854191,
      "opponent": "mcts",
      "final_reward": 0.0,
      "total_turns": 1,
      "valid_turns": 1,
      "invalid_turns": 0,
      "valid_rate": 1.0
    }
  ],
  "aggregated": {
    "total_valid_turns": 16,
    "total_invalid_turns": 10,
    "avg_valid_rate": 0.5681818181818182,
    "games_played": {
      "liars_dice": 22
    },
    "success_count": 0,
    "failure_count": 22,
    "success_rate": 0.0
  }
}