{
  "step": 4,
  "timestamp": "2026-01-19T10:00:50.413968",
  "num_episodes": 40,
  "stats": {
    "objective/kl": 10.380078554153442,
    "objective/kl_coef": 0.0500287227332592,
    "objective/entropy": 83.34257316589355,
    "ppo/mean_non_score_reward": -0.06491325050592422,
    "ppo/mean_scores": -0.13160115107893944,
    "ppo/std_scores": 0.0,
    "tokens/queries_len_mean": 220.8125,
    "tokens/queries_len_std": 18.05238962173462,
    "tokens/responses_len_mean": 8.0,
    "tokens/responses_len_std": 0.0,
    "ppo/loss/policy": -0.002925753127783537,
    "ppo/loss/value": 1.127765029668808,
    "ppo/loss/total": 0.10985075123608112,
    "ppo/policy/entropy": 2.1151126325130463,
    "ppo/policy/approxkl": 0.0015679882635595277,
    "ppo/policy/policykl": -0.002135284012183547,
    "ppo/policy/clipfrac": 0.015625,
    "ppo/policy/advantages_mean": 1.3969838619232178e-09,
    "ppo/returns/mean": 0.3908923491835594,
    "ppo/returns/var": 1.285115361213684,
    "ppo/val/vpred": 0.34781063348054886,
    "ppo/val/error": 2.255530059337616,
    "ppo/val/clipfrac": 0.0,
    "ppo/val/mean": 0.34846991673111916,
    "ppo/val/var": 0.8038987219333649,
    "ppo/val/var_explained": -0.767235279083252,
    "ppo/learning_rate": 5e-07,
    "time/ppo/forward_pass": 0.4162819981575012,
    "time/ppo/compute_rewards": 0.0008218884468078613,
    "time/ppo/compute_advantages": 0.018130958080291748,
    "time/ppo/optimize_step": 0.9119306206703186,
    "time/ppo/calc_stats": 0.010715126991271973,
    "time/ppo/total": 1.3579749464988708,
    "mean_reward": 0.0,
    "mean_score": 0.0,
    "success_rate": 0.0,
    "num_samples": 16,
    "num_batches": 4,
    "total_valid_turns": 16,
    "total_invalid_turns": 28,
    "avg_valid_rate": 0.35
  },
  "episodes_summary": [
    {
      "task_id": 115570338,
      "game_name": "liars_dice",
      "seed": 2137753491,
      "opponent": "mcts",
      "final_reward": 0.0,
      "total_turns": 1,
      "valid_turns": 0,
      "invalid_turns": 1,
      "valid_rate": 0.0
    },
    {
      "task_id": 157248602,
      "game_name": "liars_dice",
      "seed": 162454480,
      "opponent": "mcts",
      "final_reward": 0.0,
      "total_turns": 2,
      "valid_turns": 0,
      "invalid_turns": 2,
      "valid_rate": 0.0
    },
    {
      "task_id": 140520750,
      "game_name": "liars_dice",
      "seed": 1439165853,
      "opponent": "mcts",
      "final_reward": 0.0,
      "total_turns": 1,
      "valid_turns": 0,
      "invalid_turns": 1,
      "valid_rate": 0.0
    },
    {
      "task_id": 198616608,
      "game_name": "liars_dice",
      "seed": 668572195,
      "opponent": "mcts",
      "final_reward": 0.0,
      "total_turns": 1,
      "valid_turns": 0,
      "invalid_turns": 1,
      "valid_rate": 0.0
    },
    {
      "task_id": 122354791,
      "game_name": "liars_dice",
      "seed": 1613066649,
      "opponent": "mcts",
      "final_reward": 0.0,
      "total_turns": 1,
      "valid_turns": 0,
      "invalid_turns": 1,
      "valid_rate": 0.0
    },
    {
      "task_id": 185748823,
      "game_name": "liars_dice",
      "seed": 373326185,
      "opponent": "mcts",
      "final_reward": 0.0,
      "total_turns": 1,
      "valid_turns": 1,
      "invalid_turns": 0,
      "valid_rate": 1.0
    },
    {
      "task_id": 182127436,
      "game_name": "liars_dice",
      "seed": 363653025,
      "opponent": "mcts",
      "final_reward": 0.0,
      "total_turns": 1,
      "valid_turns": 0,
      "invalid_turns": 1,
      "valid_rate": 0.0
    },
    {
      "task_id": 197382257,
      "game_name": "liars_dice",
      "seed": 949439989,
      "opponent": "mcts",
      "final_reward": 0.0,
      "total_turns": 1,
      "valid_turns": 1,
      "invalid_turns": 0,
      "valid_rate": 1.0
    },
    {
      "task_id": 119643903,
      "game_name": "liars_dice",
      "seed": 33719836,
      "opponent": "mcts",
      "final_reward": 0.0,
      "total_turns": 1,
      "valid_turns": 0,
      "invalid_turns": 1,
      "valid_rate": 0.0
    },
    {
      "task_id": 195611025,
      "game_name": "liars_dice",
      "seed": 1244770883,
      "opponent": "mcts",
      "final_reward": 0.0,
      "total_turns": 1,
      "valid_turns": 0,
      "invalid_turns": 1,
      "valid_rate": 0.0
    },
    {
      "task_id": 178502432,
      "game_name": "liars_dice",
      "seed": 933096865,
      "opponent": "mcts",
      "final_reward": 0.0,
      "total_turns": 1,
      "valid_turns": 0,
      "invalid_turns": 1,
      "valid_rate": 0.0
    },
    {
      "task_id": 129546403,
      "game_name": "liars_dice",
      "seed": 1120627997,
      "opponent": "mcts",
      "final_reward": 0.0,
      "total_turns": 1,
      "valid_turns": 1,
      "invalid_turns": 0,
      "valid_rate": 1.0
    },
    {
      "task_id": 157877506,
      "game_name": "liars_dice",
      "seed": 824397566,
      "opponent": "mcts",
      "final_reward": 0.0,
      "total_turns": 1,
      "valid_turns": 1,
      "invalid_turns": 0,
      "valid_rate": 1.0
    },
    {
      "task_id": 194221402,
      "game_name": "liars_dice",
      "seed": 118622481,
      "opponent": "mcts",
      "final_reward": 0.0,
      "total_turns": 1,
      "valid_turns": 0,
      "invalid_turns": 1,
      "valid_rate": 0.0
    },
    {
      "task_id": 190854794,
      "game_name": "liars_dice",
      "seed": 866243010,
      "opponent": "mcts",
      "final_reward": 0.0,
      "total_turns": 1,
      "valid_turns": 0,
      "invalid_turns": 1,
      "valid_rate": 0.0
    },
    {
      "task_id": 195611025,
      "game_name": "liars_dice",
      "seed": 1709197715,
      "opponent": "mcts",
      "final_reward": 0.0,
      "total_turns": 1,
      "valid_turns": 0,
      "invalid_turns": 1,
      "valid_rate": 0.0
    },
    {
      "task_id": 184240294,
      "game_name": "liars_dice",
      "seed": 180824244,
      "opponent": "mcts",
      "final_reward": 0.0,
      "total_turns": 1,
      "valid_turns": 1,
      "invalid_turns": 0,
      "valid_rate": 1.0
    },
    {
      "task_id": 183673356,
      "game_name": "liars_dice",
      "seed": 628587760,
      "opponent": "mcts",
      "final_reward": 0.0,
      "total_turns": 1,
      "valid_turns": 1,
      "invalid_turns": 0,
      "valid_rate": 1.0
    },
    {
      "task_id": 105433721,
      "game_name": "liars_dice",
      "seed": 1968847553,
      "opponent": "mcts",
      "final_reward": 0.0,
      "total_turns": 1,
      "valid_turns": 0,
      "invalid_turns": 1,
      "valid_rate": 0.0
    },
    {
      "task_id": 114058807,
      "game_name": "liars_dice",
      "seed": 2095520584,
      "opponent": "mcts",
      "final_reward": 0.0,
      "total_turns": 2,
      "valid_turns": 1,
      "invalid_turns": 1,
      "valid_rate": 0.5
    },
    {
      "task_id": 125563099,
      "game_name": "liars_dice",
      "seed": 1743356771,
      "opponent": "mcts",
      "final_reward": 0.0,
      "total_turns": 1,
      "valid_turns": 0,
      "invalid_turns": 1,
      "valid_rate": 0.0
    },
    {
      "task_id": 169958124,
      "game_name": "liars_dice",
      "seed": 2127752239,
      "opponent": "mcts",
      "final_reward": 0.0,
      "total_turns": 1,
      "valid_turns": 1,
      "invalid_turns": 0,
      "valid_rate": 1.0
    },
    {
      "task_id": 166899603,
      "game_name": "liars_dice",
      "seed": 2141670794,
      "opponent": "mcts",
      "final_reward": 0.0,
      "total_turns": 1,
      "valid_turns": 0,
      "invalid_turns": 1,
      "valid_rate": 0.0
    },
    {
      "task_id": 172854600,
      "game_name": "liars_dice",
      "seed": 939623321,
      "opponent": "mcts",
      "final_reward": 0.0,
      "total_turns": 1,
      "valid_turns": 0,
      "invalid_turns": 1,
      "valid_rate": 0.0
    },
    {
      "task_id": 149243651,
      "game_name": "liars_dice",
      "seed": 1366913872,
      "opponent": "mcts",
      "final_reward": 0.0,
      "total_turns": 1,
      "valid_turns": 0,