{
  "step": 35,
  "timestamp": "2026-01-19T10:23:02.089417",
  "num_episodes": 20,
  "stats": {
    "objective/kl": 3.496533513069153,
    "objective/kl_coef": 0.05029146745800972,
    "objective/entropy": 79.70947456359863,
    "ppo/mean_non_score_reward": -0.0219808928668499,
    "ppo/mean_scores": -0.08520525507628918,
    "ppo/std_scores": 0.0,
    "tokens/queries_len_mean": 223.6875,
    "tokens/queries_len_std": 20.325496673583984,
    "tokens/responses_len_mean": 8.0,
    "tokens/responses_len_std": 0.0,
    "ppo/loss/policy": -0.0024857884272933006,
    "ppo/loss/value": 1.065758764743805,
    "ppo/loss/total": 0.10409008711576462,
    "ppo/policy/entropy": 1.83972829580307,
    "ppo/policy/approxkl": 0.0005957669745839667,
    "ppo/policy/policykl": 0.0016525897663086653,
    "ppo/policy/clipfrac": 0.0,
    "ppo/policy/advantages_mean": -9.313225746154785e-10,
    "ppo/returns/mean": -0.5242493450641632,
    "ppo/returns/var": 1.3693334460258484,
    "ppo/val/vpred": 0.17807153798639774,
    "ppo/val/error": 2.13151752948761,
    "ppo/val/clipfrac": 0.0,
    "ppo/val/mean": 0.17940505780279636,
    "ppo/val/var": 0.3835850693285465,
    "ppo/val/var_explained": -0.639766663312912,
    "ppo/learning_rate": 5e-07,
    "time/ppo/forward_pass": 0.4195079207420349,
    "time/ppo/compute_rewards": 0.0008335709571838379,
    "time/ppo/compute_advantages": 0.019083142280578613,
    "time/ppo/optimize_step": 0.9684418439865112,
    "time/ppo/calc_stats": 0.006809055805206299,
    "time/ppo/total": 1.4147726893424988,
    "mean_reward": 0.0,
    "mean_score": 0.0,
    "success_rate": 0.0,
    "num_samples": 16,
    "num_batches": 4,
    "total_valid_turns": 16,
    "total_invalid_turns": 8,
    "avg_valid_rate": 0.65
  },
  "episodes_summary": [
    {
      "task_id": 155483223,
      "game_name": "liars_dice",
      "seed": 1684936873,
      "opponent": "mcts",
      "final_reward": 0.0,
      "total_turns": 1,
      "valid_turns": 0,
      "invalid_turns": 1,
      "valid_rate": 0.0
    },
    {
      "task_id": 121709520,
      "game_name": "liars_dice",
      "seed": 660798380,
      "opponent": "mcts",
      "final_reward": 0.0,
      "total_turns": 1,
      "valid_turns": 1,
      "invalid_turns": 0,
      "valid_rate": 1.0
    },
    {
      "task_id": 159691049,
      "game_name": "liars_dice",
      "seed": 922025042,
      "opponent": "mcts",
      "final_reward": 0.0,
      "total_turns": 1,
      "valid_turns": 1,
      "invalid_turns": 0,
      "valid_rate": 1.0
    },
    {
      "task_id": 118375029,
      "game_name": "liars_dice",
      "seed": 679800551,
      "opponent": "mcts",
      "final_reward": 0.0,
      "total_turns": 1,
      "valid_turns": 1,
      "invalid_turns": 0,
      "valid_rate": 1.0
    },
    {
      "task_id": 140373857,
      "game_name": "liars_dice",
      "seed": 792777967,
      "opponent": "mcts",
      "final_reward": 0.0,
      "total_turns": 1,
      "valid_turns": 0,
      "invalid_turns": 1,
      "valid_rate": 0.0
    },
    {
      "task_id": 129437247,
      "game_name": "liars_dice",
      "seed": 662380717,
      "opponent": "mcts",
      "final_reward": 0.0,
      "total_turns": 1,
      "valid_turns": 0,
      "invalid_turns": 1,
      "valid_rate": 0.0
    },
    {
      "task_id": 122042882,
      "game_name": "liars_dice",
      "seed": 1709100826,
      "opponent": "mcts",
      "final_reward": 0.0,
      "total_turns": 2,
      "valid_turns": 2,
      "invalid_turns": 0,
      "valid_rate": 1.0
    },
    {
      "task_id": 189715516,
      "game_name": "liars_dice",
      "seed": 1808954011,
      "opponent": "mcts",
      "final_reward": 0.0,
      "total_turns": 1,
      "valid_turns": 0,
      "invalid_turns": 1,
      "valid_rate": 0.0
    },
    {
      "task_id": 165832591,
      "game_name": "liars_dice",
      "seed": 1993282722,
      "opponent": "mcts",
      "final_reward": 0.0,
      "total_turns": 1,
      "valid_turns": 1,
      "invalid_turns": 0,
      "valid_rate": 1.0
    },
    {
      "task_id": 169822839,
      "game_name": "liars_dice",
      "seed": 1353434193,
      "opponent": "mcts",
      "final_reward": 0.0,
      "total_turns": 1,
      "valid_turns": 1,
      "invalid_turns": 0,
      "valid_rate": 1.0
    },
    {
      "task_id": 158363731,
      "game_name": "liars_dice",
      "seed": 1223625124,
      "opponent": "mcts",
      "final_reward": 0.0,
      "total_turns": 2,
      "valid_turns": 1,
      "invalid_turns": 1,
      "valid_rate": 0.5
    },
    {
      "task_id": 167101303,
      "game_name": "liars_dice",
      "seed": 871859204,
      "opponent": "mcts",
      "final_reward": 0.0,
      "total_turns": 1,
      "valid_turns": 1,
      "invalid_turns": 0,
      "valid_rate": 1.0
    },
    {
      "task_id": 196954837,
      "game_name": "liars_dice",
      "seed": 155697026,
      "opponent": "mcts",
      "final_reward": 0.0,
      "total_turns": 1,
      "valid_turns": 1,
      "invalid_turns": 0,
      "valid_rate": 1.0
    },
    {
      "task_id": 174564001,
      "game_name": "liars_dice",
      "seed": 367835408,
      "opponent": "mcts",
      "final_reward": 0.0,
      "total_turns": 2,
      "valid_turns": 2,
      "invalid_turns": 0,
      "valid_rate": 1.0
    },
    {
      "task_id": 195626483,
      "game_name": "liars_dice",
      "seed": 109308129,
      "opponent": "mcts",
      "final_reward": 0.0,
      "total_turns": 1,
      "valid_turns": 0,
      "invalid_turns": 1,
      "valid_rate": 0.0
    },
    {
      "task_id": 191802769,
      "game_name": "liars_dice",
      "seed": 1675101840,
      "opponent": "mcts",
      "final_reward": 0.0,
      "total_turns": 1,
      "valid_turns": 1,
      "invalid_turns": 0,
      "valid_rate": 1.0
    },
    {
      "task_id": 173725412,
      "game_name": "liars_dice",
      "seed": 2026150293,
      "opponent": "mcts",
      "final_reward": 0.0,
      "total_turns": 1,
      "valid_turns": 0,
      "invalid_turns": 1,
      "valid_rate": 0.0
    },
    {
      "task_id": 177599852,
      "game_name": "liars_dice",
      "seed": 794647650,
      "opponent": "mcts",
      "final_reward": 0.0,
      "total_turns": 2,
      "valid_turns": 1,
      "invalid_turns": 1,
      "valid_rate": 0.5
    },
    {
      "task_id": 181492380,
      "game_name": "liars_dice",
      "seed": 1527921298,
      "opponent": "mcts",
      "final_reward": 0.0,
      "total_turns": 1,
      "valid_turns": 1,
      "invalid_turns": 0,
      "valid_rate": 1.0
    },
    {
      "task_id": 191096787,
      "game_name": "liars_dice",
      "seed": 1848693178,
      "opponent": "mcts",
      "final_reward": 0.0,
      "total_turns": 1,
      "valid_turns": 1,
      "invalid_turns": 0,
      "valid_rate": 1.0
    }
  ],
  "aggregated": {
    "total_valid_turns": 16,
    "total_invalid_turns": 8,
    "avg_valid_rate": 0.65,
    "games_played": {
      "liars_dice": 20
    },
    "success_count": 0,
    "failure_count": 20,
    "success_rate": 0.0
  }
}