{
  "step": 83,
  "timestamp": "2026-01-19T10:53:32.289881",
  "num_episodes": 24,
  "stats": {
    "objective/kl": 44.95732879638672,
    "objective/kl_coef": 0.05041148141026497,
    "objective/entropy": 124.92561340332031,
    "ppo/mean_non_score_reward": -0.283296886831522,
    "ppo/mean_scores": -0.06159263662993908,
    "ppo/std_scores": 0.0,
    "tokens/queries_len_mean": 216.25,
    "tokens/queries_len_std": 11.625808715820312,
    "tokens/responses_len_mean": 8.0,
    "tokens/responses_len_std": 0.0,
    "ppo/loss/policy": -0.01344902254641056,
    "ppo/loss/value": 2.33818981051445,
    "ppo/loss/total": 0.22036996483802795,
    "ppo/policy/entropy": 1.7433915734291077,
    "ppo/policy/approxkl": 0.0010610399331199005,
    "ppo/policy/policykl": 0.00810473645105958,
    "ppo/policy/clipfrac": 0.0,
    "ppo/policy/advantages_mean": -5.587935447692871e-09,
    "ppo/returns/mean": -0.8221960663795471,
    "ppo/returns/var": 5.84434175491333,
    "ppo/val/vpred": -0.8195935189723969,
    "ppo/val/error": 4.6763796210289,
    "ppo/val/clipfrac": 0.0,
    "ppo/val/mean": -0.8204587697982788,
    "ppo/val/var": 0.6396992579102516,
    "ppo/val/var_explained": 0.2007872462272644,
    "ppo/learning_rate": 5e-07,
    "time/ppo/forward_pass": 0.4083065986633301,
    "time/ppo/compute_rewards": 0.0008192658424377441,
    "time/ppo/compute_advantages": 0.017062842845916748,
    "time/ppo/optimize_step": 0.890509307384491,
    "time/ppo/calc_stats": 0.007110536098480225,
    "time/ppo/total": 1.3238996267318726,
    "mean_reward": 0.0,
    "mean_score": 0.0,
    "success_rate": 0.0,
    "num_samples": 17,
    "num_batches": 4,
    "total_valid_turns": 17,
    "total_invalid_turns": 13,
    "avg_valid_rate": 0.5625
  },
  "episodes_summary": [
    {
      "task_id": 190812556,
      "game_name": "liars_dice",
      "seed": 1642108536,
      "opponent": "mcts",
      "final_reward": 0.0,
      "total_turns": 2,
      "valid_turns": 1,
      "invalid_turns": 1,
      "valid_rate": 0.5
    },
    {
      "task_id": 108390949,
      "game_name": "liars_dice",
      "seed": 16269566,
      "opponent": "mcts",
      "final_reward": 0.0,
      "total_turns": 1,
      "valid_turns": 1,
      "invalid_turns": 0,
      "valid_rate": 1.0
    },
    {
      "task_id": 134979371,
      "game_name": "liars_dice",
      "seed": 1989412649,
      "opponent": "mcts",
      "final_reward": 0.0,
      "total_turns": 1,
      "valid_turns": 1,
      "invalid_turns": 0,
      "valid_rate": 1.0
    },
    {
      "task_id": 188026289,
      "game_name": "liars_dice",
      "seed": 1352019240,
      "opponent": "mcts",
      "final_reward": 0.0,
      "total_turns": 2,
      "valid_turns": 2,
      "invalid_turns": 0,
      "valid_rate": 1.0
    },
    {
      "task_id": 165078365,
      "game_name": "liars_dice",
      "seed": 590195829,
      "opponent": "mcts",
      "final_reward": 0.0,
      "total_turns": 1,
      "valid_turns": 0,
      "invalid_turns": 1,
      "valid_rate": 0.0
    },
    {
      "task_id": 192995247,
      "game_name": "liars_dice",
      "seed": 1514937256,
      "opponent": "mcts",
      "final_reward": 0.0,
      "total_turns": 2,
      "valid_turns": 0,
      "invalid_turns": 2,
      "valid_rate": 0.0
    },
    {
      "task_id": 111235334,
      "game_name": "liars_dice",
      "seed": 849103407,
      "opponent": "mcts",
      "final_reward": 0.0,
      "total_turns": 1,
      "valid_turns": 0,
      "invalid_turns": 1,
      "valid_rate": 0.0
    },
    {
      "task_id": 111089967,
      "game_name": "liars_dice",
      "seed": 1777490136,
      "opponent": "mcts",
      "final_reward": 0.0,
      "total_turns": 1,
      "valid_turns": 1,
      "invalid_turns": 0,
      "valid_rate": 1.0
    },
    {
      "task_id": 115487705,
      "game_name": "liars_dice",
      "seed": 1449271719,
      "opponent": "mcts",
      "final_reward": 0.0,
      "total_turns": 1,
      "valid_turns": 1,
      "invalid_turns": 0,
      "valid_rate": 1.0
    },
    {
      "task_id": 114442823,
      "game_name": "liars_dice",
      "seed": 2053474579,
      "opponent": "mcts",
      "final_reward": 0.0,
      "total_turns": 1,
      "valid_turns": 0,
      "invalid_turns": 1,
      "valid_rate": 0.0
    },
    {
      "task_id": 130966449,
      "game_name": "liars_dice",
      "seed": 1681389856,
      "opponent": "mcts",
      "final_reward": 0.0,
      "total_turns": 1,
      "valid_turns": 1,
      "invalid_turns": 0,
      "valid_rate": 1.0
    },
    {
      "task_id": 165053560,
      "game_name": "liars_dice",
      "seed": 73842887,
      "opponent": "mcts",
      "final_reward": 0.0,
      "total_turns": 1,
      "valid_turns": 0,
      "invalid_turns": 1,
      "valid_rate": 0.0
    },
    {
      "task_id": 126447591,
      "game_name": "liars_dice",
      "seed": 973621564,
      "opponent": "mcts",
      "final_reward": 0.0,
      "total_turns": 1,
      "valid_turns": 1,
      "invalid_turns": 0,
      "valid_rate": 1.0
    },
    {
      "task_id": 112289320,
      "game_name": "liars_dice",
      "seed": 2080968854,
      "opponent": "mcts",
      "final_reward": 0.0,
      "total_turns": 1,
      "valid_turns": 1,
      "invalid_turns": 0,
      "valid_rate": 1.0
    },
    {
      "task_id": 152433176,
      "game_name": "liars_dice",
      "seed": 745763940,
      "opponent": "mcts",
      "final_reward": 0.0,
      "total_turns": 1,
      "valid_turns": 1,
      "invalid_turns": 0,
      "valid_rate": 1.0
    },
    {
      "task_id": 135976217,
      "game_name": "liars_dice",
      "seed": 266199682,
      "opponent": "mcts",
      "final_reward": 0.0,
      "total_turns": 2,
      "valid_turns": 1,
      "invalid_turns": 1,
      "valid_rate": 0.5
    },
    {
      "task_id": 140507872,
      "game_name": "liars_dice",
      "seed": 424303613,
      "opponent": "mcts",
      "final_reward": 0.0,
      "total_turns": 1,
      "valid_turns": 1,
      "invalid_turns": 0,
      "valid_rate": 1.0
    },
    {
      "task_id": 109680345,
      "game_name": "liars_dice",
      "seed": 880533503,
      "opponent": "mcts",
      "final_reward": 0.0,
      "total_turns": 1,
      "valid_turns": 1,
      "invalid_turns": 0,
      "valid_rate": 1.0
    },
    {
      "task_id": 107411121,
      "game_name": "liars_dice",
      "seed": 2046771782,
      "opponent": "mcts",
      "final_reward": 0.0,
      "total_turns": 2,
      "valid_turns": 1,
      "invalid_turns": 1,
      "valid_rate": 0.5
    },
    {
      "task_id": 186580723,
      "game_name": "liars_dice",
      "seed": 419500717,
      "opponent": "mcts",
      "final_reward": 0.0,
      "total_turns": 1,
      "valid_turns": 0,
      "invalid_turns": 1,
      "valid_rate": 0.0
    },
    {
      "task_id": 134817813,
      "game_name": "liars_dice",
      "seed": 84256779,
      "opponent": "mcts",
      "final_reward": 0.0,
      "total_turns": 1,
      "valid_turns": 0,
      "invalid_turns": 1,
      "valid_rate": 0.0
    },
    {
      "task_id": 188026289,
      "game_name": "liars_dice",
      "seed": 144702491,
      "opponent": "mcts",
      "final_reward": 0.0,
      "total_turns": 1,
      "valid_turns": 0,
      "invalid_turns": 1,
      "valid_rate": 0.0
    },
    {
      "task_id": 163369755,
      "game_name": "liars_dice",
      "seed": 1507153132,
      "opponent": "mcts",
      "final_reward": 0.0,
      "total_turns": 1,
      "valid_turns": 0,
      "invalid_turns": 1,
      "valid_rate": 0.0
    },
    {
      "task_id": 132780934,
      "game_name": "liars_dice",
      "seed": 796599918,
      "opponent": "mcts",
      "final_reward": 0.0,
      "total_turns": 2,
      "valid_turns": 2,
      "invalid_turns": 0,
      "valid_rate": 1.0
    }
  ],
  "aggregated": {
    "total_valid_turns": 17,
    "total_invalid_turns": 13,
    "avg_valid_rate": 0.5625,
    "games_played": {
      "liars_dice": 24
    },
    "success_count": 0,
    "failure_count": 24,