{
  "step": 7,
  "timestamp": "2026-01-19T10:03:29.944015",
  "num_episodes": 39,
  "stats": {
    "objective/kl": 10.984924077987671,
    "objective/kl_coef": 0.050076765939593315,
    "objective/entropy": 87.33804130554199,
    "ppo/mean_non_score_reward": -0.06876097619533539,
    "ppo/mean_scores": -0.1381133757531643,
    "ppo/std_scores": 0.0,
    "tokens/queries_len_mean": 226.0625,
    "tokens/queries_len_std": 21.689359664916992,
    "tokens/responses_len_mean": 8.0,
    "tokens/responses_len_std": 0.0,
    "ppo/loss/policy": -0.0038381805643439293,
    "ppo/loss/value": 1.0820829272270203,
    "ppo/loss/total": 0.10437011532485485,
    "ppo/policy/entropy": 2.170748472213745,
    "ppo/policy/approxkl": 0.0006680575897917151,
    "ppo/policy/policykl": -0.0010234537185169756,
    "ppo/policy/clipfrac": 0.0,
    "ppo/policy/advantages_mean": 9.313225746154785e-09,
    "ppo/returns/mean": 0.4106922671198845,
    "ppo/returns/var": 1.1575840413570404,
    "ppo/val/vpred": 0.533552497625351,
    "ppo/val/error": 2.1641658544540405,
    "ppo/val/clipfrac": 0.0,
    "ppo/val/mean": 0.5327416807413101,
    "ppo/val/var": 0.7237492874264717,
    "ppo/val/var_explained": -0.8601028025150299,
    "ppo/learning_rate": 5e-07,
    "time/ppo/forward_pass": 0.41042816638946533,
    "time/ppo/compute_rewards": 0.0007938742637634277,
    "time/ppo/compute_advantages": 0.018030762672424316,
    "time/ppo/optimize_step": 0.9240126609802246,
    "time/ppo/calc_stats": 0.006932854652404785,
    "time/ppo/total": 1.360289216041565,
    "mean_reward": 0.0,
    "mean_score": 0.0,
    "success_rate": 0.0,
    "num_samples": 16,
    "num_batches": 4,
    "total_valid_turns": 16,
    "total_invalid_turns": 29,
    "avg_valid_rate": 0.3333333333333333
  },
  "episodes_summary": [
    {
      "task_id": 100033985,
      "game_name": "liars_dice",
      "seed": 1101984759,
      "opponent": "mcts",
      "final_reward": 0.0,
      "total_turns": 1,
      "valid_turns": 0,
      "invalid_turns": 1,
      "valid_rate": 0.0
    },
    {
      "task_id": 153476182,
      "game_name": "liars_dice",
      "seed": 1701816294,
      "opponent": "mcts",
      "final_reward": 0.0,
      "total_turns": 2,
      "valid_turns": 2,
      "invalid_turns": 0,
      "valid_rate": 1.0
    },
    {
      "task_id": 147489189,
      "game_name": "liars_dice",
      "seed": 1217178702,
      "opponent": "mcts",
      "final_reward": 0.0,
      "total_turns": 1,
      "valid_turns": 1,
      "invalid_turns": 0,
      "valid_rate": 1.0
    },
    {
      "task_id": 179914566,
      "game_name": "liars_dice",
      "seed": 366185641,
      "opponent": "mcts",
      "final_reward": 0.0,
      "total_turns": 1,
      "valid_turns": 0,
      "invalid_turns": 1,
      "valid_rate": 0.0
    },
    {
      "task_id": 111055915,
      "game_name": "liars_dice",
      "seed": 1127372189,
      "opponent": "mcts",
      "final_reward": 0.0,
      "total_turns": 1,
      "valid_turns": 0,
      "invalid_turns": 1,
      "valid_rate": 0.0
    },
    {
      "task_id": 115862498,
      "game_name": "liars_dice",
      "seed": 1069648896,
      "opponent": "mcts",
      "final_reward": 0.0,
      "total_turns": 2,
      "valid_turns": 0,
      "invalid_turns": 2,
      "valid_rate": 0.0
    },
    {
      "task_id": 109139283,
      "game_name": "liars_dice",
      "seed": 1781682995,
      "opponent": "mcts",
      "final_reward": 0.0,
      "total_turns": 1,
      "valid_turns": 0,
      "invalid_turns": 1,
      "valid_rate": 0.0
    },
    {
      "task_id": 169770952,
      "game_name": "liars_dice",
      "seed": 577331751,
      "opponent": "mcts",
      "final_reward": 0.0,
      "total_turns": 1,
      "valid_turns": 0,
      "invalid_turns": 1,
      "valid_rate": 0.0
    },
    {
      "task_id": 171320053,
      "game_name": "liars_dice",
      "seed": 452287526,
      "opponent": "mcts",
      "final_reward": 0.0,
      "total_turns": 2,
      "valid_turns": 1,
      "invalid_turns": 1,
      "valid_rate": 0.5
    },
    {
      "task_id": 199512655,
      "game_name": "liars_dice",
      "seed": 1196640594,
      "opponent": "mcts",
      "final_reward": 0.0,
      "total_turns": 1,
      "valid_turns": 1,
      "invalid_turns": 0,
      "valid_rate": 1.0
    },
    {
      "task_id": 122236518,
      "game_name": "liars_dice",
      "seed": 1596887399,
      "opponent": "mcts",
      "final_reward": 0.0,
      "total_turns": 1,
      "valid_turns": 0,
      "invalid_turns": 1,
      "valid_rate": 0.0
    },
    {
      "task_id": 121081574,
      "game_name": "liars_dice",
      "seed": 529561813,
      "opponent": "mcts",
      "final_reward": 0.0,
      "total_turns": 1,
      "valid_turns": 0,
      "invalid_turns": 1,
      "valid_rate": 0.0
    },
    {
      "task_id": 153850372,
      "game_name": "liars_dice",
      "seed": 2009799207,
      "opponent": "mcts",
      "final_reward": 0.0,
      "total_turns": 1,
      "valid_turns": 0,
      "invalid_turns": 1,
      "valid_rate": 0.0
    },
    {
      "task_id": 108906571,
      "game_name": "liars_dice",
      "seed": 1284028888,
      "opponent": "mcts",
      "final_reward": 0.0,
      "total_turns": 1,
      "valid_turns": 1,
      "invalid_turns": 0,
      "valid_rate": 1.0
    },
    {
      "task_id": 199635922,
      "game_name": "liars_dice",
      "seed": 1782872720,
      "opponent": "mcts",
      "final_reward": 0.0,
      "total_turns": 1,
      "valid_turns": 0,
      "invalid_turns": 1,
      "valid_rate": 0.0
    },
    {
      "task_id": 171109580,
      "game_name": "liars_dice",
      "seed": 2099629819,
      "opponent": "mcts",
      "final_reward": 0.0,
      "total_turns": 1,
      "valid_turns": 0,
      "invalid_turns": 1,
      "valid_rate": 0.0
    },
    {
      "task_id": 166131725,
      "game_name": "liars_dice",
      "seed": 258651995,
      "opponent": "mcts",
      "final_reward": 0.0,
      "total_turns": 1,
      "valid_turns": 0,
      "invalid_turns": 1,
      "valid_rate": 0.0
    },
    {
      "task_id": 166507989,
      "game_name": "liars_dice",
      "seed": 225081520,
      "opponent": "mcts",
      "final_reward": 0.0,
      "total_turns": 2,
      "valid_turns": 1,
      "invalid_turns": 1,
      "valid_rate": 0.5
    },
    {
      "task_id": 103428833,
      "game_name": "liars_dice",
      "seed": 1526437221,
      "opponent": "mcts",
      "final_reward": 0.0,
      "total_turns": 1,
      "valid_turns": 0,
      "invalid_turns": 1,
      "valid_rate": 0.0
    },
    {
      "task_id": 170709659,
      "game_name": "liars_dice",
      "seed": 285429891,
      "opponent": "mcts",
      "final_reward": 0.0,
      "total_turns": 1,
      "valid_turns": 0,
      "invalid_turns": 1,
      "valid_rate": 0.0
    },
    {
      "task_id": 192113159,
      "game_name": "liars_dice",
      "seed": 1697007969,
      "opponent": "mcts",
      "final_reward": 0.0,
      "total_turns": 1,
      "valid_turns": 1,
      "invalid_turns": 0,
      "valid_rate": 1.0
    },
    {
      "task_id": 171109580,
      "game_name": "liars_dice",
      "seed": 176857572,
      "opponent": "mcts",
      "final_reward": 0.0,
      "total_turns": 1,
      "valid_turns": 1,
      "invalid_turns": 0,
      "valid_rate": 1.0
    },
    {
      "task_id": 173046040,
      "game_name": "liars_dice",
      "seed": 16064756,
      "opponent": "mcts",
      "final_reward": 0.0,
      "total_turns": 1,
      "valid_turns": 1,
      "invalid_turns": 0,
      "valid_rate": 1.0
    },
    {
      "task_id": 197589703,
      "game_name": "liars_dice",
      "seed": 973613345,
      "opponent": "mcts",
      "final_reward": 0.0,
      "total_turns": 1,
      "valid_turns": 0,
      "invalid_turns": 1,
      "valid_rate": 0.0
    },
    {
      "task_id": 105433721,
      "game_name": "liars_dice",
      "seed": 1236624635,
      "opponent": "mcts",
      "final_reward": 0.0,
      "total_turns": 1,
      "valid_turns": 0,