{
  "step": 93,
  "timestamp": "2026-01-19T10:59:38.612119",
  "num_episodes": 22,
  "stats": {
    "objective/kl": 55.91740608215332,
    "objective/kl_coef": 0.05057303234934807,
    "objective/entropy": 136.9127655029297,
    "ppo/mean_non_score_reward": -0.3534916304051876,
    "ppo/mean_scores": -0.06373623758554459,
    "ppo/std_scores": 0.0,
    "tokens/queries_len_mean": 222.125,
    "tokens/queries_len_std": 20.86046028137207,
    "tokens/responses_len_mean": 8.0,
    "tokens/responses_len_std": 0.0,
    "ppo/loss/policy": -0.01572604989632964,
    "ppo/loss/value": 2.1845017075538635,
    "ppo/loss/total": 0.2027241215109825,
    "ppo/policy/entropy": 2.1406560838222504,
    "ppo/policy/approxkl": 0.002291504613822326,
    "ppo/policy/policykl": 0.012047087773680687,
    "ppo/policy/clipfrac": 0.03125,
    "ppo/policy/advantages_mean": 3.4924596548080444e-09,
    "ppo/returns/mean": -1.0329012870788574,
    "ppo/returns/var": 5.7741698026657104,
    "ppo/val/vpred": -1.1342626810073853,
    "ppo/val/error": 4.369003415107727,
    "ppo/val/clipfrac": 0.0,
    "ppo/val/mean": -1.1313420236110687,
    "ppo/val/var": 0.652660608291626,
    "ppo/val/var_explained": 0.24931949377059937,
    "ppo/learning_rate": 5e-07,
    "time/ppo/forward_pass": 0.44099879264831543,
    "time/ppo/compute_rewards": 0.0009334683418273926,
    "time/ppo/compute_advantages": 0.021703064441680908,
    "time/ppo/optimize_step": 0.9316025972366333,
    "time/ppo/calc_stats": 0.01068800687789917,
    "time/ppo/total": 1.4060224294662476,
    "mean_reward": 0.0,
    "mean_score": 0.0,
    "success_rate": 0.0,
    "num_samples": 16,
    "num_batches": 4,
    "total_valid_turns": 16,
    "total_invalid_turns": 16,
    "avg_valid_rate": 0.4772727272727273
  },
  "episodes_summary": [
    {
      "task_id": 142533884,
      "game_name": "liars_dice",
      "seed": 384268576,
      "opponent": "mcts",
      "final_reward": 0.0,
      "total_turns": 1,
      "valid_turns": 1,
      "invalid_turns": 0,
      "valid_rate": 1.0
    },
    {
      "task_id": 107342882,
      "game_name": "liars_dice",
      "seed": 424556211,
      "opponent": "mcts",
      "final_reward": 0.0,
      "total_turns": 1,
      "valid_turns": 0,
      "invalid_turns": 1,
      "valid_rate": 0.0
    },
    {
      "task_id": 167089418,
      "game_name": "liars_dice",
      "seed": 1676527584,
      "opponent": "mcts",
      "final_reward": 0.0,
      "total_turns": 1,
      "valid_turns": 0,
      "invalid_turns": 1,
      "valid_rate": 0.0
    },
    {
      "task_id": 166787184,
      "game_name": "liars_dice",
      "seed": 1470601432,
      "opponent": "mcts",
      "final_reward": 0.0,
      "total_turns": 2,
      "valid_turns": 2,
      "invalid_turns": 0,
      "valid_rate": 1.0
    },
    {
      "task_id": 117710846,
      "game_name": "liars_dice",
      "seed": 1925679769,
      "opponent": "mcts",
      "final_reward": 0.0,
      "total_turns": 1,
      "valid_turns": 0,
      "invalid_turns": 1,
      "valid_rate": 0.0
    },
    {
      "task_id": 154287945,
      "game_name": "liars_dice",
      "seed": 1466044109,
      "opponent": "mcts",
      "final_reward": 0.0,
      "total_turns": 1,
      "valid_turns": 0,
      "invalid_turns": 1,
      "valid_rate": 0.0
    },
    {
      "task_id": 186293447,
      "game_name": "liars_dice",
      "seed": 1469514925,
      "opponent": "mcts",
      "final_reward": 0.0,
      "total_turns": 1,
      "valid_turns": 0,
      "invalid_turns": 1,
      "valid_rate": 0.0
    },
    {
      "task_id": 104989475,
      "game_name": "liars_dice",
      "seed": 1748821660,
      "opponent": "mcts",
      "final_reward": 0.0,
      "total_turns": 2,
      "valid_turns": 1,
      "invalid_turns": 1,
      "valid_rate": 0.5
    },
    {
      "task_id": 162626569,
      "game_name": "liars_dice",
      "seed": 1997565205,
      "opponent": "mcts",
      "final_reward": 0.0,
      "total_turns": 1,
      "valid_turns": 1,
      "invalid_turns": 0,
      "valid_rate": 1.0
    },
    {
      "task_id": 140507872,
      "game_name": "liars_dice",
      "seed": 55642537,
      "opponent": "mcts",
      "final_reward": 0.0,
      "total_turns": 1,
      "valid_turns": 0,
      "invalid_turns": 1,
      "valid_rate": 0.0
    },
    {
      "task_id": 172988432,
      "game_name": "liars_dice",
      "seed": 326858034,
      "opponent": "mcts",
      "final_reward": 0.0,
      "total_turns": 2,
      "valid_turns": 0,
      "invalid_turns": 2,
      "valid_rate": 0.0
    },
    {
      "task_id": 159632583,
      "game_name": "liars_dice",
      "seed": 385570956,
      "opponent": "mcts",
      "final_reward": 0.0,
      "total_turns": 2,
      "valid_turns": 1,
      "invalid_turns": 1,
      "valid_rate": 0.5
    },
    {
      "task_id": 159196284,
      "game_name": "liars_dice",
      "seed": 1032501336,
      "opponent": "mcts",
      "final_reward": 0.0,
      "total_turns": 2,
      "valid_turns": 1,
      "invalid_turns": 1,
      "valid_rate": 0.5
    },
    {
      "task_id": 182418110,
      "game_name": "liars_dice",
      "seed": 462736240,
      "opponent": "mcts",
      "final_reward": 0.0,
      "total_turns": 1,
      "valid_turns": 1,
      "invalid_turns": 0,
      "valid_rate": 1.0
    },
    {
      "task_id": 165078365,
      "game_name": "liars_dice",
      "seed": 251587292,
      "opponent": "mcts",
      "final_reward": 0.0,
      "total_turns": 2,
      "valid_turns": 2,
      "invalid_turns": 0,
      "valid_rate": 1.0
    },
    {
      "task_id": 167438153,
      "game_name": "liars_dice",
      "seed": 668761501,
      "opponent": "mcts",
      "final_reward": 0.0,
      "total_turns": 1,
      "valid_turns": 0,
      "invalid_turns": 1,
      "valid_rate": 0.0
    },
    {
      "task_id": 195131669,
      "game_name": "liars_dice",
      "seed": 2056154977,
      "opponent": "mcts",
      "final_reward": 0.0,
      "total_turns": 1,
      "valid_turns": 1,
      "invalid_turns": 0,
      "valid_rate": 1.0
    },
    {
      "task_id": 166411759,
      "game_name": "liars_dice",
      "seed": 1863874567,
      "opponent": "mcts",
      "final_reward": 0.0,
      "total_turns": 1,
      "valid_turns": 1,
      "invalid_turns": 0,
      "valid_rate": 1.0
    },
    {
      "task_id": 109927255,
      "game_name": "liars_dice",
      "seed": 170133358,
      "opponent": "mcts",
      "final_reward": 0.0,
      "total_turns": 2,
      "valid_turns": 1,
      "invalid_turns": 1,
      "valid_rate": 0.5
    },
    {
      "task_id": 136767700,
      "game_name": "liars_dice",
      "seed": 95052538,
      "opponent": "mcts",
      "final_reward": 0.0,
      "total_turns": 2,
      "valid_turns": 1,
      "invalid_turns": 1,
      "valid_rate": 0.5
    },
    {
      "task_id": 122996192,
      "game_name": "liars_dice",
      "seed": 288680588,
      "opponent": "mcts",
      "final_reward": 0.0,
      "total_turns": 2,
      "valid_turns": 1,
      "invalid_turns": 1,
      "valid_rate": 0.5
    },
    {
      "task_id": 126731093,
      "game_name": "liars_dice",
      "seed": 1722475012,
      "opponent": "mcts",
      "final_reward": 0.0,
      "total_turns": 2,
      "valid_turns": 1,
      "invalid_turns": 1,
      "valid_rate": 0.5
    }
  ],
  "aggregated": {
    "total_valid_turns": 16,
    "total_invalid_turns": 16,
    "avg_valid_rate": 0.4772727272727273,
    "games_played": {
      "liars_dice": 22
    },
    "success_count": 0,
    "failure_count": 22,
    "success_rate": 0.0
  }
}