{
  "step": 54,
  "timestamp": "2026-01-19T10:35:13.055474",
  "num_episodes": 22,
  "stats": {
    "objective/kl": 4.815406084060669,
    "objective/kl_coef": 0.05000578798353672,
    "objective/entropy": 77.85491180419922,
    "ppo/mean_non_score_reward": -0.030099951662123203,
    "ppo/mean_scores": -0.07651753909885883,
    "ppo/std_scores": 0.0,
    "tokens/queries_len_mean": 215.375,
    "tokens/queries_len_std": 11.780898094177246,
    "tokens/responses_len_mean": 8.0,
    "tokens/responses_len_std": 0.0,
    "ppo/loss/policy": -0.004757602699100971,
    "ppo/loss/value": 2.2013352513313293,
    "ppo/loss/total": 0.21537592820823193,
    "ppo/policy/entropy": 1.4041982293128967,
    "ppo/policy/approxkl": 0.0007662999560125172,
    "ppo/policy/policykl": 0.0025781463482417166,
    "ppo/policy/clipfrac": 0.0078125,
    "ppo/policy/advantages_mean": 2.7939677238464355e-09,
    "ppo/returns/mean": -0.638833299279213,
    "ppo/returns/var": 3.650871992111206,
    "ppo/val/vpred": -0.24656345695257187,
    "ppo/val/error": 4.402670502662659,
    "ppo/val/clipfrac": 0.0,
    "ppo/val/mean": -0.24533645063638687,
    "ppo/val/var": 0.4079263061285019,
    "ppo/val/var_explained": -0.24149128794670105,
    "ppo/learning_rate": 5e-07,
    "time/ppo/forward_pass": 0.4067031741142273,
    "time/ppo/compute_rewards": 0.0008181333541870117,
    "time/ppo/compute_advantages": 0.016979992389678955,
    "time/ppo/optimize_step": 0.8919286727905273,
    "time/ppo/calc_stats": 0.006476461887359619,
    "time/ppo/total": 1.3229982256889343,
    "mean_reward": 0.0,
    "mean_score": 0.0,
    "success_rate": 0.0,
    "num_samples": 16,
    "num_batches": 4,
    "total_valid_turns": 16,
    "total_invalid_turns": 10,
    "avg_valid_rate": 0.6136363636363636
  },
  "episodes_summary": [
    {
      "task_id": 135560974,
      "game_name": "liars_dice",
      "seed": 37039356,
      "opponent": "mcts",
      "final_reward": 0.0,
      "total_turns": 1,
      "valid_turns": 1,
      "invalid_turns": 0,
      "valid_rate": 1.0
    },
    {
      "task_id": 103330206,
      "game_name": "liars_dice",
      "seed": 699375127,
      "opponent": "mcts",
      "final_reward": 0.0,
      "total_turns": 1,
      "valid_turns": 0,
      "invalid_turns": 1,
      "valid_rate": 0.0
    },
    {
      "task_id": 157118249,
      "game_name": "liars_dice",
      "seed": 1430792677,
      "opponent": "mcts",
      "final_reward": 0.0,
      "total_turns": 1,
      "valid_turns": 0,
      "invalid_turns": 1,
      "valid_rate": 0.0
    },
    {
      "task_id": 105452944,
      "game_name": "liars_dice",
      "seed": 1146649534,
      "opponent": "mcts",
      "final_reward": 0.0,
      "total_turns": 2,
      "valid_turns": 1,
      "invalid_turns": 1,
      "valid_rate": 0.5
    },
    {
      "task_id": 111570868,
      "game_name": "liars_dice",
      "seed": 152183619,
      "opponent": "mcts",
      "final_reward": 0.0,
      "total_turns": 1,
      "valid_turns": 0,
      "invalid_turns": 1,
      "valid_rate": 0.0
    },
    {
      "task_id": 135623798,
      "game_name": "liars_dice",
      "seed": 1016140240,
      "opponent": "mcts",
      "final_reward": 0.0,
      "total_turns": 2,
      "valid_turns": 1,
      "invalid_turns": 1,
      "valid_rate": 0.5
    },
    {
      "task_id": 168327353,
      "game_name": "liars_dice",
      "seed": 1426754011,
      "opponent": "mcts",
      "final_reward": 0.0,
      "total_turns": 1,
      "valid_turns": 1,
      "invalid_turns": 0,
      "valid_rate": 1.0
    },
    {
      "task_id": 165291627,
      "game_name": "liars_dice",
      "seed": 1059853673,
      "opponent": "mcts",
      "final_reward": 0.0,
      "total_turns": 1,
      "valid_turns": 0,
      "invalid_turns": 1,
      "valid_rate": 0.0
    },
    {
      "task_id": 119739356,
      "game_name": "liars_dice",
      "seed": 831486889,
      "opponent": "mcts",
      "final_reward": 0.0,
      "total_turns": 1,
      "valid_turns": 1,
      "invalid_turns": 0,
      "valid_rate": 1.0
    },
    {
      "task_id": 197866520,
      "game_name": "liars_dice",
      "seed": 56891406,
      "opponent": "mcts",
      "final_reward": 0.0,
      "total_turns": 1,
      "valid_turns": 0,
      "invalid_turns": 1,
      "valid_rate": 0.0
    },
    {
      "task_id": 159296744,
      "game_name": "liars_dice",
      "seed": 1185940654,
      "opponent": "mcts",
      "final_reward": 0.0,
      "total_turns": 2,
      "valid_turns": 2,
      "invalid_turns": 0,
      "valid_rate": 1.0
    },
    {
      "task_id": 151138963,
      "game_name": "liars_dice",
      "seed": 2004723193,
      "opponent": "mcts",
      "final_reward": 0.0,
      "total_turns": 1,
      "valid_turns": 1,
      "invalid_turns": 0,
      "valid_rate": 1.0
    },
    {
      "task_id": 105164537,
      "game_name": "liars_dice",
      "seed": 717849492,
      "opponent": "mcts",
      "final_reward": 0.0,
      "total_turns": 1,
      "valid_turns": 1,
      "invalid_turns": 0,
      "valid_rate": 1.0
    },
    {
      "task_id": 170013081,
      "game_name": "liars_dice",
      "seed": 1715679919,
      "opponent": "mcts",
      "final_reward": 0.0,
      "total_turns": 1,
      "valid_turns": 1,
      "invalid_turns": 0,
      "valid_rate": 1.0
    },
    {
      "task_id": 103504367,
      "game_name": "liars_dice",
      "seed": 1985001301,
      "opponent": "mcts",
      "final_reward": 0.0,
      "total_turns": 1,
      "valid_turns": 0,
      "invalid_turns": 1,
      "valid_rate": 0.0
    },
    {
      "task_id": 134750268,
      "game_name": "liars_dice",
      "seed": 1619315196,
      "opponent": "mcts",
      "final_reward": 0.0,
      "total_turns": 1,
      "valid_turns": 1,
      "invalid_turns": 0,
      "valid_rate": 1.0
    },
    {
      "task_id": 156070961,
      "game_name": "liars_dice",
      "seed": 1933730498,
      "opponent": "mcts",
      "final_reward": 0.0,
      "total_turns": 2,
      "valid_turns": 1,
      "invalid_turns": 1,
      "valid_rate": 0.5
    },
    {
      "task_id": 129013208,
      "game_name": "liars_dice",
      "seed": 472439189,
      "opponent": "mcts",
      "final_reward": 0.0,
      "total_turns": 1,
      "valid_turns": 0,
      "invalid_turns": 1,
      "valid_rate": 0.0
    },
    {
      "task_id": 170274354,
      "game_name": "liars_dice",
      "seed": 934623919,
      "opponent": "mcts",
      "final_reward": 0.0,
      "total_turns": 1,
      "valid_turns": 1,
      "invalid_turns": 0,
      "valid_rate": 1.0
    },
    {
      "task_id": 143179946,
      "game_name": "liars_dice",
      "seed": 1190909772,
      "opponent": "mcts",
      "final_reward": 0.0,
      "total_turns": 1,
      "valid_turns": 1,
      "invalid_turns": 0,
      "valid_rate": 1.0
    },
    {
      "task_id": 154559887,
      "game_name": "liars_dice",
      "seed": 255005468,
      "opponent": "mcts",
      "final_reward": 0.0,
      "total_turns": 1,
      "valid_turns": 1,
      "invalid_turns": 0,
      "valid_rate": 1.0
    },
    {
      "task_id": 111626458,
      "game_name": "liars_dice",
      "seed": 796654484,
      "opponent": "mcts",
      "final_reward": 0.0,
      "total_turns": 1,
      "valid_turns": 1,
      "invalid_turns": 0,
      "valid_rate": 1.0
    }
  ],
  "aggregated": {
    "total_valid_turns": 16,
    "total_invalid_turns": 10,
    "avg_valid_rate": 0.6136363636363636,
    "games_played": {
      "liars_dice": 22
    },
    "success_count": 0,
    "failure_count": 22,
    "success_rate": 0.0
  }
}