{
  "step": 73,
  "timestamp": "2026-01-19T10:47:08.545063",
  "num_episodes": 17,
  "stats": {
    "objective/kl": 25.105679750442505,
    "objective/kl_coef": 0.0502504538744688,
    "objective/entropy": 91.07432746887207,
    "ppo/mean_non_score_reward": -0.15769264101982117,
    "ppo/mean_scores": -0.06571021489799023,
    "ppo/std_scores": 0.0,
    "tokens/queries_len_mean": 220.875,
    "tokens/queries_len_std": 17.240721702575684,
    "tokens/responses_len_mean": 8.0,
    "tokens/responses_len_std": 0.0,
    "ppo/loss/policy": -0.012547952122986317,
    "ppo/loss/value": 1.8427729308605194,
    "ppo/loss/total": 0.17172934114933014,
    "ppo/policy/entropy": 1.291607990860939,
    "ppo/policy/approxkl": 0.0015440741262864321,
    "ppo/policy/policykl": 0.01457591203507036,
    "ppo/policy/clipfrac": 0.0078125,
    "ppo/policy/advantages_mean": -1.0244548320770264e-08,
    "ppo/returns/mean": -0.37432553991675377,
    "ppo/returns/var": 4.078843474388123,
    "ppo/val/vpred": -0.616350881755352,
    "ppo/val/error": 3.685545861721039,
    "ppo/val/clipfrac": 0.0,
    "ppo/val/mean": -0.6145163848996162,
    "ppo/val/var": 0.2997054271399975,
    "ppo/val/var_explained": 0.1026725172996521,
    "ppo/learning_rate": 5e-07,
    "time/ppo/forward_pass": 0.4115501642227173,
    "time/ppo/compute_rewards": 0.0008177757263183594,
    "time/ppo/compute_advantages": 0.01804298162460327,
    "time/ppo/optimize_step": 0.9140477180480957,
    "time/ppo/calc_stats": 0.010508835315704346,
    "time/ppo/total": 1.3550592064857483,
    "mean_reward": 0.0,
    "mean_score": 0.0,
    "success_rate": 0.0,
    "num_samples": 16,
    "num_batches": 4,
    "total_valid_turns": 16,
    "total_invalid_turns": 8,
    "avg_valid_rate": 0.6764705882352942
  },
  "episodes_summary": [
    {
      "task_id": 139051915,
      "game_name": "liars_dice",
      "seed": 1382877036,
      "opponent": "mcts",
      "final_reward": 0.0,
      "total_turns": 2,
      "valid_turns": 1,
      "invalid_turns": 1,
      "valid_rate": 0.5
    },
    {
      "task_id": 136663201,
      "game_name": "liars_dice",
      "seed": 1418123734,
      "opponent": "mcts",
      "final_reward": 0.0,
      "total_turns": 2,
      "valid_turns": 2,
      "invalid_turns": 0,
      "valid_rate": 1.0
    },
    {
      "task_id": 107538604,
      "game_name": "liars_dice",
      "seed": 353245248,
      "opponent": "mcts",
      "final_reward": 0.0,
      "total_turns": 2,
      "valid_turns": 1,
      "invalid_turns": 1,
      "valid_rate": 0.5
    },
    {
      "task_id": 105068147,
      "game_name": "liars_dice",
      "seed": 167852678,
      "opponent": "mcts",
      "final_reward": 0.0,
      "total_turns": 2,
      "valid_turns": 1,
      "invalid_turns": 1,
      "valid_rate": 0.5
    },
    {
      "task_id": 107039344,
      "game_name": "liars_dice",
      "seed": 1297981392,
      "opponent": "mcts",
      "final_reward": 0.0,
      "total_turns": 1,
      "valid_turns": 1,
      "invalid_turns": 0,
      "valid_rate": 1.0
    },
    {
      "task_id": 180639722,
      "game_name": "liars_dice",
      "seed": 957732202,
      "opponent": "mcts",
      "final_reward": 0.0,
      "total_turns": 1,
      "valid_turns": 1,
      "invalid_turns": 0,
      "valid_rate": 1.0
    },
    {
      "task_id": 174192581,
      "game_name": "liars_dice",
      "seed": 922428002,
      "opponent": "mcts",
      "final_reward": 0.0,
      "total_turns": 1,
      "valid_turns": 0,
      "invalid_turns": 1,
      "valid_rate": 0.0
    },
    {
      "task_id": 182747036,
      "game_name": "liars_dice",
      "seed": 1922677589,
      "opponent": "mcts",
      "final_reward": 0.0,
      "total_turns": 1,
      "valid_turns": 0,
      "invalid_turns": 1,
      "valid_rate": 0.0
    },
    {
      "task_id": 110839645,
      "game_name": "liars_dice",
      "seed": 1133789944,
      "opponent": "mcts",
      "final_reward": 0.0,
      "total_turns": 1,
      "valid_turns": 1,
      "invalid_turns": 0,
      "valid_rate": 1.0
    },
    {
      "task_id": 144015490,
      "game_name": "liars_dice",
      "seed": 1414095161,
      "opponent": "mcts",
      "final_reward": 0.0,
      "total_turns": 1,
      "valid_turns": 0,
      "invalid_turns": 1,
      "valid_rate": 0.0
    },
    {
      "task_id": 180514265,
      "game_name": "liars_dice",
      "seed": 1865892524,
      "opponent": "mcts",
      "final_reward": 0.0,
      "total_turns": 1,
      "valid_turns": 1,
      "invalid_turns": 0,
      "valid_rate": 1.0
    },
    {
      "task_id": 184443052,
      "game_name": "liars_dice",
      "seed": 74740020,
      "opponent": "mcts",
      "final_reward": 0.0,
      "total_turns": 2,
      "valid_turns": 1,
      "invalid_turns": 1,
      "valid_rate": 0.5
    },
    {
      "task_id": 119447533,
      "game_name": "liars_dice",
      "seed": 1351653713,
      "opponent": "mcts",
      "final_reward": 0.0,
      "total_turns": 1,
      "valid_turns": 1,
      "invalid_turns": 0,
      "valid_rate": 1.0
    },
    {
      "task_id": 144964705,
      "game_name": "liars_dice",
      "seed": 566693847,
      "opponent": "mcts",
      "final_reward": 0.0,
      "total_turns": 1,
      "valid_turns": 1,
      "invalid_turns": 0,
      "valid_rate": 1.0
    },
    {
      "task_id": 181213420,
      "game_name": "liars_dice",
      "seed": 552866836,
      "opponent": "mcts",
      "final_reward": 0.0,
      "total_turns": 2,
      "valid_turns": 2,
      "invalid_turns": 0,
      "valid_rate": 1.0
    },
    {
      "task_id": 159756200,
      "game_name": "liars_dice",
      "seed": 1895119256,
      "opponent": "mcts",
      "final_reward": 0.0,
      "total_turns": 1,
      "valid_turns": 1,
      "invalid_turns": 0,
      "valid_rate": 1.0
    },
    {
      "task_id": 111494621,
      "game_name": "liars_dice",
      "seed": 1021216516,
      "opponent": "mcts",
      "final_reward": 0.0,
      "total_turns": 2,
      "valid_turns": 1,
      "invalid_turns": 1,
      "valid_rate": 0.5
    }
  ],
  "aggregated": {
    "total_valid_turns": 16,
    "total_invalid_turns": 8,
    "avg_valid_rate": 0.6764705882352942,
    "games_played": {
      "liars_dice": 17
    },
    "success_count": 0,
    "failure_count": 17,
    "success_rate": 0.0
  }
}