{
  "step": 64,
  "timestamp": "2026-01-19T10:41:26.375664",
  "num_episodes": 23,
  "stats": {
    "objective/kl": 21.624008178710938,
    "objective/kl_coef": 0.0501139797270298,
    "objective/entropy": 108.96734428405762,
    "ppo/mean_non_score_reward": -0.13545379973948002,
    "ppo/mean_scores": -0.07022134400904179,
    "ppo/std_scores": 0.0,
    "tokens/queries_len_mean": 228.3125,
    "tokens/queries_len_std": 19.502314567565918,
    "tokens/responses_len_mean": 8.0,
    "tokens/responses_len_std": 0.0,
    "ppo/loss/policy": -0.01087226066738367,
    "ppo/loss/value": 2.22709921002388,
    "ppo/loss/total": 0.21183766797184944,
    "ppo/policy/entropy": 1.5110768973827362,
    "ppo/policy/approxkl": 0.0017801947833504528,
    "ppo/policy/policykl": 0.005641332361847162,
    "ppo/policy/clipfrac": 0.01171875,
    "ppo/policy/advantages_mean": -5.587935447692871e-09,
    "ppo/returns/mean": -0.4912690371274948,
    "ppo/returns/var": 4.488091170787811,
    "ppo/val/vpred": -0.2991679273545742,
    "ppo/val/error": 4.45419842004776,
    "ppo/val/clipfrac": 0.0,
    "ppo/val/mean": -0.29860320687294006,
    "ppo/val/var": 0.3411690816283226,
    "ppo/val/var_explained": 0.006480515003204346,
    "ppo/learning_rate": 5e-07,
    "time/ppo/forward_pass": 0.4094647765159607,
    "time/ppo/compute_rewards": 0.0008078813552856445,
    "time/ppo/compute_advantages": 0.018197238445281982,
    "time/ppo/optimize_step": 0.9274830222129822,
    "time/ppo/calc_stats": 0.010971903800964355,
    "time/ppo/total": 1.3670173287391663,
    "mean_reward": 0.0,
    "mean_score": 0.0,
    "success_rate": 0.0,
    "num_samples": 16,
    "num_batches": 4,
    "total_valid_turns": 16,
    "total_invalid_turns": 13,
    "avg_valid_rate": 0.5
  },
  "episodes_summary": [
    {
      "task_id": 166085280,
      "game_name": "liars_dice",
      "seed": 1618088378,
      "opponent": "mcts",
      "final_reward": 0.0,
      "total_turns": 1,
      "valid_turns": 1,
      "invalid_turns": 0,
      "valid_rate": 1.0
    },
    {
      "task_id": 185576856,
      "game_name": "liars_dice",
      "seed": 1596132973,
      "opponent": "mcts",
      "final_reward": 0.0,
      "total_turns": 1,
      "valid_turns": 0,
      "invalid_turns": 1,
      "valid_rate": 0.0
    },
    {
      "task_id": 184095636,
      "game_name": "liars_dice",
      "seed": 1393675092,
      "opponent": "mcts",
      "final_reward": 0.0,
      "total_turns": 1,
      "valid_turns": 0,
      "invalid_turns": 1,
      "valid_rate": 0.0
    },
    {
      "task_id": 115873580,
      "game_name": "liars_dice",
      "seed": 625384225,
      "opponent": "mcts",
      "final_reward": 0.0,
      "total_turns": 1,
      "valid_turns": 0,
      "invalid_turns": 1,
      "valid_rate": 0.0
    },
    {
      "task_id": 170707692,
      "game_name": "liars_dice",
      "seed": 1505081251,
      "opponent": "mcts",
      "final_reward": 0.0,
      "total_turns": 1,
      "valid_turns": 0,
      "invalid_turns": 1,
      "valid_rate": 0.0
    },
    {
      "task_id": 191486168,
      "game_name": "liars_dice",
      "seed": 587108989,
      "opponent": "mcts",
      "final_reward": 0.0,
      "total_turns": 1,
      "valid_turns": 0,
      "invalid_turns": 1,
      "valid_rate": 0.0
    },
    {
      "task_id": 120586472,
      "game_name": "liars_dice",
      "seed": 401497378,
      "opponent": "mcts",
      "final_reward": 0.0,
      "total_turns": 1,
      "valid_turns": 1,
      "invalid_turns": 0,
      "valid_rate": 1.0
    },
    {
      "task_id": 174533728,
      "game_name": "liars_dice",
      "seed": 943792106,
      "opponent": "mcts",
      "final_reward": 0.0,
      "total_turns": 2,
      "valid_turns": 1,
      "invalid_turns": 1,
      "valid_rate": 0.5
    },
    {
      "task_id": 197770919,
      "game_name": "liars_dice",
      "seed": 1673496904,
      "opponent": "mcts",
      "final_reward": 0.0,
      "total_turns": 1,
      "valid_turns": 1,
      "invalid_turns": 0,
      "valid_rate": 1.0
    },
    {
      "task_id": 193823151,
      "game_name": "liars_dice",
      "seed": 2018719754,
      "opponent": "mcts",
      "final_reward": 0.0,
      "total_turns": 2,
      "valid_turns": 1,
      "invalid_turns": 1,
      "valid_rate": 0.5
    },
    {
      "task_id": 184406472,
      "game_name": "liars_dice",
      "seed": 870095607,
      "opponent": "mcts",
      "final_reward": 0.0,
      "total_turns": 1,
      "valid_turns": 0,
      "invalid_turns": 1,
      "valid_rate": 0.0
    },
    {
      "task_id": 102775463,
      "game_name": "liars_dice",
      "seed": 1770358170,
      "opponent": "mcts",
      "final_reward": 0.0,
      "total_turns": 1,
      "valid_turns": 1,
      "invalid_turns": 0,
      "valid_rate": 1.0
    },
    {
      "task_id": 114139237,
      "game_name": "liars_dice",
      "seed": 344967500,
      "opponent": "mcts",
      "final_reward": 0.0,
      "total_turns": 2,
      "valid_turns": 1,
      "invalid_turns": 1,
      "valid_rate": 0.5
    },
    {
      "task_id": 155706724,
      "game_name": "liars_dice",
      "seed": 1316364359,
      "opponent": "mcts",
      "final_reward": 0.0,
      "total_turns": 1,
      "valid_turns": 0,
      "invalid_turns": 1,
      "valid_rate": 0.0
    },
    {
      "task_id": 161995720,
      "game_name": "liars_dice",
      "seed": 741290340,
      "opponent": "mcts",
      "final_reward": 0.0,
      "total_turns": 1,
      "valid_turns": 1,
      "invalid_turns": 0,
      "valid_rate": 1.0
    },
    {
      "task_id": 169925526,
      "game_name": "liars_dice",
      "seed": 2014113910,
      "opponent": "mcts",
      "final_reward": 0.0,
      "total_turns": 2,
      "valid_turns": 2,
      "invalid_turns": 0,
      "valid_rate": 1.0
    },
    {
      "task_id": 113146010,
      "game_name": "liars_dice",
      "seed": 7972255,
      "opponent": "mcts",
      "final_reward": 0.0,
      "total_turns": 1,
      "valid_turns": 0,
      "invalid_turns": 1,
      "valid_rate": 0.0
    },
    {
      "task_id": 161650481,
      "game_name": "liars_dice",
      "seed": 648564495,
      "opponent": "mcts",
      "final_reward": 0.0,
      "total_turns": 1,
      "valid_turns": 0,
      "invalid_turns": 1,
      "valid_rate": 0.0
    },
    {
      "task_id": 108417032,
      "game_name": "liars_dice",
      "seed": 1939789238,
      "opponent": "mcts",
      "final_reward": 0.0,
      "total_turns": 1,
      "valid_turns": 1,
      "invalid_turns": 0,
      "valid_rate": 1.0
    },
    {
      "task_id": 166655848,
      "game_name": "liars_dice",
      "seed": 2120899420,
      "opponent": "mcts",
      "final_reward": 0.0,
      "total_turns": 2,
      "valid_turns": 2,
      "invalid_turns": 0,
      "valid_rate": 1.0
    },
    {
      "task_id": 185457114,
      "game_name": "liars_dice",
      "seed": 653882829,
      "opponent": "mcts",
      "final_reward": 0.0,
      "total_turns": 1,
      "valid_turns": 0,
      "invalid_turns": 1,
      "valid_rate": 0.0
    },
    {
      "task_id": 120174679,
      "game_name": "liars_dice",
      "seed": 302332754,
      "opponent": "mcts",
      "final_reward": 0.0,
      "total_turns": 2,
      "valid_turns": 2,
      "invalid_turns": 0,
      "valid_rate": 1.0
    },
    {
      "task_id": 161768380,
      "game_name": "liars_dice",
      "seed": 163214320,
      "opponent": "mcts",
      "final_reward": 0.0,
      "total_turns": 1,
      "valid_turns": 1,
      "invalid_turns": 0,
      "valid_rate": 1.0
    }
  ],
  "aggregated": {
    "total_valid_turns": 16,
    "total_invalid_turns": 13,
    "avg_valid_rate": 0.5,
    "games_played": {
      "liars_dice": 23
    },
    "success_count": 0,
    "failure_count": 23,
    "success_rate": 0.0
  }
}