{
  "step": 3,
  "timestamp": "2026-01-19T09:59:53.454460",
  "num_episodes": 33,
  "stats": {
    "objective/kl": 8.59148645401001,
    "objective/kl_coef": 0.050015635788440704,
    "objective/entropy": 84.87759208679199,
    "ppo/mean_non_score_reward": -0.05371319781988859,
    "ppo/mean_scores": 0.22003138065338135,
    "ppo/std_scores": 0.7499994039535522,
    "tokens/queries_len_mean": 212.9375,
    "tokens/queries_len_std": 2.7342987060546875,
    "tokens/responses_len_mean": 8.0,
    "tokens/responses_len_std": 0.0,
    "ppo/loss/policy": -0.002233455888926983,
    "ppo/loss/value": 1.4145557582378387,
    "ppo/loss/total": 0.13922212272882462,
    "ppo/policy/entropy": 2.1585877537727356,
    "ppo/policy/approxkl": 0.00047734721010783687,
    "ppo/policy/policykl": -0.001521558384411037,
    "ppo/policy/clipfrac": 0.0,
    "ppo/policy/advantages_mean": 1.1175870895385742e-08,
    "ppo/returns/mean": 0.42284993827342987,
    "ppo/returns/var": 2.075314626097679,
    "ppo/val/vpred": 0.33935748785734177,
    "ppo/val/error": 2.8291115164756775,
    "ppo/val/clipfrac": 0.0,
    "ppo/val/mean": 0.3375575989484787,
    "ppo/val/var": 0.7127416729927063,
    "ppo/val/var_explained": -0.5458118915557861,
    "ppo/learning_rate": 5e-07,
    "time/ppo/forward_pass": 0.42126601934432983,
    "time/ppo/compute_rewards": 0.0008550286293029785,
    "time/ppo/compute_advantages": 0.016408026218414307,
    "time/ppo/optimize_step": 1.0558369159698486,
    "time/ppo/calc_stats": 0.0032949447631835938,
    "time/ppo/total": 1.4977654814720154,
    "mean_reward": 0.0625,
    "mean_score": 0.0625,
    "success_rate": 0.0625,
    "num_samples": 16,
    "num_batches": 4,
    "total_valid_turns": 16,
    "total_invalid_turns": 21,
    "avg_valid_rate": 0.4393939393939394
  },
  "episodes_summary": [
    {
      "task_id": 188878427,
      "game_name": "liars_dice",
      "seed": 200917231,
      "opponent": "mcts",
      "final_reward": 0.0,
      "total_turns": 1,
      "valid_turns": 0,
      "invalid_turns": 1,
      "valid_rate": 0.0
    },
    {
      "task_id": 122236518,
      "game_name": "liars_dice",
      "seed": 1912773091,
      "opponent": "mcts",
      "final_reward": 0.0,
      "total_turns": 1,
      "valid_turns": 1,
      "invalid_turns": 0,
      "valid_rate": 1.0
    },
    {
      "task_id": 125644590,
      "game_name": "liars_dice",
      "seed": 677258676,
      "opponent": "mcts",
      "final_reward": 0.0,
      "total_turns": 1,
      "valid_turns": 0,
      "invalid_turns": 1,
      "valid_rate": 0.0
    },
    {
      "task_id": 175350493,
      "game_name": "liars_dice",
      "seed": 297036,
      "opponent": "mcts",
      "final_reward": 0.0,
      "total_turns": 1,
      "valid_turns": 0,
      "invalid_turns": 1,
      "valid_rate": 0.0
    },
    {
      "task_id": 143747450,
      "game_name": "liars_dice",
      "seed": 1340279962,
      "opponent": "mcts",
      "final_reward": 0.0,
      "total_turns": 1,
      "valid_turns": 0,
      "invalid_turns": 1,
      "valid_rate": 0.0
    },
    {
      "task_id": 155718800,
      "game_name": "liars_dice",
      "seed": 807459420,
      "opponent": "mcts",
      "final_reward": 0.0,
      "total_turns": 1,
      "valid_turns": 1,
      "invalid_turns": 0,
      "valid_rate": 1.0
    },
    {
      "task_id": 197382257,
      "game_name": "liars_dice",
      "seed": 560586626,
      "opponent": "mcts",
      "final_reward": 0.0,
      "total_turns": 1,
      "valid_turns": 0,
      "invalid_turns": 1,
      "valid_rate": 0.0
    },
    {
      "task_id": 191068742,
      "game_name": "liars_dice",
      "seed": 1793084754,
      "opponent": "mcts",
      "final_reward": 0.0,
      "total_turns": 2,
      "valid_turns": 1,
      "invalid_turns": 1,
      "valid_rate": 0.5
    },
    {
      "task_id": 101918147,
      "game_name": "liars_dice",
      "seed": 10125659,
      "opponent": "mcts",
      "final_reward": 0.0,
      "total_turns": 1,
      "valid_turns": 0,
      "invalid_turns": 1,
      "valid_rate": 0.0
    },
    {
      "task_id": 125563099,
      "game_name": "liars_dice",
      "seed": 510688338,
      "opponent": "mcts",
      "final_reward": 0.0,
      "total_turns": 2,
      "valid_turns": 0,
      "invalid_turns": 2,
      "valid_rate": 0.0
    },
    {
      "task_id": 140589594,
      "game_name": "liars_dice",
      "seed": 1202516726,
      "opponent": "mcts",
      "final_reward": 1.0,
      "total_turns": 2,
      "valid_turns": 1,
      "invalid_turns": 1,
      "valid_rate": 0.5
    },
    {
      "task_id": 113446024,
      "game_name": "liars_dice",
      "seed": 2042709959,
      "opponent": "mcts",
      "final_reward": 0.0,
      "total_turns": 1,
      "valid_turns": 0,
      "invalid_turns": 1,
      "valid_rate": 0.0
    },
    {
      "task_id": 184240294,
      "game_name": "liars_dice",
      "seed": 349375932,
      "opponent": "mcts",
      "final_reward": 0.0,
      "total_turns": 1,
      "valid_turns": 0,
      "invalid_turns": 1,
      "valid_rate": 0.0
    },
    {
      "task_id": 178795832,
      "game_name": "liars_dice",
      "seed": 1945526488,
      "opponent": "mcts",
      "final_reward": 0.0,
      "total_turns": 2,
      "valid_turns": 1,
      "invalid_turns": 1,
      "valid_rate": 0.5
    },
    {
      "task_id": 134425340,
      "game_name": "liars_dice",
      "seed": 573036909,
      "opponent": "mcts",
      "final_reward": 0.0,
      "total_turns": 1,
      "valid_turns": 1,
      "invalid_turns": 0,
      "valid_rate": 1.0
    },
    {
      "task_id": 115449714,
      "game_name": "liars_dice",
      "seed": 663315337,
      "opponent": "mcts",
      "final_reward": 0.0,
      "total_turns": 1,
      "valid_turns": 1,
      "invalid_turns": 0,
      "valid_rate": 1.0
    },
    {
      "task_id": 191068742,
      "game_name": "liars_dice",
      "seed": 79776130,
      "opponent": "mcts",
      "final_reward": 0.0,
      "total_turns": 1,
      "valid_turns": 0,
      "invalid_turns": 1,
      "valid_rate": 0.0
    },
    {
      "task_id": 182127436,
      "game_name": "liars_dice",
      "seed": 883628285,
      "opponent": "mcts",
      "final_reward": 0.0,
      "total_turns": 1,
      "valid_turns": 0,
      "invalid_turns": 1,
      "valid_rate": 0.0
    },
    {
      "task_id": 149243651,
      "game_name": "liars_dice",
      "seed": 180408077,
      "opponent": "mcts",
      "final_reward": 0.0,
      "total_turns": 1,
      "valid_turns": 1,
      "invalid_turns": 0,
      "valid_rate": 1.0
    },
    {
      "task_id": 195611025,
      "game_name": "liars_dice",
      "seed": 1969948437,
      "opponent": "mcts",
      "final_reward": 0.0,
      "total_turns": 1,
      "valid_turns": 0,
      "invalid_turns": 1,
      "valid_rate": 0.0
    },
    {
      "task_id": 172199579,
      "game_name": "liars_dice",
      "seed": 765742497,
      "opponent": "mcts",
      "final_reward": 0.0,
      "total_turns": 1,
      "valid_turns": 1,
      "invalid_turns": 0,
      "valid_rate": 1.0
    },
    {
      "task_id": 163300491,
      "game_name": "liars_dice",
      "seed": 1249987923,
      "opponent": "mcts",
      "final_reward": 0.0,
      "total_turns": 1,
      "valid_turns": 1,
      "invalid_turns": 0,
      "valid_rate": 1.0
    },
    {
      "task_id": 178795832,
      "game_name": "liars_dice",
      "seed": 648639589,
      "opponent": "mcts",
      "final_reward": 0.0,
      "total_turns": 1,
      "valid_turns": 0,
      "invalid_turns": 1,
      "valid_rate": 0.0
    },
    {
      "task_id": 191802769,
      "game_name": "liars_dice",
      "seed": 1449598999,
      "opponent": "mcts",
      "final_reward": 0.0,
      "total_turns": 1,
      "valid_turns": 0,
      "invalid_turns": 1,
      "valid_rate": 0.0
    },
    {
      "task_id": 145399947,
      "game_name": "liars_dice",
      "seed": 153182031,
      "opponent": "mcts",
      "final_reward": 0.0,
      "total_turns": 1,