{
  "step": 25,
  "timestamp": "2026-01-19T10:16:34.557701",
  "num_episodes": 19,
  "stats": {
    "objective/kl": 9.572022676467896,
    "objective/kl_coef": 0.050332603976130486,
    "objective/entropy": 81.18813896179199,
    "ppo/mean_non_score_reward": -0.06022385507822037,
    "ppo/mean_scores": -0.10115015134215355,
    "ppo/std_scores": 0.0,
    "tokens/queries_len_mean": 223.1875,
    "tokens/queries_len_std": 18.125,
    "tokens/responses_len_mean": 8.0,
    "tokens/responses_len_std": 0.0,
    "ppo/loss/policy": -0.004475521855056286,
    "ppo/loss/value": 0.9005370140075684,
    "ppo/loss/total": 0.085578178986907,
    "ppo/policy/entropy": 2.5335373878479004,
    "ppo/policy/approxkl": 0.0006372118223225698,
    "ppo/policy/policykl": -0.00018241471843793988,
    "ppo/policy/clipfrac": 0.0,
    "ppo/policy/advantages_mean": -1.30385160446167e-08,
    "ppo/returns/mean": 0.5293908715248108,
    "ppo/returns/var": 1.386997029185295,
    "ppo/val/vpred": 0.36548997461795807,
    "ppo/val/error": 1.8010740280151367,
    "ppo/val/clipfrac": 0.0,
    "ppo/val/mean": 0.3655300885438919,
    "ppo/val/var": 0.3186936043202877,
    "ppo/val/var_explained": -0.31646859645843506,
    "ppo/learning_rate": 5e-07,
    "time/ppo/forward_pass": 0.4198848605155945,
    "time/ppo/compute_rewards": 0.0009336471557617188,
    "time/ppo/compute_advantages": 0.018857061862945557,
    "time/ppo/optimize_step": 0.9290319085121155,
    "time/ppo/calc_stats": 0.00702136754989624,
    "time/ppo/total": 1.3758277893066406,
    "mean_reward": 0.0,
    "mean_score": 0.0,
    "success_rate": 0.0,
    "num_samples": 16,
    "num_batches": 4,
    "total_valid_turns": 16,
    "total_invalid_turns": 10,
    "avg_valid_rate": 0.6052631578947368
  },
  "episodes_summary": [
    {
      "task_id": 110862987,
      "game_name": "liars_dice",
      "seed": 1077411834,
      "opponent": "mcts",
      "final_reward": 0.0,
      "total_turns": 2,
      "valid_turns": 1,
      "invalid_turns": 1,
      "valid_rate": 0.5
    },
    {
      "task_id": 156341640,
      "game_name": "liars_dice",
      "seed": 1349398470,
      "opponent": "mcts",
      "final_reward": 0.0,
      "total_turns": 1,
      "valid_turns": 0,
      "invalid_turns": 1,
      "valid_rate": 0.0
    },
    {
      "task_id": 107308494,
      "game_name": "liars_dice",
      "seed": 494067966,
      "opponent": "mcts",
      "final_reward": 0.0,
      "total_turns": 2,
      "valid_turns": 1,
      "invalid_turns": 1,
      "valid_rate": 0.5
    },
    {
      "task_id": 121436304,
      "game_name": "liars_dice",
      "seed": 1143006779,
      "opponent": "mcts",
      "final_reward": 0.0,
      "total_turns": 1,
      "valid_turns": 1,
      "invalid_turns": 0,
      "valid_rate": 1.0
    },
    {
      "task_id": 141457030,
      "game_name": "liars_dice",
      "seed": 1781841844,
      "opponent": "mcts",
      "final_reward": 0.0,
      "total_turns": 1,
      "valid_turns": 1,
      "invalid_turns": 0,
      "valid_rate": 1.0
    },
    {
      "task_id": 150328416,
      "game_name": "liars_dice",
      "seed": 946536896,
      "opponent": "mcts",
      "final_reward": 0.0,
      "total_turns": 2,
      "valid_turns": 2,
      "invalid_turns": 0,
      "valid_rate": 1.0
    },
    {
      "task_id": 197467470,
      "game_name": "liars_dice",
      "seed": 344359134,
      "opponent": "mcts",
      "final_reward": 0.0,
      "total_turns": 2,
      "valid_turns": 1,
      "invalid_turns": 1,
      "valid_rate": 0.5
    },
    {
      "task_id": 167931743,
      "game_name": "liars_dice",
      "seed": 75289966,
      "opponent": "mcts",
      "final_reward": 0.0,
      "total_turns": 1,
      "valid_turns": 1,
      "invalid_turns": 0,
      "valid_rate": 1.0
    },
    {
      "task_id": 198371890,
      "game_name": "liars_dice",
      "seed": 411310040,
      "opponent": "mcts",
      "final_reward": 0.0,
      "total_turns": 1,
      "valid_turns": 1,
      "invalid_turns": 0,
      "valid_rate": 1.0
    },
    {
      "task_id": 102710786,
      "game_name": "liars_dice",
      "seed": 177165341,
      "opponent": "mcts",
      "final_reward": 0.0,
      "total_turns": 1,
      "valid_turns": 0,
      "invalid_turns": 1,
      "valid_rate": 0.0
    },
    {
      "task_id": 112278024,
      "game_name": "liars_dice",
      "seed": 1681031144,
      "opponent": "mcts",
      "final_reward": 0.0,
      "total_turns": 2,
      "valid_turns": 1,
      "invalid_turns": 1,
      "valid_rate": 0.5
    },
    {
      "task_id": 137275401,
      "game_name": "liars_dice",
      "seed": 1269093858,
      "opponent": "mcts",
      "final_reward": 0.0,
      "total_turns": 2,
      "valid_turns": 2,
      "invalid_turns": 0,
      "valid_rate": 1.0
    },
    {
      "task_id": 179914566,
      "game_name": "liars_dice",
      "seed": 789001494,
      "opponent": "mcts",
      "final_reward": 0.0,
      "total_turns": 1,
      "valid_turns": 1,
      "invalid_turns": 0,
      "valid_rate": 1.0
    },
    {
      "task_id": 118375029,
      "game_name": "liars_dice",
      "seed": 558764270,
      "opponent": "mcts",
      "final_reward": 0.0,
      "total_turns": 1,
      "valid_turns": 0,
      "invalid_turns": 1,
      "valid_rate": 0.0
    },
    {
      "task_id": 166572916,
      "game_name": "liars_dice",
      "seed": 1303475758,
      "opponent": "mcts",
      "final_reward": 0.0,
      "total_turns": 1,
      "valid_turns": 1,
      "invalid_turns": 0,
      "valid_rate": 1.0
    },
    {
      "task_id": 181534241,
      "game_name": "liars_dice",
      "seed": 1165271934,
      "opponent": "mcts",
      "final_reward": 0.0,
      "total_turns": 1,
      "valid_turns": 1,
      "invalid_turns": 0,
      "valid_rate": 1.0
    },
    {
      "task_id": 180958204,
      "game_name": "liars_dice",
      "seed": 585625177,
      "opponent": "mcts",
      "final_reward": 0.0,
      "total_turns": 1,
      "valid_turns": 0,
      "invalid_turns": 1,
      "valid_rate": 0.0
    },
    {
      "task_id": 124427235,
      "game_name": "liars_dice",
      "seed": 854161249,
      "opponent": "mcts",
      "final_reward": 0.0,
      "total_turns": 1,
      "valid_turns": 0,
      "invalid_turns": 1,
      "valid_rate": 0.0
    },
    {
      "task_id": 147170643,
      "game_name": "liars_dice",
      "seed": 2060478056,
      "opponent": "mcts",
      "final_reward": 0.0,
      "total_turns": 2,
      "valid_turns": 1,
      "invalid_turns": 1,
      "valid_rate": 0.5
    }
  ],
  "aggregated": {
    "total_valid_turns": 16,
    "total_invalid_turns": 10,
    "avg_valid_rate": 0.6052631578947368,
    "games_played": {
      "liars_dice": 19
    },
    "success_count": 0,
    "failure_count": 19,
    "success_rate": 0.0
  }
}