{
  "step": 22,
  "timestamp": "2026-01-19T10:14:25.887569",
  "num_episodes": 24,
  "stats": {
    "objective/kl": 8.961749911308289,
    "objective/kl_coef": 0.050297170877456665,
    "objective/entropy": 77.64718627929688,
    "ppo/mean_non_score_reward": -0.0563433263450861,
    "ppo/mean_scores": -0.10799796879291534,
    "ppo/std_scores": 0.0,
    "tokens/queries_len_mean": 222.0625,
    "tokens/queries_len_std": 19.700035333633423,
    "tokens/responses_len_mean": 8.0,
    "tokens/responses_len_std": 0.0,
    "ppo/loss/policy": -0.005830859299749136,
    "ppo/loss/value": 0.9614269733428955,
    "ppo/loss/total": 0.09031184390187263,
    "ppo/policy/entropy": 1.9351472854614258,
    "ppo/policy/approxkl": 0.0007966792327351868,
    "ppo/policy/policykl": -0.0019320376450195909,
    "ppo/policy/clipfrac": 0.00390625,
    "ppo/policy/advantages_mean": 1.862645149230957e-09,
    "ppo/returns/mean": 0.3001427538692951,
    "ppo/returns/var": 1.556009203195572,
    "ppo/val/vpred": 0.30495976470410824,
    "ppo/val/error": 1.922853946685791,
    "ppo/val/clipfrac": 0.0,
    "ppo/val/mean": 0.30626307614147663,
    "ppo/val/var": 0.46840710937976837,
    "ppo/val/var_explained": -0.3508329391479492,
    "ppo/learning_rate": 5e-07,
    "time/ppo/forward_pass": 0.4140133857727051,
    "time/ppo/compute_rewards": 0.0008233785629272461,
    "time/ppo/compute_advantages": 0.018195748329162598,
    "time/ppo/optimize_step": 0.9127772450447083,
    "time/ppo/calc_stats": 0.01107412576675415,
    "time/ppo/total": 1.3569785356521606,
    "mean_reward": 0.0,
    "mean_score": 0.0,
    "success_rate": 0.0,
    "num_samples": 16,
    "num_batches": 4,
    "total_valid_turns": 16,
    "total_invalid_turns": 13,
    "avg_valid_rate": 0.5625
  },
  "episodes_summary": [
    {
      "task_id": 197912997,
      "game_name": "liars_dice",
      "seed": 834616118,
      "opponent": "mcts",
      "final_reward": 0.0,
      "total_turns": 1,
      "valid_turns": 1,
      "invalid_turns": 0,
      "valid_rate": 1.0
    },
    {
      "task_id": 192794694,
      "game_name": "liars_dice",
      "seed": 295374772,
      "opponent": "mcts",
      "final_reward": 0.0,
      "total_turns": 1,
      "valid_turns": 0,
      "invalid_turns": 1,
      "valid_rate": 0.0
    },
    {
      "task_id": 117060297,
      "game_name": "liars_dice",
      "seed": 443300901,
      "opponent": "mcts",
      "final_reward": 0.0,
      "total_turns": 1,
      "valid_turns": 0,
      "invalid_turns": 1,
      "valid_rate": 0.0
    },
    {
      "task_id": 129069251,
      "game_name": "liars_dice",
      "seed": 794582206,
      "opponent": "mcts",
      "final_reward": 0.0,
      "total_turns": 1,
      "valid_turns": 1,
      "invalid_turns": 0,
      "valid_rate": 1.0
    },
    {
      "task_id": 181791986,
      "game_name": "liars_dice",
      "seed": 1149652262,
      "opponent": "mcts",
      "final_reward": 0.0,
      "total_turns": 1,
      "valid_turns": 1,
      "invalid_turns": 0,
      "valid_rate": 1.0
    },
    {
      "task_id": 173046040,
      "game_name": "liars_dice",
      "seed": 70824916,
      "opponent": "mcts",
      "final_reward": 0.0,
      "total_turns": 2,
      "valid_turns": 1,
      "invalid_turns": 1,
      "valid_rate": 0.5
    },
    {
      "task_id": 103238907,
      "game_name": "liars_dice",
      "seed": 719312932,
      "opponent": "mcts",
      "final_reward": 0.0,
      "total_turns": 1,
      "valid_turns": 1,
      "invalid_turns": 0,
      "valid_rate": 1.0
    },
    {
      "task_id": 131693783,
      "game_name": "liars_dice",
      "seed": 1688126723,
      "opponent": "mcts",
      "final_reward": 0.0,
      "total_turns": 1,
      "valid_turns": 1,
      "invalid_turns": 0,
      "valid_rate": 1.0
    },
    {
      "task_id": 147609453,
      "game_name": "liars_dice",
      "seed": 377147529,
      "opponent": "mcts",
      "final_reward": 0.0,
      "total_turns": 1,
      "valid_turns": 0,
      "invalid_turns": 1,
      "valid_rate": 0.0
    },
    {
      "task_id": 193884110,
      "game_name": "liars_dice",
      "seed": 106230885,
      "opponent": "mcts",
      "final_reward": 0.0,
      "total_turns": 1,
      "valid_turns": 0,
      "invalid_turns": 1,
      "valid_rate": 0.0
    },
    {
      "task_id": 179708519,
      "game_name": "liars_dice",
      "seed": 1170562617,
      "opponent": "mcts",
      "final_reward": 0.0,
      "total_turns": 1,
      "valid_turns": 0,
      "invalid_turns": 1,
      "valid_rate": 0.0
    },
    {
      "task_id": 151533165,
      "game_name": "liars_dice",
      "seed": 845284136,
      "opponent": "mcts",
      "final_reward": 0.0,
      "total_turns": 1,
      "valid_turns": 1,
      "invalid_turns": 0,
      "valid_rate": 1.0
    },
    {
      "task_id": 166613142,
      "game_name": "liars_dice",
      "seed": 649168997,
      "opponent": "mcts",
      "final_reward": 0.0,
      "total_turns": 1,
      "valid_turns": 1,
      "invalid_turns": 0,
      "valid_rate": 1.0
    },
    {
      "task_id": 178759198,
      "game_name": "liars_dice",
      "seed": 973634043,
      "opponent": "mcts",
      "final_reward": 0.0,
      "total_turns": 1,
      "valid_turns": 1,
      "invalid_turns": 0,
      "valid_rate": 1.0
    },
    {
      "task_id": 158536960,
      "game_name": "liars_dice",
      "seed": 134650010,
      "opponent": "mcts",
      "final_reward": 0.0,
      "total_turns": 1,
      "valid_turns": 1,
      "invalid_turns": 0,
      "valid_rate": 1.0
    },
    {
      "task_id": 167439499,
      "game_name": "liars_dice",
      "seed": 366009155,
      "opponent": "mcts",
      "final_reward": 0.0,
      "total_turns": 1,
      "valid_turns": 0,
      "invalid_turns": 1,
      "valid_rate": 0.0
    },
    {
      "task_id": 184951614,
      "game_name": "liars_dice",
      "seed": 812027081,
      "opponent": "mcts",
      "final_reward": 0.0,
      "total_turns": 1,
      "valid_turns": 0,
      "invalid_turns": 1,
      "valid_rate": 0.0
    },
    {
      "task_id": 118545503,
      "game_name": "liars_dice",
      "seed": 1357736690,
      "opponent": "mcts",
      "final_reward": 0.0,
      "total_turns": 2,
      "valid_turns": 2,
      "invalid_turns": 0,
      "valid_rate": 1.0
    },
    {
      "task_id": 165236055,
      "game_name": "liars_dice",
      "seed": 2066949150,
      "opponent": "mcts",
      "final_reward": 0.0,
      "total_turns": 1,
      "valid_turns": 1,
      "invalid_turns": 0,
      "valid_rate": 1.0
    },
    {
      "task_id": 136181695,
      "game_name": "liars_dice",
      "seed": 334579786,
      "opponent": "mcts",
      "final_reward": 0.0,
      "total_turns": 2,
      "valid_turns": 0,
      "invalid_turns": 2,
      "valid_rate": 0.0
    },
    {
      "task_id": 114451819,
      "game_name": "liars_dice",
      "seed": 1112156312,
      "opponent": "mcts",
      "final_reward": 0.0,
      "total_turns": 2,
      "valid_turns": 1,
      "invalid_turns": 1,
      "valid_rate": 0.5
    },
    {
      "task_id": 181605492,
      "game_name": "liars_dice",
      "seed": 1923249690,
      "opponent": "mcts",
      "final_reward": 0.0,
      "total_turns": 1,
      "valid_turns": 0,
      "invalid_turns": 1,
      "valid_rate": 0.0
    },
    {
      "task_id": 181534241,
      "game_name": "liars_dice",
      "seed": 1800268254,
      "opponent": "mcts",
      "final_reward": 0.0,
      "total_turns": 2,
      "valid_turns": 1,
      "invalid_turns": 1,
      "valid_rate": 0.5
    },
    {
      "task_id": 178453751,
      "game_name": "liars_dice",
      "seed": 478619725,
      "opponent": "mcts",
      "final_reward": 0.0,
      "total_turns": 1,
      "valid_turns": 1,
      "invalid_turns": 0,
      "valid_rate": 1.0
    }
  ],
  "aggregated": {
    "total_valid_turns": 16,
    "total_invalid_turns": 13,
    "avg_valid_rate": 0.5625,
    "games_played": {
      "liars_dice": 24
    },
    "success_count": 0,