{
  "step": 42,
  "timestamp": "2026-01-19T10:27:41.347289",
  "num_episodes": 26,
  "stats": {
    "objective/kl": 2.9152671098709106,
    "objective/kl_coef": 0.0501789478585124,
    "objective/entropy": 84.12142753601074,
    "ppo/mean_non_score_reward": -0.0182856316678226,
    "ppo/mean_scores": -0.07767502218484879,
    "ppo/std_scores": 0.0,
    "tokens/queries_len_mean": 210.25,
    "tokens/queries_len_std": 5.433275401592255,
    "tokens/responses_len_mean": 8.0,
    "tokens/responses_len_std": 0.0,
    "ppo/loss/policy": -0.0004885653033852577,
    "ppo/loss/value": 0.6022346317768097,
    "ppo/loss/total": 0.059734899550676346,
    "ppo/policy/entropy": 1.5858953893184662,
    "ppo/policy/approxkl": 0.0004580753011396155,
    "ppo/policy/policykl": 0.0019211112085031345,
    "ppo/policy/clipfrac": 0.0,
    "ppo/policy/advantages_mean": 1.210719347000122e-08,
    "ppo/returns/mean": -0.6010332852602005,
    "ppo/returns/var": 0.7680073827505112,
    "ppo/val/vpred": -0.035932143684476614,
    "ppo/val/error": 1.2044692635536194,
    "ppo/val/clipfrac": 0.0,
    "ppo/val/mean": -0.037073614075779915,
    "ppo/val/var": 0.24593884497880936,
    "ppo/val/var_explained": -0.5651006400585175,
    "ppo/learning_rate": 5e-07,
    "time/ppo/forward_pass": 0.4041111469268799,
    "time/ppo/compute_rewards": 0.0008191466331481934,
    "time/ppo/compute_advantages": 0.016224801540374756,
    "time/ppo/optimize_step": 0.8742345571517944,
    "time/ppo/calc_stats": 0.0024776458740234375,
    "time/ppo/total": 1.297957956790924,
    "mean_reward": 0.0,
    "mean_score": 0.0,
    "success_rate": 0.0,
    "num_samples": 16,
    "num_batches": 4,
    "total_valid_turns": 16,
    "total_invalid_turns": 12,
    "avg_valid_rate": 0.5961538461538461
  },
  "episodes_summary": [
    {
      "task_id": 180228850,
      "game_name": "liars_dice",
      "seed": 752718595,
      "opponent": "mcts",
      "final_reward": 0.0,
      "total_turns": 1,
      "valid_turns": 1,
      "invalid_turns": 0,
      "valid_rate": 1.0
    },
    {
      "task_id": 104001405,
      "game_name": "liars_dice",
      "seed": 175629985,
      "opponent": "mcts",
      "final_reward": 0.0,
      "total_turns": 1,
      "valid_turns": 0,
      "invalid_turns": 1,
      "valid_rate": 0.0
    },
    {
      "task_id": 122972632,
      "game_name": "liars_dice",
      "seed": 1633340490,
      "opponent": "mcts",
      "final_reward": 0.0,
      "total_turns": 1,
      "valid_turns": 1,
      "invalid_turns": 0,
      "valid_rate": 1.0
    },
    {
      "task_id": 175965603,
      "game_name": "liars_dice",
      "seed": 1369437528,
      "opponent": "mcts",
      "final_reward": 0.0,
      "total_turns": 1,
      "valid_turns": 1,
      "invalid_turns": 0,
      "valid_rate": 1.0
    },
    {
      "task_id": 168972632,
      "game_name": "liars_dice",
      "seed": 1530177066,
      "opponent": "mcts",
      "final_reward": 0.0,
      "total_turns": 1,
      "valid_turns": 1,
      "invalid_turns": 0,
      "valid_rate": 1.0
    },
    {
      "task_id": 155727099,
      "game_name": "liars_dice",
      "seed": 2115041980,
      "opponent": "mcts",
      "final_reward": 0.0,
      "total_turns": 2,
      "valid_turns": 0,
      "invalid_turns": 2,
      "valid_rate": 0.0
    },
    {
      "task_id": 126840588,
      "game_name": "liars_dice",
      "seed": 1452961055,
      "opponent": "mcts",
      "final_reward": 0.0,
      "total_turns": 1,
      "valid_turns": 0,
      "invalid_turns": 1,
      "valid_rate": 0.0
    },
    {
      "task_id": 176223261,
      "game_name": "liars_dice",
      "seed": 846968150,
      "opponent": "mcts",
      "final_reward": 0.0,
      "total_turns": 1,
      "valid_turns": 1,
      "invalid_turns": 0,
      "valid_rate": 1.0
    },
    {
      "task_id": 123162782,
      "game_name": "liars_dice",
      "seed": 859120028,
      "opponent": "mcts",
      "final_reward": 0.0,
      "total_turns": 1,
      "valid_turns": 1,
      "invalid_turns": 0,
      "valid_rate": 1.0
    },
    {
      "task_id": 110862987,
      "game_name": "liars_dice",
      "seed": 1389607188,
      "opponent": "mcts",
      "final_reward": 0.0,
      "total_turns": 2,
      "valid_turns": 1,
      "invalid_turns": 1,
      "valid_rate": 0.5
    },
    {
      "task_id": 119311767,
      "game_name": "liars_dice",
      "seed": 775234569,
      "opponent": "mcts",
      "final_reward": 0.0,
      "total_turns": 1,
      "valid_turns": 0,
      "invalid_turns": 1,
      "valid_rate": 0.0
    },
    {
      "task_id": 137005065,
      "game_name": "liars_dice",
      "seed": 237360667,
      "opponent": "mcts",
      "final_reward": 0.0,
      "total_turns": 1,
      "valid_turns": 1,
      "invalid_turns": 0,
      "valid_rate": 1.0
    },
    {
      "task_id": 176349774,
      "game_name": "liars_dice",
      "seed": 2137564595,
      "opponent": "mcts",
      "final_reward": 0.0,
      "total_turns": 1,
      "valid_turns": 0,
      "invalid_turns": 1,
      "valid_rate": 0.0
    },
    {
      "task_id": 170351815,
      "game_name": "liars_dice",
      "seed": 1632057858,
      "opponent": "mcts",
      "final_reward": 0.0,
      "total_turns": 1,
      "valid_turns": 1,
      "invalid_turns": 0,
      "valid_rate": 1.0
    },
    {
      "task_id": 151962264,
      "game_name": "liars_dice",
      "seed": 552921775,
      "opponent": "mcts",
      "final_reward": 0.0,
      "total_turns": 1,
      "valid_turns": 0,
      "invalid_turns": 1,
      "valid_rate": 0.0
    },
    {
      "task_id": 183609376,
      "game_name": "liars_dice",
      "seed": 1557550149,
      "opponent": "mcts",
      "final_reward": 0.0,
      "total_turns": 1,
      "valid_turns": 1,
      "invalid_turns": 0,
      "valid_rate": 1.0
    },
    {
      "task_id": 128967502,
      "game_name": "liars_dice",
      "seed": 1716169273,
      "opponent": "mcts",
      "final_reward": 0.0,
      "total_turns": 1,
      "valid_turns": 0,
      "invalid_turns": 1,
      "valid_rate": 0.0
    },
    {
      "task_id": 172516631,
      "game_name": "liars_dice",
      "seed": 476909109,
      "opponent": "mcts",
      "final_reward": 0.0,
      "total_turns": 1,
      "valid_turns": 0,
      "invalid_turns": 1,
      "valid_rate": 0.0
    },
    {
      "task_id": 138022624,
      "game_name": "liars_dice",
      "seed": 709616933,
      "opponent": "mcts",
      "final_reward": 0.0,
      "total_turns": 1,
      "valid_turns": 0,
      "invalid_turns": 1,
      "valid_rate": 0.0
    },
    {
      "task_id": 115272599,
      "game_name": "liars_dice",
      "seed": 563514210,
      "opponent": "mcts",
      "final_reward": 0.0,
      "total_turns": 1,
      "valid_turns": 1,
      "invalid_turns": 0,
      "valid_rate": 1.0
    },
    {
      "task_id": 173348469,
      "game_name": "liars_dice",
      "seed": 1787183127,
      "opponent": "mcts",
      "final_reward": 0.0,
      "total_turns": 1,
      "valid_turns": 1,
      "invalid_turns": 0,
      "valid_rate": 1.0
    },
    {
      "task_id": 109349974,
      "game_name": "liars_dice",
      "seed": 1573815415,
      "opponent": "mcts",
      "final_reward": 0.0,
      "total_turns": 1,
      "valid_turns": 1,
      "invalid_turns": 0,
      "valid_rate": 1.0
    },
    {
      "task_id": 186293884,
      "game_name": "liars_dice",
      "seed": 928427857,
      "opponent": "mcts",
      "final_reward": 0.0,
      "total_turns": 1,
      "valid_turns": 1,
      "invalid_turns": 0,
      "valid_rate": 1.0
    },
    {
      "task_id": 155936204,
      "game_name": "liars_dice",
      "seed": 257572695,
      "opponent": "mcts",
      "final_reward": 0.0,
      "total_turns": 1,
      "valid_turns": 0,
      "invalid_turns": 1,
      "valid_rate": 0.0
    },
    {
      "task_id": 125930823,
      "game_name": "liars_dice",
      "seed": 1448377165,
      "opponent": "mcts",
      "final_reward": 0.0,
      "total_turns": 1,