{
  "step": 24,
  "timestamp": "2026-01-19T10:16:00.310246",
  "num_episodes": 33,
  "stats": {
    "objective/kl": 7.994856834411621,
    "objective/kl_coef": 0.05031999293714762,
    "objective/entropy": 81.0164566040039,
    "ppo/mean_non_score_reward": -0.050287529826164246,
    "ppo/mean_scores": -0.10328601114451885,
    "ppo/std_scores": 0.0,
    "tokens/queries_len_mean": 212.625,
    "tokens/queries_len_std": 3.10055410861969,
    "tokens/responses_len_mean": 8.0,
    "tokens/responses_len_std": 0.0,
    "ppo/loss/policy": -0.0027503063902258873,
    "ppo/loss/value": 0.894467830657959,
    "ppo/loss/total": 0.08669647760689259,
    "ppo/policy/entropy": 2.397417902946472,
    "ppo/policy/approxkl": 0.0004971912130713463,
    "ppo/policy/policykl": -0.006507854210212827,
    "ppo/policy/clipfrac": 0.0,
    "ppo/policy/advantages_mean": -1.3504177331924438e-08,
    "ppo/returns/mean": 0.2099622767418623,
    "ppo/returns/var": 1.26851087808609,
    "ppo/val/vpred": 0.2171784583479166,
    "ppo/val/error": 1.788935661315918,
    "ppo/val/clipfrac": 0.0,
    "ppo/val/mean": 0.21884840726852417,
    "ppo/val/var": 0.4270784929394722,
    "ppo/val/var_explained": -0.4431648850440979,
    "ppo/learning_rate": 5e-07,
    "time/ppo/forward_pass": 0.40452730655670166,
    "time/ppo/compute_rewards": 0.0008023381233215332,
    "time/ppo/compute_advantages": 0.01567941904067993,
    "time/ppo/optimize_step": 0.87297123670578,
    "time/ppo/calc_stats": 0.0024698972702026367,
    "time/ppo/total": 1.2965515851974487,
    "mean_reward": 0.0,
    "mean_score": 0.0,
    "success_rate": 0.0,
    "num_samples": 16,
    "num_batches": 4,
    "total_valid_turns": 16,
    "total_invalid_turns": 22,
    "avg_valid_rate": 0.4393939393939394
  },
  "episodes_summary": [
    {
      "task_id": 186474607,
      "game_name": "liars_dice",
      "seed": 1716317096,
      "opponent": "mcts",
      "final_reward": 0.0,
      "total_turns": 2,
      "valid_turns": 1,
      "invalid_turns": 1,
      "valid_rate": 0.5
    },
    {
      "task_id": 119889693,
      "game_name": "liars_dice",
      "seed": 302653487,
      "opponent": "mcts",
      "final_reward": 0.0,
      "total_turns": 1,
      "valid_turns": 1,
      "invalid_turns": 0,
      "valid_rate": 1.0
    },
    {
      "task_id": 173046040,
      "game_name": "liars_dice",
      "seed": 147947107,
      "opponent": "mcts",
      "final_reward": 0.0,
      "total_turns": 1,
      "valid_turns": 0,
      "invalid_turns": 1,
      "valid_rate": 0.0
    },
    {
      "task_id": 189155097,
      "game_name": "liars_dice",
      "seed": 292547559,
      "opponent": "mcts",
      "final_reward": 0.0,
      "total_turns": 1,
      "valid_turns": 0,
      "invalid_turns": 1,
      "valid_rate": 0.0
    },
    {
      "task_id": 147275967,
      "game_name": "liars_dice",
      "seed": 2048534059,
      "opponent": "mcts",
      "final_reward": 0.0,
      "total_turns": 1,
      "valid_turns": 0,
      "invalid_turns": 1,
      "valid_rate": 0.0
    },
    {
      "task_id": 199848866,
      "game_name": "liars_dice",
      "seed": 2004668712,
      "opponent": "mcts",
      "final_reward": 0.0,
      "total_turns": 1,
      "valid_turns": 1,
      "invalid_turns": 0,
      "valid_rate": 1.0
    },
    {
      "task_id": 167400993,
      "game_name": "liars_dice",
      "seed": 161462555,
      "opponent": "mcts",
      "final_reward": 0.0,
      "total_turns": 1,
      "valid_turns": 1,
      "invalid_turns": 0,
      "valid_rate": 1.0
    },
    {
      "task_id": 145937880,
      "game_name": "liars_dice",
      "seed": 29613969,
      "opponent": "mcts",
      "final_reward": 0.0,
      "total_turns": 1,
      "valid_turns": 0,
      "invalid_turns": 1,
      "valid_rate": 0.0
    },
    {
      "task_id": 122996192,
      "game_name": "liars_dice",
      "seed": 330484757,
      "opponent": "mcts",
      "final_reward": 0.0,
      "total_turns": 1,
      "valid_turns": 0,
      "invalid_turns": 1,
      "valid_rate": 0.0
    },
    {
      "task_id": 158412907,
      "game_name": "liars_dice",
      "seed": 1047518898,
      "opponent": "mcts",
      "final_reward": 0.0,
      "total_turns": 1,
      "valid_turns": 0,
      "invalid_turns": 1,
      "valid_rate": 0.0
    },
    {
      "task_id": 105403509,
      "game_name": "liars_dice",
      "seed": 1540588434,
      "opponent": "mcts",
      "final_reward": 0.0,
      "total_turns": 1,
      "valid_turns": 0,
      "invalid_turns": 1,
      "valid_rate": 0.0
    },
    {
      "task_id": 180245880,
      "game_name": "liars_dice",
      "seed": 1570913286,
      "opponent": "mcts",
      "final_reward": 1.0,
      "total_turns": 1,
      "valid_turns": 0,
      "invalid_turns": 1,
      "valid_rate": 0.0
    },
    {
      "task_id": 109428267,
      "game_name": "liars_dice",
      "seed": 1156468849,
      "opponent": "mcts",
      "final_reward": 0.0,
      "total_turns": 1,
      "valid_turns": 1,
      "invalid_turns": 0,
      "valid_rate": 1.0
    },
    {
      "task_id": 100174962,
      "game_name": "liars_dice",
      "seed": 1014291394,
      "opponent": "mcts",
      "final_reward": 0.0,
      "total_turns": 1,
      "valid_turns": 1,
      "invalid_turns": 0,
      "valid_rate": 1.0
    },
    {
      "task_id": 199703187,
      "game_name": "liars_dice",
      "seed": 1478586160,
      "opponent": "mcts",
      "final_reward": 0.0,
      "total_turns": 1,
      "valid_turns": 1,
      "invalid_turns": 0,
      "valid_rate": 1.0
    },
    {
      "task_id": 105864343,
      "game_name": "liars_dice",
      "seed": 2062602089,
      "opponent": "mcts",
      "final_reward": 0.0,
      "total_turns": 1,
      "valid_turns": 0,
      "invalid_turns": 1,
      "valid_rate": 0.0
    },
    {
      "task_id": 151710055,
      "game_name": "liars_dice",
      "seed": 1236021046,
      "opponent": "mcts",
      "final_reward": 0.0,
      "total_turns": 1,
      "valid_turns": 1,
      "invalid_turns": 0,
      "valid_rate": 1.0
    },
    {
      "task_id": 128592239,
      "game_name": "liars_dice",
      "seed": 117231600,
      "opponent": "mcts",
      "final_reward": 0.0,
      "total_turns": 2,
      "valid_turns": 0,
      "invalid_turns": 2,
      "valid_rate": 0.0
    },
    {
      "task_id": 182083648,
      "game_name": "liars_dice",
      "seed": 1897001425,
      "opponent": "mcts",
      "final_reward": 0.0,
      "total_turns": 1,
      "valid_turns": 1,
      "invalid_turns": 0,
      "valid_rate": 1.0
    },
    {
      "task_id": 157705457,
      "game_name": "liars_dice",
      "seed": 618848570,
      "opponent": "mcts",
      "final_reward": 0.0,
      "total_turns": 1,
      "valid_turns": 0,
      "invalid_turns": 1,
      "valid_rate": 0.0
    },
    {
      "task_id": 131840229,
      "game_name": "liars_dice",
      "seed": 1583271178,
      "opponent": "mcts",
      "final_reward": 0.0,
      "total_turns": 2,
      "valid_turns": 0,
      "invalid_turns": 2,
      "valid_rate": 0.0
    },
    {
      "task_id": 128369597,
      "game_name": "liars_dice",
      "seed": 1094862123,
      "opponent": "mcts",
      "final_reward": 0.0,
      "total_turns": 1,
      "valid_turns": 0,
      "invalid_turns": 1,
      "valid_rate": 0.0
    },
    {
      "task_id": 161140879,
      "game_name": "liars_dice",
      "seed": 1022918640,
      "opponent": "mcts",
      "final_reward": 0.0,
      "total_turns": 1,
      "valid_turns": 0,
      "invalid_turns": 1,
      "valid_rate": 0.0
    },
    {
      "task_id": 143225362,
      "game_name": "liars_dice",
      "seed": 1046146435,
      "opponent": "mcts",
      "final_reward": 0.0,
      "total_turns": 1,
      "valid_turns": 1,
      "invalid_turns": 0,
      "valid_rate": 1.0
    },
    {
      "task_id": 123162782,
      "game_name": "liars_dice",
      "seed": 1102521416,
      "opponent": "mcts",
      "final_reward": 0.0,
      "total_turns": 2,
      "valid_turns": 1,