{
  "step": 56,
  "timestamp": "2026-01-19T10:36:32.471023",
  "num_episodes": 22,
  "stats": {
    "objective/kl": 7.627015471458435,
    "objective/kl_coef": 0.05000627785921097,
    "objective/entropy": 81.76349639892578,
    "ppo/mean_non_score_reward": -0.047675046138465405,
    "ppo/mean_scores": -0.07512294687330723,
    "ppo/std_scores": 0.0,
    "tokens/queries_len_mean": 223.0,
    "tokens/queries_len_std": 11.419522881507874,
    "tokens/responses_len_mean": 8.0,
    "tokens/responses_len_std": 0.0,
    "ppo/loss/policy": -0.01037646271288395,
    "ppo/loss/value": 2.2878286242485046,
    "ppo/loss/total": 0.21840640902519226,
    "ppo/policy/entropy": 1.2601683735847473,
    "ppo/policy/approxkl": 0.0012723913241643459,
    "ppo/policy/policykl": 0.009437797591090202,
    "ppo/policy/clipfrac": 0.01171875,
    "ppo/policy/advantages_mean": -1.1175870895385742e-08,
    "ppo/returns/mean": -0.4045940712094307,
    "ppo/returns/var": 4.0928428173065186,
    "ppo/val/vpred": -0.26694023609161377,
    "ppo/val/error": 4.575657248497009,
    "ppo/val/clipfrac": 0.0,
    "ppo/val/mean": -0.26670388877391815,
    "ppo/val/var": 0.3333330973982811,
    "ppo/val/var_explained": -0.11904731392860413,
    "ppo/learning_rate": 5e-07,
    "time/ppo/forward_pass": 0.4086803197860718,
    "time/ppo/compute_rewards": 0.0008268356323242188,
    "time/ppo/compute_advantages": 0.017778635025024414,
    "time/ppo/optimize_step": 0.8951167464256287,
    "time/ppo/calc_stats": 0.007185995578765869,
    "time/ppo/total": 1.329682171344757,
    "mean_reward": 0.0,
    "mean_score": 0.0,
    "success_rate": 0.0,
    "num_samples": 16,
    "num_batches": 4,
    "total_valid_turns": 16,
    "total_invalid_turns": 11,
    "avg_valid_rate": 0.5681818181818182
  },
  "episodes_summary": [
    {
      "task_id": 173884041,
      "game_name": "liars_dice",
      "seed": 44402812,
      "opponent": "mcts",
      "final_reward": 0.0,
      "total_turns": 2,
      "valid_turns": 1,
      "invalid_turns": 1,
      "valid_rate": 0.5
    },
    {
      "task_id": 149261403,
      "game_name": "liars_dice",
      "seed": 1799758156,
      "opponent": "mcts",
      "final_reward": 0.0,
      "total_turns": 2,
      "valid_turns": 1,
      "invalid_turns": 1,
      "valid_rate": 0.5
    },
    {
      "task_id": 140507872,
      "game_name": "liars_dice",
      "seed": 1154466762,
      "opponent": "mcts",
      "final_reward": 0.0,
      "total_turns": 1,
      "valid_turns": 0,
      "invalid_turns": 1,
      "valid_rate": 0.0
    },
    {
      "task_id": 175887430,
      "game_name": "liars_dice",
      "seed": 666514255,
      "opponent": "mcts",
      "final_reward": 0.0,
      "total_turns": 1,
      "valid_turns": 1,
      "invalid_turns": 0,
      "valid_rate": 1.0
    },
    {
      "task_id": 128854695,
      "game_name": "liars_dice",
      "seed": 180198608,
      "opponent": "mcts",
      "final_reward": 0.0,
      "total_turns": 1,
      "valid_turns": 1,
      "invalid_turns": 0,
      "valid_rate": 1.0
    },
    {
      "task_id": 137374653,
      "game_name": "liars_dice",
      "seed": 1414786908,
      "opponent": "mcts",
      "final_reward": 0.0,
      "total_turns": 1,
      "valid_turns": 1,
      "invalid_turns": 0,
      "valid_rate": 1.0
    },
    {
      "task_id": 176234945,
      "game_name": "liars_dice",
      "seed": 156758209,
      "opponent": "mcts",
      "final_reward": 0.0,
      "total_turns": 1,
      "valid_turns": 1,
      "invalid_turns": 0,
      "valid_rate": 1.0
    },
    {
      "task_id": 127560040,
      "game_name": "liars_dice",
      "seed": 1206773032,
      "opponent": "mcts",
      "final_reward": 0.0,
      "total_turns": 1,
      "valid_turns": 1,
      "invalid_turns": 0,
      "valid_rate": 1.0
    },
    {
      "task_id": 113843863,
      "game_name": "liars_dice",
      "seed": 790997197,
      "opponent": "mcts",
      "final_reward": 0.0,
      "total_turns": 1,
      "valid_turns": 1,
      "invalid_turns": 0,
      "valid_rate": 1.0
    },
    {
      "task_id": 110520228,
      "game_name": "liars_dice",
      "seed": 995230579,
      "opponent": "mcts",
      "final_reward": 0.0,
      "total_turns": 1,
      "valid_turns": 0,
      "invalid_turns": 1,
      "valid_rate": 0.0
    },
    {
      "task_id": 184577016,
      "game_name": "liars_dice",
      "seed": 118489541,
      "opponent": "mcts",
      "final_reward": 0.0,
      "total_turns": 1,
      "valid_turns": 0,
      "invalid_turns": 1,
      "valid_rate": 0.0
    },
    {
      "task_id": 146763597,
      "game_name": "liars_dice",
      "seed": 1237792007,
      "opponent": "mcts",
      "final_reward": 0.0,
      "total_turns": 1,
      "valid_turns": 0,
      "invalid_turns": 1,
      "valid_rate": 0.0
    },
    {
      "task_id": 188022110,
      "game_name": "liars_dice",
      "seed": 191180221,
      "opponent": "mcts",
      "final_reward": 0.0,
      "total_turns": 1,
      "valid_turns": 0,
      "invalid_turns": 1,
      "valid_rate": 0.0
    },
    {
      "task_id": 165255622,
      "game_name": "liars_dice",
      "seed": 1641628918,
      "opponent": "mcts",
      "final_reward": 0.0,
      "total_turns": 2,
      "valid_turns": 1,
      "invalid_turns": 1,
      "valid_rate": 0.5
    },
    {
      "task_id": 184951614,
      "game_name": "liars_dice",
      "seed": 1497753444,
      "opponent": "mcts",
      "final_reward": 0.0,
      "total_turns": 1,
      "valid_turns": 1,
      "invalid_turns": 0,
      "valid_rate": 1.0
    },
    {
      "task_id": 106326136,
      "game_name": "liars_dice",
      "seed": 1966257879,
      "opponent": "mcts",
      "final_reward": 0.0,
      "total_turns": 1,
      "valid_turns": 1,
      "invalid_turns": 0,
      "valid_rate": 1.0
    },
    {
      "task_id": 113573631,
      "game_name": "liars_dice",
      "seed": 1538321622,
      "opponent": "mcts",
      "final_reward": 0.0,
      "total_turns": 1,
      "valid_turns": 0,
      "invalid_turns": 1,
      "valid_rate": 0.0
    },
    {
      "task_id": 141642616,
      "game_name": "liars_dice",
      "seed": 1242050023,
      "opponent": "mcts",
      "final_reward": 0.0,
      "total_turns": 1,
      "valid_turns": 0,
      "invalid_turns": 1,
      "valid_rate": 0.0
    },
    {
      "task_id": 109135812,
      "game_name": "liars_dice",
      "seed": 1869004423,
      "opponent": "mcts",
      "final_reward": 0.0,
      "total_turns": 1,
      "valid_turns": 0,
      "invalid_turns": 1,
      "valid_rate": 0.0
    },
    {
      "task_id": 127433812,
      "game_name": "liars_dice",
      "seed": 2099065758,
      "opponent": "mcts",
      "final_reward": 0.0,
      "total_turns": 1,
      "valid_turns": 1,
      "invalid_turns": 0,
      "valid_rate": 1.0
    },
    {
      "task_id": 169687830,
      "game_name": "liars_dice",
      "seed": 2030563398,
      "opponent": "mcts",
      "final_reward": 0.0,
      "total_turns": 2,
      "valid_turns": 2,
      "invalid_turns": 0,
      "valid_rate": 1.0
    },
    {
      "task_id": 100586143,
      "game_name": "liars_dice",
      "seed": 1953357812,
      "opponent": "mcts",
      "final_reward": 0.0,
      "total_turns": 2,
      "valid_turns": 2,
      "invalid_turns": 0,
      "valid_rate": 1.0
    }
  ],
  "aggregated": {
    "total_valid_turns": 16,
    "total_invalid_turns": 11,
    "avg_valid_rate": 0.5681818181818182,
    "games_played": {
      "liars_dice": 22
    },
    "success_count": 0,
    "failure_count": 22,
    "success_rate": 0.0
  }
}