{
  "step": 85,
  "timestamp": "2026-01-19T10:54:42.670964",
  "num_episodes": 26,
  "stats": {
    "objective/kl": 38.809990882873535,
    "objective/kl_coef": 0.050443751737475395,
    "objective/entropy": 121.62777328491211,
    "ppo/mean_non_score_reward": -0.24471373856067657,
    "ppo/mean_scores": -0.06669160351157188,
    "ppo/std_scores": 0.0,
    "tokens/queries_len_mean": 212.875,
    "tokens/queries_len_std": 3.4663649797439575,
    "tokens/responses_len_mean": 8.0,
    "tokens/responses_len_std": 0.0,
    "ppo/loss/policy": -0.013752138242125511,
    "ppo/loss/value": 1.9700486361980438,
    "ppo/loss/total": 0.1832527294754982,
    "ppo/policy/entropy": 1.6731681823730469,
    "ppo/policy/approxkl": 0.001195203498355113,
    "ppo/policy/policykl": 0.0013927402906119823,
    "ppo/policy/clipfrac": 0.0,
    "ppo/policy/advantages_mean": -1.0244548320770264e-08,
    "ppo/returns/mean": -0.6111499965190887,
    "ppo/returns/var": 4.774456799030304,
    "ppo/val/vpred": -0.8886067867279053,
    "ppo/val/error": 3.9400972723960876,
    "ppo/val/clipfrac": 0.0,
    "ppo/val/mean": -0.8874325454235077,
    "ppo/val/var": 0.6498483568429947,
    "ppo/val/var_explained": 0.17530792951583862,
    "ppo/learning_rate": 5e-07,
    "time/ppo/forward_pass": 0.40066206455230713,
    "time/ppo/compute_rewards": 0.0008283257484436035,
    "time/ppo/compute_advantages": 0.016208529472351074,
    "time/ppo/optimize_step": 0.8751189708709717,
    "time/ppo/calc_stats": 0.0025138258934020996,
    "time/ppo/total": 1.2954236268997192,
    "mean_reward": 0.0,
    "mean_score": 0.0,
    "success_rate": 0.0,
    "num_samples": 16,
    "num_batches": 4,
    "total_valid_turns": 16,
    "total_invalid_turns": 12,
    "avg_valid_rate": 0.5769230769230769
  },
  "episodes_summary": [
    {
      "task_id": 123258904,
      "game_name": "liars_dice",
      "seed": 1743067420,
      "opponent": "mcts",
      "final_reward": 0.0,
      "total_turns": 1,
      "valid_turns": 1,
      "invalid_turns": 0,
      "valid_rate": 1.0
    },
    {
      "task_id": 182278651,
      "game_name": "liars_dice",
      "seed": 1133459320,
      "opponent": "mcts",
      "final_reward": 0.0,
      "total_turns": 1,
      "valid_turns": 1,
      "invalid_turns": 0,
      "valid_rate": 1.0
    },
    {
      "task_id": 142598474,
      "game_name": "liars_dice",
      "seed": 1490932753,
      "opponent": "mcts",
      "final_reward": 0.0,
      "total_turns": 1,
      "valid_turns": 0,
      "invalid_turns": 1,
      "valid_rate": 0.0
    },
    {
      "task_id": 177949736,
      "game_name": "liars_dice",
      "seed": 1575922874,
      "opponent": "mcts",
      "final_reward": 0.0,
      "total_turns": 1,
      "valid_turns": 1,
      "invalid_turns": 0,
      "valid_rate": 1.0
    },
    {
      "task_id": 194470713,
      "game_name": "liars_dice",
      "seed": 957438160,
      "opponent": "mcts",
      "final_reward": 0.0,
      "total_turns": 1,
      "valid_turns": 1,
      "invalid_turns": 0,
      "valid_rate": 1.0
    },
    {
      "task_id": 134016571,
      "game_name": "liars_dice",
      "seed": 77865242,
      "opponent": "mcts",
      "final_reward": 0.0,
      "total_turns": 1,
      "valid_turns": 1,
      "invalid_turns": 0,
      "valid_rate": 1.0
    },
    {
      "task_id": 195392096,
      "game_name": "liars_dice",
      "seed": 895738516,
      "opponent": "mcts",
      "final_reward": 0.0,
      "total_turns": 1,
      "valid_turns": 1,
      "invalid_turns": 0,
      "valid_rate": 1.0
    },
    {
      "task_id": 132831562,
      "game_name": "liars_dice",
      "seed": 1681626998,
      "opponent": "mcts",
      "final_reward": 0.0,
      "total_turns": 1,
      "valid_turns": 1,
      "invalid_turns": 0,
      "valid_rate": 1.0
    },
    {
      "task_id": 143010436,
      "game_name": "liars_dice",
      "seed": 1419555966,
      "opponent": "mcts",
      "final_reward": 0.0,
      "total_turns": 2,
      "valid_turns": 1,
      "invalid_turns": 1,
      "valid_rate": 0.5
    },
    {
      "task_id": 139287700,
      "game_name": "liars_dice",
      "seed": 1002649403,
      "opponent": "mcts",
      "final_reward": 0.0,
      "total_turns": 1,
      "valid_turns": 0,
      "invalid_turns": 1,
      "valid_rate": 0.0
    },
    {
      "task_id": 137411424,
      "game_name": "liars_dice",
      "seed": 367001603,
      "opponent": "mcts",
      "final_reward": 0.0,
      "total_turns": 1,
      "valid_turns": 1,
      "invalid_turns": 0,
      "valid_rate": 1.0
    },
    {
      "task_id": 119822621,
      "game_name": "liars_dice",
      "seed": 2095064139,
      "opponent": "mcts",
      "final_reward": 0.0,
      "total_turns": 1,
      "valid_turns": 0,
      "invalid_turns": 1,
      "valid_rate": 0.0
    },
    {
      "task_id": 134364265,
      "game_name": "liars_dice",
      "seed": 913776294,
      "opponent": "mcts",
      "final_reward": 0.0,
      "total_turns": 1,
      "valid_turns": 1,
      "invalid_turns": 0,
      "valid_rate": 1.0
    },
    {
      "task_id": 191283906,
      "game_name": "liars_dice",
      "seed": 1153102887,
      "opponent": "mcts",
      "final_reward": 0.0,
      "total_turns": 1,
      "valid_turns": 0,
      "invalid_turns": 1,
      "valid_rate": 0.0
    },
    {
      "task_id": 145743334,
      "game_name": "liars_dice",
      "seed": 2560151,
      "opponent": "mcts",
      "final_reward": 0.0,
      "total_turns": 1,
      "valid_turns": 0,
      "invalid_turns": 1,
      "valid_rate": 0.0
    },
    {
      "task_id": 118313786,
      "game_name": "liars_dice",
      "seed": 2065824512,
      "opponent": "mcts",
      "final_reward": 0.0,
      "total_turns": 1,
      "valid_turns": 1,
      "invalid_turns": 0,
      "valid_rate": 1.0
    },
    {
      "task_id": 197230524,
      "game_name": "liars_dice",
      "seed": 1044390727,
      "opponent": "mcts",
      "final_reward": 0.0,
      "total_turns": 1,
      "valid_turns": 0,
      "invalid_turns": 1,
      "valid_rate": 0.0
    },
    {
      "task_id": 135498537,
      "game_name": "liars_dice",
      "seed": 218692883,
      "opponent": "mcts",
      "final_reward": 0.0,
      "total_turns": 1,
      "valid_turns": 0,
      "invalid_turns": 1,
      "valid_rate": 0.0
    },
    {
      "task_id": 176914106,
      "game_name": "liars_dice",
      "seed": 1483556210,
      "opponent": "mcts",
      "final_reward": 0.0,
      "total_turns": 1,
      "valid_turns": 1,
      "invalid_turns": 0,
      "valid_rate": 1.0
    },
    {
      "task_id": 142923538,
      "game_name": "liars_dice",
      "seed": 132473139,
      "opponent": "mcts",
      "final_reward": 0.0,
      "total_turns": 1,
      "valid_turns": 0,
      "invalid_turns": 1,
      "valid_rate": 0.0
    },
    {
      "task_id": 177513716,
      "game_name": "liars_dice",
      "seed": 1665958254,
      "opponent": "mcts",
      "final_reward": 0.0,
      "total_turns": 1,
      "valid_turns": 0,
      "invalid_turns": 1,
      "valid_rate": 0.0
    },
    {
      "task_id": 195703148,
      "game_name": "liars_dice",
      "seed": 2080298437,
      "opponent": "mcts",
      "final_reward": 0.0,
      "total_turns": 1,
      "valid_turns": 1,
      "invalid_turns": 0,
      "valid_rate": 1.0
    },
    {
      "task_id": 176223261,
      "game_name": "liars_dice",
      "seed": 544370137,
      "opponent": "mcts",
      "final_reward": 0.0,
      "total_turns": 1,
      "valid_turns": 1,
      "invalid_turns": 0,
      "valid_rate": 1.0
    },
    {
      "task_id": 130559832,
      "game_name": "liars_dice",
      "seed": 1815440887,
      "opponent": "mcts",
      "final_reward": 0.0,
      "total_turns": 1,
      "valid_turns": 0,
      "invalid_turns": 1,
      "valid_rate": 0.0
    },
    {
      "task_id": 112455385,
      "game_name": "liars_dice",
      "seed": 1334993445,
      "opponent": "mcts",
      "final_reward": 0.0,
      "total_turns": 1,