{
  "step": 55,
  "timestamp": "2026-01-19T10:35:55.589650",
  "num_episodes": 28,
  "stats": {
    "objective/kl": 7.006626725196838,
    "objective/kl_coef": 0.050000110641121864,
    "objective/entropy": 85.4508285522461,
    "ppo/mean_non_score_reward": -0.043791147880256176,
    "ppo/mean_scores": -0.07581062614917755,
    "ppo/std_scores": 0.0,
    "tokens/queries_len_mean": 220.4375,
    "tokens/queries_len_std": 20.188385009765625,
    "tokens/responses_len_mean": 8.0,
    "tokens/responses_len_std": 0.0,
    "ppo/loss/policy": -0.012872651219367981,
    "ppo/loss/value": 1.8707253485918045,
    "ppo/loss/total": 0.1741998940706253,
    "ppo/policy/entropy": 1.285572111606598,
    "ppo/policy/approxkl": 0.001540167722851038,
    "ppo/policy/policykl": 0.014199952129274607,
    "ppo/policy/clipfrac": 0.01171875,
    "ppo/policy/advantages_mean": 1.1175870895385742e-08,
    "ppo/returns/mean": -0.3610592931509018,
    "ppo/returns/var": 3.0571283400058746,
    "ppo/val/vpred": -0.2762196697294712,
    "ppo/val/error": 3.741450697183609,
    "ppo/val/clipfrac": 0.0,
    "ppo/val/mean": -0.27730149775743484,
    "ppo/val/var": 0.32787955552339554,
    "ppo/val/var_explained": -0.35548508167266846,
    "ppo/learning_rate": 5e-07,
    "time/ppo/forward_pass": 0.415863037109375,
    "time/ppo/compute_rewards": 0.0008234381675720215,
    "time/ppo/compute_advantages": 0.018267333507537842,
    "time/ppo/optimize_step": 0.9138773679733276,
    "time/ppo/calc_stats": 0.011707842350006104,
    "time/ppo/total": 1.360628366470337,
    "mean_reward": 0.0,
    "mean_score": 0.0,
    "success_rate": 0.0,
    "num_samples": 16,
    "num_batches": 4,
    "total_valid_turns": 16,
    "total_invalid_turns": 15,
    "avg_valid_rate": 0.5
  },
  "episodes_summary": [
    {
      "task_id": 114420338,
      "game_name": "liars_dice",
      "seed": 1971512238,
      "opponent": "mcts",
      "final_reward": 0.0,
      "total_turns": 2,
      "valid_turns": 2,
      "invalid_turns": 0,
      "valid_rate": 1.0
    },
    {
      "task_id": 147564056,
      "game_name": "liars_dice",
      "seed": 1074398953,
      "opponent": "mcts",
      "final_reward": 0.0,
      "total_turns": 1,
      "valid_turns": 0,
      "invalid_turns": 1,
      "valid_rate": 0.0
    },
    {
      "task_id": 104989475,
      "game_name": "liars_dice",
      "seed": 757587318,
      "opponent": "mcts",
      "final_reward": 0.0,
      "total_turns": 1,
      "valid_turns": 1,
      "invalid_turns": 0,
      "valid_rate": 1.0
    },
    {
      "task_id": 195696602,
      "game_name": "liars_dice",
      "seed": 853548451,
      "opponent": "mcts",
      "final_reward": 0.0,
      "total_turns": 1,
      "valid_turns": 0,
      "invalid_turns": 1,
      "valid_rate": 0.0
    },
    {
      "task_id": 107336229,
      "game_name": "liars_dice",
      "seed": 987867968,
      "opponent": "mcts",
      "final_reward": 0.0,
      "total_turns": 1,
      "valid_turns": 1,
      "invalid_turns": 0,
      "valid_rate": 1.0
    },
    {
      "task_id": 101044851,
      "game_name": "liars_dice",
      "seed": 1587266429,
      "opponent": "mcts",
      "final_reward": 0.0,
      "total_turns": 1,
      "valid_turns": 1,
      "invalid_turns": 0,
      "valid_rate": 1.0
    },
    {
      "task_id": 197289803,
      "game_name": "liars_dice",
      "seed": 1211865434,
      "opponent": "mcts",
      "final_reward": 0.0,
      "total_turns": 2,
      "valid_turns": 1,
      "invalid_turns": 1,
      "valid_rate": 0.5
    },
    {
      "task_id": 147440920,
      "game_name": "liars_dice",
      "seed": 1421676602,
      "opponent": "mcts",
      "final_reward": 0.0,
      "total_turns": 1,
      "valid_turns": 0,
      "invalid_turns": 1,
      "valid_rate": 0.0
    },
    {
      "task_id": 108954799,
      "game_name": "liars_dice",
      "seed": 1893959869,
      "opponent": "mcts",
      "final_reward": 0.0,
      "total_turns": 1,
      "valid_turns": 0,
      "invalid_turns": 1,
      "valid_rate": 0.0
    },
    {
      "task_id": 120607972,
      "game_name": "liars_dice",
      "seed": 706291429,
      "opponent": "mcts",
      "final_reward": 0.0,
      "total_turns": 1,
      "valid_turns": 0,
      "invalid_turns": 1,
      "valid_rate": 0.0
    },
    {
      "task_id": 172347612,
      "game_name": "liars_dice",
      "seed": 1078603142,
      "opponent": "mcts",
      "final_reward": 0.0,
      "total_turns": 1,
      "valid_turns": 1,
      "invalid_turns": 0,
      "valid_rate": 1.0
    },
    {
      "task_id": 134080272,
      "game_name": "liars_dice",
      "seed": 46701233,
      "opponent": "mcts",
      "final_reward": 0.0,
      "total_turns": 1,
      "valid_turns": 0,
      "invalid_turns": 1,
      "valid_rate": 0.0
    },
    {
      "task_id": 188085849,
      "game_name": "liars_dice",
      "seed": 1806111961,
      "opponent": "mcts",
      "final_reward": 0.0,
      "total_turns": 1,
      "valid_turns": 0,
      "invalid_turns": 1,
      "valid_rate": 0.0
    },
    {
      "task_id": 177271779,
      "game_name": "liars_dice",
      "seed": 1806120369,
      "opponent": "mcts",
      "final_reward": 0.0,
      "total_turns": 1,
      "valid_turns": 1,
      "invalid_turns": 0,
      "valid_rate": 1.0
    },
    {
      "task_id": 113378781,
      "game_name": "liars_dice",
      "seed": 1956965871,
      "opponent": "mcts",
      "final_reward": 0.0,
      "total_turns": 1,
      "valid_turns": 0,
      "invalid_turns": 1,
      "valid_rate": 0.0
    },
    {
      "task_id": 151255030,
      "game_name": "liars_dice",
      "seed": 792906584,
      "opponent": "mcts",
      "final_reward": 0.0,
      "total_turns": 1,
      "valid_turns": 1,
      "invalid_turns": 0,
      "valid_rate": 1.0
    },
    {
      "task_id": 146198791,
      "game_name": "liars_dice",
      "seed": 1828522123,
      "opponent": "mcts",
      "final_reward": 0.0,
      "total_turns": 1,
      "valid_turns": 0,
      "invalid_turns": 1,
      "valid_rate": 0.0
    },
    {
      "task_id": 125180156,
      "game_name": "liars_dice",
      "seed": 606071846,
      "opponent": "mcts",
      "final_reward": 0.0,
      "total_turns": 1,
      "valid_turns": 1,
      "invalid_turns": 0,
      "valid_rate": 1.0
    },
    {
      "task_id": 198076320,
      "game_name": "liars_dice",
      "seed": 1904806218,
      "opponent": "mcts",
      "final_reward": 0.0,
      "total_turns": 1,
      "valid_turns": 1,
      "invalid_turns": 0,
      "valid_rate": 1.0
    },
    {
      "task_id": 179919862,
      "game_name": "liars_dice",
      "seed": 809643449,
      "opponent": "mcts",
      "final_reward": 0.0,
      "total_turns": 1,
      "valid_turns": 1,
      "invalid_turns": 0,
      "valid_rate": 1.0
    },
    {
      "task_id": 129530106,
      "game_name": "liars_dice",
      "seed": 1909086238,
      "opponent": "mcts",
      "final_reward": 0.0,
      "total_turns": 2,
      "valid_turns": 1,
      "invalid_turns": 1,
      "valid_rate": 0.5
    },
    {
      "task_id": 118313786,
      "game_name": "liars_dice",
      "seed": 146293370,
      "opponent": "mcts",
      "final_reward": 0.0,
      "total_turns": 1,
      "valid_turns": 1,
      "invalid_turns": 0,
      "valid_rate": 1.0
    },
    {
      "task_id": 174601152,
      "game_name": "liars_dice",
      "seed": 884849165,
      "opponent": "mcts",
      "final_reward": 0.0,
      "total_turns": 1,
      "valid_turns": 0,
      "invalid_turns": 1,
      "valid_rate": 0.0
    },
    {
      "task_id": 197230524,
      "game_name": "liars_dice",
      "seed": 1573900129,
      "opponent": "mcts",
      "final_reward": 0.0,
      "total_turns": 1,
      "valid_turns": 0,
      "invalid_turns": 1,
      "valid_rate": 0.0
    },
    {
      "task_id": 151550213,
      "game_name": "liars_dice",
      "seed": 564410146,
      "opponent": "mcts",
      "final_reward": 0.0,
      "total_turns": 1,
      "valid_turns": 1,