{
  "step": 65,
  "timestamp": "2026-01-19T10:42:00.683570",
  "num_episodes": 22,
  "stats": {
    "objective/kl": 20.61027240753174,
    "objective/kl_coef": 0.05013001337647438,
    "objective/entropy": 96.76973724365234,
    "ppo/mean_non_score_reward": -0.12914722971618176,
    "ppo/mean_scores": -0.06967377476394176,
    "ppo/std_scores": 0.0,
    "tokens/queries_len_mean": 217.6875,
    "tokens/queries_len_std": 11.211317718029022,
    "tokens/responses_len_mean": 8.0,
    "tokens/responses_len_std": 0.0,
    "ppo/loss/policy": -0.011406786739826202,
    "ppo/loss/value": 2.5490299463272095,
    "ppo/loss/total": 0.24349621683359146,
    "ppo/policy/entropy": 1.4615629464387894,
    "ppo/policy/approxkl": 0.0012304621486691758,
    "ppo/policy/policykl": 0.008205469464883208,
    "ppo/policy/clipfrac": 0.0078125,
    "ppo/policy/advantages_mean": 3.725290298461914e-09,
    "ppo/returns/mean": -0.3966800794005394,
    "ppo/returns/var": 4.811451435089111,
    "ppo/val/vpred": -0.3680410534143448,
    "ppo/val/error": 5.098059892654419,
    "ppo/val/clipfrac": 0.0,
    "ppo/val/mean": -0.36720338463783264,
    "ppo/val/var": 0.44178586453199387,
    "ppo/val/var_explained": -0.06075064837932587,
    "ppo/learning_rate": 5e-07,
    "time/ppo/forward_pass": 0.4394436478614807,
    "time/ppo/compute_rewards": 0.0008459091186523438,
    "time/ppo/compute_advantages": 0.017458438873291016,
    "time/ppo/optimize_step": 0.9036272168159485,
    "time/ppo/calc_stats": 0.006827890872955322,
    "time/ppo/total": 1.3682957887649536,
    "mean_reward": 0.0,
    "mean_score": 0.0,
    "success_rate": 0.0,
    "num_samples": 16,
    "num_batches": 4,
    "total_valid_turns": 16,
    "total_invalid_turns": 8,
    "avg_valid_rate": 0.6590909090909091
  },
  "episodes_summary": [
    {
      "task_id": 116244267,
      "game_name": "liars_dice",
      "seed": 1513322415,
      "opponent": "mcts",
      "final_reward": 0.0,
      "total_turns": 1,
      "valid_turns": 1,
      "invalid_turns": 0,
      "valid_rate": 1.0
    },
    {
      "task_id": 146934499,
      "game_name": "liars_dice",
      "seed": 973138505,
      "opponent": "mcts",
      "final_reward": 0.0,
      "total_turns": 1,
      "valid_turns": 1,
      "invalid_turns": 0,
      "valid_rate": 1.0
    },
    {
      "task_id": 199666971,
      "game_name": "liars_dice",
      "seed": 2085321393,
      "opponent": "mcts",
      "final_reward": 0.0,
      "total_turns": 1,
      "valid_turns": 0,
      "invalid_turns": 1,
      "valid_rate": 0.0
    },
    {
      "task_id": 176914106,
      "game_name": "liars_dice",
      "seed": 2008701874,
      "opponent": "mcts",
      "final_reward": 0.0,
      "total_turns": 1,
      "valid_turns": 0,
      "invalid_turns": 1,
      "valid_rate": 0.0
    },
    {
      "task_id": 145789407,
      "game_name": "liars_dice",
      "seed": 2058391280,
      "opponent": "mcts",
      "final_reward": 0.0,
      "total_turns": 1,
      "valid_turns": 1,
      "invalid_turns": 0,
      "valid_rate": 1.0
    },
    {
      "task_id": 198839153,
      "game_name": "liars_dice",
      "seed": 1284148779,
      "opponent": "mcts",
      "final_reward": 0.0,
      "total_turns": 1,
      "valid_turns": 0,
      "invalid_turns": 1,
      "valid_rate": 0.0
    },
    {
      "task_id": 182384452,
      "game_name": "liars_dice",
      "seed": 1595513444,
      "opponent": "mcts",
      "final_reward": 0.0,
      "total_turns": 1,
      "valid_turns": 1,
      "invalid_turns": 0,
      "valid_rate": 1.0
    },
    {
      "task_id": 182245023,
      "game_name": "liars_dice",
      "seed": 779822495,
      "opponent": "mcts",
      "final_reward": 0.0,
      "total_turns": 1,
      "valid_turns": 1,
      "invalid_turns": 0,
      "valid_rate": 1.0
    },
    {
      "task_id": 145647363,
      "game_name": "liars_dice",
      "seed": 2051023882,
      "opponent": "mcts",
      "final_reward": 0.0,
      "total_turns": 1,
      "valid_turns": 0,
      "invalid_turns": 1,
      "valid_rate": 0.0
    },
    {
      "task_id": 105433721,
      "game_name": "liars_dice",
      "seed": 1450560259,
      "opponent": "mcts",
      "final_reward": 0.0,
      "total_turns": 1,
      "valid_turns": 0,
      "invalid_turns": 1,
      "valid_rate": 0.0
    },
    {
      "task_id": 150011919,
      "game_name": "liars_dice",
      "seed": 1454800420,
      "opponent": "mcts",
      "final_reward": 0.0,
      "total_turns": 1,
      "valid_turns": 1,
      "invalid_turns": 0,
      "valid_rate": 1.0
    },
    {
      "task_id": 127410655,
      "game_name": "liars_dice",
      "seed": 1963714738,
      "opponent": "mcts",
      "final_reward": 0.0,
      "total_turns": 1,
      "valid_turns": 1,
      "invalid_turns": 0,
      "valid_rate": 1.0
    },
    {
      "task_id": 157782565,
      "game_name": "liars_dice",
      "seed": 1840820600,
      "opponent": "mcts",
      "final_reward": 0.0,
      "total_turns": 2,
      "valid_turns": 1,
      "invalid_turns": 1,
      "valid_rate": 0.5
    },
    {
      "task_id": 164453908,
      "game_name": "liars_dice",
      "seed": 218533750,
      "opponent": "mcts",
      "final_reward": 0.0,
      "total_turns": 1,
      "valid_turns": 1,
      "invalid_turns": 0,
      "valid_rate": 1.0
    },
    {
      "task_id": 166498814,
      "game_name": "liars_dice",
      "seed": 5535431,
      "opponent": "mcts",
      "final_reward": 0.0,
      "total_turns": 1,
      "valid_turns": 0,
      "invalid_turns": 1,
      "valid_rate": 0.0
    },
    {
      "task_id": 143398085,
      "game_name": "liars_dice",
      "seed": 701827354,
      "opponent": "mcts",
      "final_reward": 0.0,
      "total_turns": 1,
      "valid_turns": 1,
      "invalid_turns": 0,
      "valid_rate": 1.0
    },
    {
      "task_id": 192138115,
      "game_name": "liars_dice",
      "seed": 521466312,
      "opponent": "mcts",
      "final_reward": 0.0,
      "total_turns": 1,
      "valid_turns": 1,
      "invalid_turns": 0,
      "valid_rate": 1.0
    },
    {
      "task_id": 170912971,
      "game_name": "liars_dice",
      "seed": 92271038,
      "opponent": "mcts",
      "final_reward": 0.0,
      "total_turns": 2,
      "valid_turns": 2,
      "invalid_turns": 0,
      "valid_rate": 1.0
    },
    {
      "task_id": 146861088,
      "game_name": "liars_dice",
      "seed": 689672615,
      "opponent": "mcts",
      "final_reward": 0.0,
      "total_turns": 1,
      "valid_turns": 1,
      "invalid_turns": 0,
      "valid_rate": 1.0
    },
    {
      "task_id": 166655848,
      "game_name": "liars_dice",
      "seed": 1440542211,
      "opponent": "mcts",
      "final_reward": 0.0,
      "total_turns": 1,
      "valid_turns": 0,
      "invalid_turns": 1,
      "valid_rate": 0.0
    },
    {
      "task_id": 190674539,
      "game_name": "liars_dice",
      "seed": 1963139287,
      "opponent": "mcts",
      "final_reward": 0.0,
      "total_turns": 1,
      "valid_turns": 1,
      "invalid_turns": 0,
      "valid_rate": 1.0
    },
    {
      "task_id": 126840588,
      "game_name": "liars_dice",
      "seed": 471531678,
      "opponent": "mcts",
      "final_reward": 0.0,
      "total_turns": 1,
      "valid_turns": 1,
      "invalid_turns": 0,
      "valid_rate": 1.0
    }
  ],
  "aggregated": {
    "total_valid_turns": 16,
    "total_invalid_turns": 8,
    "avg_valid_rate": 0.6590909090909091,
    "games_played": {
      "liars_dice": 22
    },
    "success_count": 0,
    "failure_count": 22,
    "success_rate": 0.0
  }
}