{
  "step": 8,
  "timestamp": "2026-01-19T10:04:12.518260",
  "num_episodes": 28,
  "stats": {
    "objective/kl": 10.735629081726074,
    "objective/kl_coef": 0.050092787481844425,
    "objective/entropy": 81.20625877380371,
    "ppo/mean_non_score_reward": -0.06722221337258816,
    "ppo/mean_scores": -0.12863511592149734,
    "ppo/std_scores": 0.0,
    "tokens/queries_len_mean": 216.3125,
    "tokens/queries_len_std": 14.415496110916138,
    "tokens/responses_len_mean": 8.0,
    "tokens/responses_len_std": 0.0,
    "ppo/loss/policy": -0.002135711256414652,
    "ppo/loss/value": 1.0028071701526642,
    "ppo/loss/total": 0.0981450043618679,
    "ppo/policy/entropy": 2.518994629383087,
    "ppo/policy/approxkl": 0.0008162395970430225,
    "ppo/policy/policykl": 0.000794112856965512,
    "ppo/policy/clipfrac": 0.00390625,
    "ppo/policy/advantages_mean": -1.30385160446167e-08,
    "ppo/returns/mean": 0.4045371040701866,
    "ppo/returns/var": 0.9418104141950607,
    "ppo/val/vpred": 0.35475747287273407,
    "ppo/val/error": 2.0056143403053284,
    "ppo/val/clipfrac": 0.0,
    "ppo/val/mean": 0.3545299395918846,
    "ppo/val/var": 0.8260542750358582,
    "ppo/val/var_explained": -1.1218455135822296,
    "ppo/learning_rate": 5e-07,
    "time/ppo/forward_pass": 0.4059210419654846,
    "time/ppo/compute_rewards": 0.0008172988891601562,
    "time/ppo/compute_advantages": 0.017161965370178223,
    "time/ppo/optimize_step": 0.9205831289291382,
    "time/ppo/calc_stats": 0.006796061992645264,
    "time/ppo/total": 1.3513688445091248,
    "mean_reward": 0.0,
    "mean_score": 0.0,
    "success_rate": 0.0,
    "num_samples": 16,
    "num_batches": 4,
    "total_valid_turns": 16,
    "total_invalid_turns": 17,
    "avg_valid_rate": 0.4642857142857143
  },
  "episodes_summary": [
    {
      "task_id": 135684741,
      "game_name": "liars_dice",
      "seed": 181398436,
      "opponent": "mcts",
      "final_reward": 0.0,
      "total_turns": 2,
      "valid_turns": 1,
      "invalid_turns": 1,
      "valid_rate": 0.5
    },
    {
      "task_id": 198616608,
      "game_name": "liars_dice",
      "seed": 699467811,
      "opponent": "mcts",
      "final_reward": 0.0,
      "total_turns": 1,
      "valid_turns": 0,
      "invalid_turns": 1,
      "valid_rate": 0.0
    },
    {
      "task_id": 187862626,
      "game_name": "liars_dice",
      "seed": 30623376,
      "opponent": "mcts",
      "final_reward": 0.0,
      "total_turns": 1,
      "valid_turns": 0,
      "invalid_turns": 1,
      "valid_rate": 0.0
    },
    {
      "task_id": 112242798,
      "game_name": "liars_dice",
      "seed": 1837148936,
      "opponent": "mcts",
      "final_reward": 0.0,
      "total_turns": 2,
      "valid_turns": 1,
      "invalid_turns": 1,
      "valid_rate": 0.5
    },
    {
      "task_id": 174862420,
      "game_name": "liars_dice",
      "seed": 949071605,
      "opponent": "mcts",
      "final_reward": 0.0,
      "total_turns": 1,
      "valid_turns": 1,
      "invalid_turns": 0,
      "valid_rate": 1.0
    },
    {
      "task_id": 181647169,
      "game_name": "liars_dice",
      "seed": 439542088,
      "opponent": "mcts",
      "final_reward": 0.0,
      "total_turns": 1,
      "valid_turns": 0,
      "invalid_turns": 1,
      "valid_rate": 0.0
    },
    {
      "task_id": 142819503,
      "game_name": "liars_dice",
      "seed": 1386969407,
      "opponent": "mcts",
      "final_reward": 0.0,
      "total_turns": 1,
      "valid_turns": 0,
      "invalid_turns": 1,
      "valid_rate": 0.0
    },
    {
      "task_id": 134292610,
      "game_name": "liars_dice",
      "seed": 123820123,
      "opponent": "mcts",
      "final_reward": 0.0,
      "total_turns": 1,
      "valid_turns": 0,
      "invalid_turns": 1,
      "valid_rate": 0.0
    },
    {
      "task_id": 149486630,
      "game_name": "liars_dice",
      "seed": 344095369,
      "opponent": "mcts",
      "final_reward": 0.0,
      "total_turns": 1,
      "valid_turns": 0,
      "invalid_turns": 1,
      "valid_rate": 0.0
    },
    {
      "task_id": 120992063,
      "game_name": "liars_dice",
      "seed": 1484972987,
      "opponent": "mcts",
      "final_reward": 0.0,
      "total_turns": 1,
      "valid_turns": 0,
      "invalid_turns": 1,
      "valid_rate": 0.0
    },
    {
      "task_id": 114058807,
      "game_name": "liars_dice",
      "seed": 865958133,
      "opponent": "mcts",
      "final_reward": 0.0,
      "total_turns": 1,
      "valid_turns": 0,
      "invalid_turns": 1,
      "valid_rate": 0.0
    },
    {
      "task_id": 108905975,
      "game_name": "liars_dice",
      "seed": 1294165333,
      "opponent": "mcts",
      "final_reward": 0.0,
      "total_turns": 1,
      "valid_turns": 1,
      "invalid_turns": 0,
      "valid_rate": 1.0
    },
    {
      "task_id": 134177091,
      "game_name": "liars_dice",
      "seed": 2070537872,
      "opponent": "mcts",
      "final_reward": 0.0,
      "total_turns": 2,
      "valid_turns": 1,
      "invalid_turns": 1,
      "valid_rate": 0.5
    },
    {
      "task_id": 105973078,
      "game_name": "liars_dice",
      "seed": 1313464150,
      "opponent": "mcts",
      "final_reward": 0.0,
      "total_turns": 1,
      "valid_turns": 1,
      "invalid_turns": 0,
      "valid_rate": 1.0
    },
    {
      "task_id": 101235938,
      "game_name": "liars_dice",
      "seed": 1979683824,
      "opponent": "mcts",
      "final_reward": 0.0,
      "total_turns": 1,
      "valid_turns": 0,
      "invalid_turns": 1,
      "valid_rate": 0.0
    },
    {
      "task_id": 106371118,
      "game_name": "liars_dice",
      "seed": 1770042721,
      "opponent": "mcts",
      "final_reward": 0.0,
      "total_turns": 1,
      "valid_turns": 0,
      "invalid_turns": 1,
      "valid_rate": 0.0
    },
    {
      "task_id": 159070377,
      "game_name": "liars_dice",
      "seed": 507337168,
      "opponent": "mcts",
      "final_reward": 0.0,
      "total_turns": 1,
      "valid_turns": 0,
      "invalid_turns": 1,
      "valid_rate": 0.0
    },
    {
      "task_id": 173046040,
      "game_name": "liars_dice",
      "seed": 1035707311,
      "opponent": "mcts",
      "final_reward": 0.0,
      "total_turns": 1,
      "valid_turns": 1,
      "invalid_turns": 0,
      "valid_rate": 1.0
    },
    {
      "task_id": 108905975,
      "game_name": "liars_dice",
      "seed": 660547420,
      "opponent": "mcts",
      "final_reward": 0.0,
      "total_turns": 1,
      "valid_turns": 1,
      "invalid_turns": 0,
      "valid_rate": 1.0
    },
    {
      "task_id": 159141669,
      "game_name": "liars_dice",
      "seed": 331327998,
      "opponent": "mcts",
      "final_reward": 0.0,
      "total_turns": 1,
      "valid_turns": 1,
      "invalid_turns": 0,
      "valid_rate": 1.0
    },
    {
      "task_id": 105281693,
      "game_name": "liars_dice",
      "seed": 774766559,
      "opponent": "mcts",
      "final_reward": 0.0,
      "total_turns": 1,
      "valid_turns": 1,
      "invalid_turns": 0,
      "valid_rate": 1.0
    },
    {
      "task_id": 173046040,
      "game_name": "liars_dice",
      "seed": 945109704,
      "opponent": "mcts",
      "final_reward": 0.0,
      "total_turns": 1,
      "valid_turns": 0,
      "invalid_turns": 1,
      "valid_rate": 0.0
    },
    {
      "task_id": 154349339,
      "game_name": "liars_dice",
      "seed": 1198278776,
      "opponent": "mcts",
      "final_reward": 0.0,
      "total_turns": 1,
      "valid_turns": 1,
      "invalid_turns": 0,
      "valid_rate": 1.0
    },
    {
      "task_id": 158363731,
      "game_name": "liars_dice",
      "seed": 460787179,
      "opponent": "mcts",
      "final_reward": 0.0,
      "total_turns": 1,
      "valid_turns": 1,
      "invalid_turns": 0,
      "valid_rate": 1.0
    },
    {
      "task_id": 181883819,
      "game_name": "liars_dice",
      "seed": 864083196,
      "opponent": "mcts",
      "final_reward": 0.0,
      "total_turns": 2,
      "valid_turns": 1,