{
  "step": 89,
  "timestamp": "2026-01-19T10:57:05.492379",
  "num_episodes": 20,
  "stats": {
    "objective/kl": 25.70343327522278,
    "objective/kl_coef": 0.05050834733992815,
    "objective/entropy": 105.60981178283691,
    "ppo/mean_non_score_reward": -0.16228475328534842,
    "ppo/mean_scores": -0.06516370736062527,
    "ppo/std_scores": 0.0,
    "tokens/queries_len_mean": 216.875,
    "tokens/queries_len_std": 12.583415865898132,
    "tokens/responses_len_mean": 8.0,
    "tokens/responses_len_std": 0.0,
    "ppo/loss/policy": -0.009997452609241009,
    "ppo/loss/value": 1.511192113161087,
    "ppo/loss/total": 0.14112175814807415,
    "ppo/policy/entropy": 2.1877232491970062,
    "ppo/policy/approxkl": 0.0009675618348410353,
    "ppo/policy/policykl": 0.004295470425859094,
    "ppo/policy/clipfrac": 0.00390625,
    "ppo/policy/advantages_mean": -9.313225746154785e-09,
    "ppo/returns/mean": -0.3826662749052048,
    "ppo/returns/var": 3.3724972903728485,
    "ppo/val/vpred": -0.8553393483161926,
    "ppo/val/error": 3.022384226322174,
    "ppo/val/clipfrac": 0.0,
    "ppo/val/mean": -0.8568236827850342,
    "ppo/val/var": 0.8033798635005951,
    "ppo/val/var_explained": 0.025448888540267944,
    "ppo/learning_rate": 5e-07,
    "time/ppo/forward_pass": 0.4053660035133362,
    "time/ppo/compute_rewards": 0.0008052587509155273,
    "time/ppo/compute_advantages": 0.01683729887008667,
    "time/ppo/optimize_step": 0.8930742740631104,
    "time/ppo/calc_stats": 0.00658869743347168,
    "time/ppo/total": 1.3227615356445312,
    "mean_reward": 0.0,
    "mean_score": 0.0,
    "success_rate": 0.0,
    "num_samples": 16,
    "num_batches": 4,
    "total_valid_turns": 16,
    "total_invalid_turns": 10,
    "avg_valid_rate": 0.625
  },
  "episodes_summary": [
    {
      "task_id": 179981016,
      "game_name": "liars_dice",
      "seed": 529712459,
      "opponent": "mcts",
      "final_reward": 0.0,
      "total_turns": 1,
      "valid_turns": 0,
      "invalid_turns": 1,
      "valid_rate": 0.0
    },
    {
      "task_id": 141065520,
      "game_name": "liars_dice",
      "seed": 625293909,
      "opponent": "mcts",
      "final_reward": 0.0,
      "total_turns": 1,
      "valid_turns": 1,
      "invalid_turns": 0,
      "valid_rate": 1.0
    },
    {
      "task_id": 188914752,
      "game_name": "liars_dice",
      "seed": 2093369439,
      "opponent": "mcts",
      "final_reward": 0.0,
      "total_turns": 1,
      "valid_turns": 0,
      "invalid_turns": 1,
      "valid_rate": 0.0
    },
    {
      "task_id": 133516149,
      "game_name": "liars_dice",
      "seed": 1476641245,
      "opponent": "mcts",
      "final_reward": 0.0,
      "total_turns": 1,
      "valid_turns": 0,
      "invalid_turns": 1,
      "valid_rate": 0.0
    },
    {
      "task_id": 177301634,
      "game_name": "liars_dice",
      "seed": 1745745145,
      "opponent": "mcts",
      "final_reward": 0.0,
      "total_turns": 1,
      "valid_turns": 1,
      "invalid_turns": 0,
      "valid_rate": 1.0
    },
    {
      "task_id": 143847594,
      "game_name": "liars_dice",
      "seed": 1750255000,
      "opponent": "mcts",
      "final_reward": 0.0,
      "total_turns": 2,
      "valid_turns": 1,
      "invalid_turns": 1,
      "valid_rate": 0.5
    },
    {
      "task_id": 179536540,
      "game_name": "liars_dice",
      "seed": 341862571,
      "opponent": "mcts",
      "final_reward": 0.0,
      "total_turns": 1,
      "valid_turns": 1,
      "invalid_turns": 0,
      "valid_rate": 1.0
    },
    {
      "task_id": 151424134,
      "game_name": "liars_dice",
      "seed": 839457242,
      "opponent": "mcts",
      "final_reward": 0.0,
      "total_turns": 2,
      "valid_turns": 1,
      "invalid_turns": 1,
      "valid_rate": 0.5
    },
    {
      "task_id": 110839645,
      "game_name": "liars_dice",
      "seed": 1886326090,
      "opponent": "mcts",
      "final_reward": 0.0,
      "total_turns": 2,
      "valid_turns": 1,
      "invalid_turns": 1,
      "valid_rate": 0.5
    },
    {
      "task_id": 143198029,
      "game_name": "liars_dice",
      "seed": 45860405,
      "opponent": "mcts",
      "final_reward": 0.0,
      "total_turns": 1,
      "valid_turns": 1,
      "invalid_turns": 0,
      "valid_rate": 1.0
    },
    {
      "task_id": 139243641,
      "game_name": "liars_dice",
      "seed": 2643060,
      "opponent": "mcts",
      "final_reward": 0.0,
      "total_turns": 1,
      "valid_turns": 1,
      "invalid_turns": 0,
      "valid_rate": 1.0
    },
    {
      "task_id": 169093353,
      "game_name": "liars_dice",
      "seed": 1423512987,
      "opponent": "mcts",
      "final_reward": 0.0,
      "total_turns": 1,
      "valid_turns": 0,
      "invalid_turns": 1,
      "valid_rate": 0.0
    },
    {
      "task_id": 111303569,
      "game_name": "liars_dice",
      "seed": 1203640040,
      "opponent": "mcts",
      "final_reward": 0.0,
      "total_turns": 2,
      "valid_turns": 2,
      "invalid_turns": 0,
      "valid_rate": 1.0
    },
    {
      "task_id": 129818755,
      "game_name": "liars_dice",
      "seed": 584965928,
      "opponent": "mcts",
      "final_reward": 0.0,
      "total_turns": 2,
      "valid_turns": 1,
      "invalid_turns": 1,
      "valid_rate": 0.5
    },
    {
      "task_id": 158536960,
      "game_name": "liars_dice",
      "seed": 296233353,
      "opponent": "mcts",
      "final_reward": 0.0,
      "total_turns": 1,
      "valid_turns": 1,
      "invalid_turns": 0,
      "valid_rate": 1.0
    },
    {
      "task_id": 110242922,
      "game_name": "liars_dice",
      "seed": 1153436721,
      "opponent": "mcts",
      "final_reward": 0.0,
      "total_turns": 1,
      "valid_turns": 1,
      "invalid_turns": 0,
      "valid_rate": 1.0
    },
    {
      "task_id": 183989386,
      "game_name": "liars_dice",
      "seed": 1056485030,
      "opponent": "mcts",
      "final_reward": 0.0,
      "total_turns": 1,
      "valid_turns": 1,
      "invalid_turns": 0,
      "valid_rate": 1.0
    },
    {
      "task_id": 173237170,
      "game_name": "liars_dice",
      "seed": 1460345453,
      "opponent": "mcts",
      "final_reward": 0.0,
      "total_turns": 1,
      "valid_turns": 0,
      "invalid_turns": 1,
      "valid_rate": 0.0
    },
    {
      "task_id": 192200610,
      "game_name": "liars_dice",
      "seed": 1652199934,
      "opponent": "mcts",
      "final_reward": 0.0,
      "total_turns": 2,
      "valid_turns": 1,
      "invalid_turns": 1,
      "valid_rate": 0.5
    },
    {
      "task_id": 170687327,
      "game_name": "liars_dice",
      "seed": 22696122,
      "opponent": "mcts",
      "final_reward": 0.0,
      "total_turns": 1,
      "valid_turns": 1,
      "invalid_turns": 0,
      "valid_rate": 1.0
    }
  ],
  "aggregated": {
    "total_valid_turns": 16,
    "total_invalid_turns": 10,
    "avg_valid_rate": 0.625,
    "games_played": {
      "liars_dice": 20
    },
    "success_count": 0,
    "failure_count": 20,
    "success_rate": 0.0
  }
}