{
  "step": 39,
  "timestamp": "2026-01-19T10:25:37.695874",
  "num_episodes": 21,
  "stats": {
    "objective/kl": 3.3386335372924805,
    "objective/kl_coef": 0.050227138213813305,
    "objective/entropy": 77.4045639038086,
    "ppo/mean_non_score_reward": -0.020961210131645203,
    "ppo/mean_scores": -0.08064956776797771,
    "ppo/std_scores": 0.0,
    "tokens/queries_len_mean": 221.375,
    "tokens/queries_len_std": 19.273692190647125,
    "tokens/responses_len_mean": 8.0,
    "tokens/responses_len_std": 0.0,
    "ppo/loss/policy": -0.00045840954408049583,
    "ppo/loss/value": 0.7852826863527298,
    "ppo/loss/total": 0.07806986197829247,
    "ppo/policy/entropy": 1.7311308085918427,
    "ppo/policy/approxkl": 0.00032548094168305397,
    "ppo/policy/policykl": -0.0009000935533549637,
    "ppo/policy/clipfrac": 0.0,
    "ppo/policy/advantages_mean": -7.450580596923828e-09,
    "ppo/returns/mean": -0.5146336406469345,
    "ppo/returns/var": 1.1725678145885468,
    "ppo/val/vpred": -0.0024878159165382385,
    "ppo/val/error": 1.5705653727054596,
    "ppo/val/clipfrac": 0.0,
    "ppo/val/mean": -0.0011917930096387863,
    "ppo/val/var": 0.42193518951535225,
    "ppo/val/var_explained": -0.35827216506004333,
    "ppo/learning_rate": 5e-07,
    "time/ppo/forward_pass": 0.4637365937232971,
    "time/ppo/compute_rewards": 0.0010151863098144531,
    "time/ppo/compute_advantages": 0.022608160972595215,
    "time/ppo/optimize_step": 0.9781116247177124,
    "time/ppo/calc_stats": 0.01093524694442749,
    "time/ppo/total": 1.47650545835495,
    "mean_reward": 0.0,
    "mean_score": 0.0,
    "success_rate": 0.0,
    "num_samples": 16,
    "num_batches": 4,
    "total_valid_turns": 16,
    "total_invalid_turns": 7,
    "avg_valid_rate": 0.6666666666666666
  },
  "episodes_summary": [
    {
      "task_id": 159547955,
      "game_name": "liars_dice",
      "seed": 1426280766,
      "opponent": "mcts",
      "final_reward": 0.0,
      "total_turns": 1,
      "valid_turns": 1,
      "invalid_turns": 0,
      "valid_rate": 1.0
    },
    {
      "task_id": 154169229,
      "game_name": "liars_dice",
      "seed": 1203955255,
      "opponent": "mcts",
      "final_reward": 0.0,
      "total_turns": 1,
      "valid_turns": 0,
      "invalid_turns": 1,
      "valid_rate": 0.0
    },
    {
      "task_id": 128730165,
      "game_name": "liars_dice",
      "seed": 2005430784,
      "opponent": "mcts",
      "final_reward": 0.0,
      "total_turns": 1,
      "valid_turns": 1,
      "invalid_turns": 0,
      "valid_rate": 1.0
    },
    {
      "task_id": 157521764,
      "game_name": "liars_dice",
      "seed": 557529066,
      "opponent": "mcts",
      "final_reward": 0.0,
      "total_turns": 2,
      "valid_turns": 2,
      "invalid_turns": 0,
      "valid_rate": 1.0
    },
    {
      "task_id": 164065239,
      "game_name": "liars_dice",
      "seed": 817595284,
      "opponent": "mcts",
      "final_reward": 0.0,
      "total_turns": 1,
      "valid_turns": 1,
      "invalid_turns": 0,
      "valid_rate": 1.0
    },
    {
      "task_id": 183823409,
      "game_name": "liars_dice",
      "seed": 828771941,
      "opponent": "mcts",
      "final_reward": 0.0,
      "total_turns": 1,
      "valid_turns": 1,
      "invalid_turns": 0,
      "valid_rate": 1.0
    },
    {
      "task_id": 159070377,
      "game_name": "liars_dice",
      "seed": 1162565569,
      "opponent": "mcts",
      "final_reward": 0.0,
      "total_turns": 1,
      "valid_turns": 1,
      "invalid_turns": 0,
      "valid_rate": 1.0
    },
    {
      "task_id": 178819556,
      "game_name": "liars_dice",
      "seed": 794385344,
      "opponent": "mcts",
      "final_reward": 0.0,
      "total_turns": 1,
      "valid_turns": 1,
      "invalid_turns": 0,
      "valid_rate": 1.0
    },
    {
      "task_id": 164593943,
      "game_name": "liars_dice",
      "seed": 1065651708,
      "opponent": "mcts",
      "final_reward": 0.0,
      "total_turns": 1,
      "valid_turns": 1,
      "invalid_turns": 0,
      "valid_rate": 1.0
    },
    {
      "task_id": 115599861,
      "game_name": "liars_dice",
      "seed": 233639817,
      "opponent": "mcts",
      "final_reward": 0.0,
      "total_turns": 1,
      "valid_turns": 1,
      "invalid_turns": 0,
      "valid_rate": 1.0
    },
    {
      "task_id": 196997420,
      "game_name": "liars_dice",
      "seed": 405734039,
      "opponent": "mcts",
      "final_reward": 0.0,
      "total_turns": 1,
      "valid_turns": 0,
      "invalid_turns": 1,
      "valid_rate": 0.0
    },
    {
      "task_id": 119749283,
      "game_name": "liars_dice",
      "seed": 901355197,
      "opponent": "mcts",
      "final_reward": 0.0,
      "total_turns": 1,
      "valid_turns": 1,
      "invalid_turns": 0,
      "valid_rate": 1.0
    },
    {
      "task_id": 113404428,
      "game_name": "liars_dice",
      "seed": 411467445,
      "opponent": "mcts",
      "final_reward": 0.0,
      "total_turns": 1,
      "valid_turns": 0,
      "invalid_turns": 1,
      "valid_rate": 0.0
    },
    {
      "task_id": 145050625,
      "game_name": "liars_dice",
      "seed": 872588410,
      "opponent": "mcts",
      "final_reward": 0.0,
      "total_turns": 1,
      "valid_turns": 0,
      "invalid_turns": 1,
      "valid_rate": 0.0
    },
    {
      "task_id": 180939606,
      "game_name": "liars_dice",
      "seed": 1232568155,
      "opponent": "mcts",
      "final_reward": 0.0,
      "total_turns": 1,
      "valid_turns": 1,
      "invalid_turns": 0,
      "valid_rate": 1.0
    },
    {
      "task_id": 199635922,
      "game_name": "liars_dice",
      "seed": 1796880326,
      "opponent": "mcts",
      "final_reward": 0.0,
      "total_turns": 1,
      "valid_turns": 1,
      "invalid_turns": 0,
      "valid_rate": 1.0
    },
    {
      "task_id": 125298454,
      "game_name": "liars_dice",
      "seed": 559429153,
      "opponent": "mcts",
      "final_reward": 0.0,
      "total_turns": 1,
      "valid_turns": 0,
      "invalid_turns": 1,
      "valid_rate": 0.0
    },
    {
      "task_id": 110865013,
      "game_name": "liars_dice",
      "seed": 1141216811,
      "opponent": "mcts",
      "final_reward": 0.0,
      "total_turns": 1,
      "valid_turns": 1,
      "invalid_turns": 0,
      "valid_rate": 1.0
    },
    {
      "task_id": 191302678,
      "game_name": "liars_dice",
      "seed": 1394411425,
      "opponent": "mcts",
      "final_reward": 0.0,
      "total_turns": 1,
      "valid_turns": 0,
      "invalid_turns": 1,
      "valid_rate": 0.0
    },
    {
      "task_id": 103793333,
      "game_name": "liars_dice",
      "seed": 1443247469,
      "opponent": "mcts",
      "final_reward": 0.0,
      "total_turns": 1,
      "valid_turns": 0,
      "invalid_turns": 1,
      "valid_rate": 0.0
    },
    {
      "task_id": 153191599,
      "game_name": "liars_dice",
      "seed": 49470110,
      "opponent": "mcts",
      "final_reward": 0.0,
      "total_turns": 2,
      "valid_turns": 2,
      "invalid_turns": 0,
      "valid_rate": 1.0
    }
  ],
  "aggregated": {
    "total_valid_turns": 16,
    "total_invalid_turns": 7,
    "avg_valid_rate": 0.6666666666666666,
    "games_played": {
      "liars_dice": 21
    },
    "success_count": 0,
    "failure_count": 21,
    "success_rate": 0.0
  }
}