{
  "step": 10,
  "timestamp": "2026-01-10T01:59:33.177874",
  "num_episodes": 16,
  "stats": {
    "objective/kl": 1.4542949199676514,
    "objective/kl_coef": 0.001,
    "objective/entropy": 69.06571960449219,
    "ppo/mean_non_score_reward": -0.00041551285539753735,
    "ppo/mean_scores": 0.12613245844841003,
    "ppo/std_scores": 1.1479419469833374,
    "tokens/queries_len_mean": 508.0,
    "tokens/queries_len_std": 0.0,
    "tokens/responses_len_mean": 3.5,
    "tokens/responses_len_std": 0.5773502588272095,
    "ppo/loss/policy": 6.811959707420101e-08,
    "ppo/loss/value": 1.3766366243362427,
    "ppo/loss/total": 0.13766373693943024,
    "ppo/policy/entropy": 0.2829655110836029,
    "ppo/policy/approxkl": 0.0,
    "ppo/policy/policykl": 0.0,
    "ppo/policy/clipfrac": 0.0,
    "ppo/policy/advantages_mean": -6.811959707420101e-08,
    "ppo/returns/mean": -0.09547103941440582,
    "ppo/returns/var": 0.9573724269866943,
    "ppo/val/vpred": -1.0199756622314453,
    "ppo/val/error": 2.7532732486724854,
    "ppo/val/clipfrac": 0.0,
    "ppo/val/mean": -1.0199756622314453,
    "ppo/val/var": 1.0352909564971924,
    "ppo/val/var_explained": -1.8758642673492432,
    "ppo/learning_rate": 5e-06,
    "time/ppo/forward_pass": 0.6351635456085205,
    "time/ppo/compute_rewards": 0.0007073879241943359,
    "time/ppo/compute_advantages": 0.03609323501586914,
    "time/ppo/optimize_step": 0.7331998348236084,
    "time/ppo/calc_stats": 0.035149335861206055,
    "time/ppo/total": 1.4403579235076904,
    "mean_reward": 0.5,
    "mean_score": 0.5,
    "success_rate": 0.5,
    "num_samples": 4,
    "num_batches": 1,
    "total_valid_turns": 4,
    "total_invalid_turns": 148,
    "avg_valid_rate": 0.06770833333333333
  },
  "episodes_summary": [
    {
      "task_id": 105991600,
      "game_name": "liars_dice",
      "seed": 171715695,
      "opponent": "random",
      "final_reward": 1.0,
      "total_turns": 2,
      "valid_turns": 0,
      "invalid_turns": 2,
      "valid_rate": 0.0
    },
    {
      "task_id": 69801698,
      "game_name": "goofspiel",
      "seed": 927624393,
      "opponent": "random",
      "final_reward": 1.0,
      "total_turns": 0,
      "valid_turns": 0,
      "invalid_turns": 0,
      "valid_rate": 0.0
    },
    {
      "task_id": 361132180,
      "game_name": "gin_rummy",
      "seed": 1804363506,
      "opponent": "random",
      "final_reward": 0.5,
      "total_turns": 80,
      "valid_turns": 0,
      "invalid_turns": 80,
      "valid_rate": 0.0
    },
    {
      "task_id": 119554237,
      "game_name": "liars_dice",
      "seed": 1829528259,
      "opponent": "random",
      "final_reward": 1.0,
      "total_turns": 3,
      "valid_turns": 0,
      "invalid_turns": 3,
      "valid_rate": 0.0
    },
    {
      "task_id": 611278591,
      "game_name": "hex",
      "seed": 449960618,
      "opponent": "random",
      "final_reward": 1.0,
      "total_turns": 43,
      "valid_turns": 0,
      "invalid_turns": 43,
      "valid_rate": 0.0
    },
    {
      "task_id": 155722026,
      "game_name": "liars_dice",
      "seed": 670689064,
      "opponent": "random",
      "final_reward": 0.0,
      "total_turns": 3,
      "valid_turns": 1,
      "invalid_turns": 2,
      "valid_rate": 0.3333333333333333
    },
    {
      "task_id": 59957555,
      "game_name": "goofspiel",
      "seed": 1851501600,
      "opponent": "random",
      "final_reward": 0.5,
      "total_turns": 0,
      "valid_turns": 0,
      "invalid_turns": 0,
      "valid_rate": 0.0
    },
    {
      "task_id": 66655848,
      "game_name": "goofspiel",
      "seed": 1393713149,
      "opponent": "random",
      "final_reward": 1.0,
      "total_turns": 0,
      "valid_turns": 0,
      "invalid_turns": 0,
      "valid_rate": 0.0
    },
    {
      "task_id": 147312155,
      "game_name": "liars_dice",
      "seed": 302062762,
      "opponent": "random",
      "final_reward": 1.0,
      "total_turns": 4,
      "valid_turns": 1,
      "invalid_turns": 3,
      "valid_rate": 0.25
    },
    {
      "task_id": 191802769,
      "game_name": "liars_dice",
      "seed": 126175447,
      "opponent": "random",
      "final_reward": 0.0,
      "total_turns": 3,
      "valid_turns": 0,
      "invalid_turns": 3,
      "valid_rate": 0.0
    },
    {
      "task_id": 201337377,
      "game_name": "leduc_poker",
      "seed": 989962187,
      "opponent": "random",
      "final_reward": 0.46153846153846156,
      "total_turns": 1,
      "valid_turns": 0,
      "invalid_turns": 1,
      "valid_rate": 0.0
    },
    {
      "task_id": 180072824,
      "game_name": "liars_dice",
      "seed": 615430777,
      "opponent": "random",
      "final_reward": 0.0,
      "total_turns": 2,
      "valid_turns": 0,
      "invalid_turns": 2,
      "valid_rate": 0.0
    },
    {
      "task_id": 191802769,
      "game_name": "liars_dice",
      "seed": 879569790,
      "opponent": "random",
      "final_reward": 0.0,
      "total_turns": 4,
      "valid_turns": 1,
      "invalid_turns": 3,
      "valid_rate": 0.25
    },
    {
      "task_id": 100964296,
      "game_name": "liars_dice",
      "seed": 1259554806,
      "opponent": "random",
      "final_reward": 1.0,
      "total_turns": 4,
      "valid_turns": 1,
      "invalid_turns": 3,
      "valid_rate": 0.25
    },
    {
      "task_id": 81181356,
      "game_name": "goofspiel",
      "seed": 1000139413,
      "opponent": "random",
      "final_reward": 0.0,
      "total_turns": 0,
      "valid_turns": 0,
      "invalid_turns": 0,
      "valid_rate": 0.0
    },
    {
      "task_id": 260941300,
      "game_name": "leduc_poker",
      "seed": 482715808,
      "opponent": "random",
      "final_reward": 0.7692307692307693,
      "total_turns": 3,
      "valid_turns": 0,
      "invalid_turns": 3,
      "valid_rate": 0.0
    }
  ],
  "aggregated": {
    "total_valid_turns": 4,
    "total_invalid_turns": 148,
    "avg_valid_rate": 0.06770833333333333,
    "games_played": {
      "hex": 1,
      "leduc_poker": 2,
      "gin_rummy": 1,
      "goofspiel": 4,
      "liars_dice": 8
    }
  }
}