{
  "step": 86,
  "timestamp": "2026-01-19T10:55:15.458940",
  "num_episodes": 16,
  "stats": {
    "objective/kl": 38.741774559020996,
    "objective/kl_coef": 0.05045989062637091,
    "objective/entropy": 97.76053237915039,
    "ppo/mean_non_score_reward": -0.24436702206730843,
    "ppo/mean_scores": -0.0662995707243681,
    "ppo/std_scores": 0.0,
    "tokens/queries_len_mean": 227.5,
    "tokens/queries_len_std": 25.680471420288086,
    "tokens/responses_len_mean": 8.0,
    "tokens/responses_len_std": 0.0,
    "ppo/loss/policy": -0.013110553612932563,
    "ppo/loss/value": 1.931537702679634,
    "ppo/loss/total": 0.18004321865737438,
    "ppo/policy/entropy": 1.2787888944149017,
    "ppo/policy/approxkl": 0.0019156629277858883,
    "ppo/policy/policykl": 0.004553109116386622,
    "ppo/policy/clipfrac": 0.015625,
    "ppo/policy/advantages_mean": -2.7706846594810486e-08,
    "ppo/returns/mean": -0.6436292249709368,
    "ppo/returns/var": 4.501225292682648,
    "ppo/val/vpred": -0.9731583595275879,
    "ppo/val/error": 3.863075405359268,
    "ppo/val/clipfrac": 0.0,
    "ppo/val/mean": -0.9707579761743546,
    "ppo/val/var": 0.4267731346189976,
    "ppo/val/var_explained": 0.0651232898235321,
    "ppo/learning_rate": 5e-07,
    "time/ppo/forward_pass": 0.42208975553512573,
    "time/ppo/compute_rewards": 0.0008105039596557617,
    "time/ppo/compute_advantages": 0.019686579704284668,
    "time/ppo/optimize_step": 0.9433514475822449,
    "time/ppo/calc_stats": 0.01502293348312378,
    "time/ppo/total": 1.4010518193244934,
    "mean_reward": 0.0,
    "mean_score": 0.0,
    "success_rate": 0.0,
    "num_samples": 17,
    "num_batches": 4,
    "total_valid_turns": 17,
    "total_invalid_turns": 7,
    "avg_valid_rate": 0.6875
  },
  "episodes_summary": [
    {
      "task_id": 157618177,
      "game_name": "liars_dice",
      "seed": 494179126,
      "opponent": "mcts",
      "final_reward": 0.0,
      "total_turns": 2,
      "valid_turns": 2,
      "invalid_turns": 0,
      "valid_rate": 1.0
    },
    {
      "task_id": 113131580,
      "game_name": "liars_dice",
      "seed": 440072905,
      "opponent": "mcts",
      "final_reward": 0.0,
      "total_turns": 1,
      "valid_turns": 1,
      "invalid_turns": 0,
      "valid_rate": 1.0
    },
    {
      "task_id": 158774082,
      "game_name": "liars_dice",
      "seed": 829633922,
      "opponent": "mcts",
      "final_reward": 0.0,
      "total_turns": 2,
      "valid_turns": 2,
      "invalid_turns": 0,
      "valid_rate": 1.0
    },
    {
      "task_id": 110508785,
      "game_name": "liars_dice",
      "seed": 1072175948,
      "opponent": "mcts",
      "final_reward": 0.0,
      "total_turns": 1,
      "valid_turns": 1,
      "invalid_turns": 0,
      "valid_rate": 1.0
    },
    {
      "task_id": 195887121,
      "game_name": "liars_dice",
      "seed": 839839010,
      "opponent": "mcts",
      "final_reward": 0.0,
      "total_turns": 1,
      "valid_turns": 0,
      "invalid_turns": 1,
      "valid_rate": 0.0
    },
    {
      "task_id": 110598035,
      "game_name": "liars_dice",
      "seed": 906682636,
      "opponent": "mcts",
      "final_reward": 0.0,
      "total_turns": 2,
      "valid_turns": 1,
      "invalid_turns": 1,
      "valid_rate": 0.5
    },
    {
      "task_id": 131936420,
      "game_name": "liars_dice",
      "seed": 303831733,
      "opponent": "mcts",
      "final_reward": 0.0,
      "total_turns": 1,
      "valid_turns": 0,
      "invalid_turns": 1,
      "valid_rate": 0.0
    },
    {
      "task_id": 178878768,
      "game_name": "liars_dice",
      "seed": 1313599862,
      "opponent": "mcts",
      "final_reward": 0.0,
      "total_turns": 1,
      "valid_turns": 1,
      "invalid_turns": 0,
      "valid_rate": 1.0
    },
    {
      "task_id": 102398978,
      "game_name": "liars_dice",
      "seed": 2009502051,
      "opponent": "mcts",
      "final_reward": 0.0,
      "total_turns": 1,
      "valid_turns": 0,
      "invalid_turns": 1,
      "valid_rate": 0.0
    },
    {
      "task_id": 181804744,
      "game_name": "liars_dice",
      "seed": 972965904,
      "opponent": "mcts",
      "final_reward": 0.0,
      "total_turns": 2,
      "valid_turns": 1,
      "invalid_turns": 1,
      "valid_rate": 0.5
    },
    {
      "task_id": 179934637,
      "game_name": "liars_dice",
      "seed": 1577022708,
      "opponent": "mcts",
      "final_reward": 0.0,
      "total_turns": 2,
      "valid_turns": 1,
      "invalid_turns": 1,
      "valid_rate": 0.5
    },
    {
      "task_id": 166512941,
      "game_name": "liars_dice",
      "seed": 320246678,
      "opponent": "mcts",
      "final_reward": 0.0,
      "total_turns": 1,
      "valid_turns": 1,
      "invalid_turns": 0,
      "valid_rate": 1.0
    },
    {
      "task_id": 176699047,
      "game_name": "liars_dice",
      "seed": 1556689176,
      "opponent": "mcts",
      "final_reward": 0.0,
      "total_turns": 1,
      "valid_turns": 1,
      "invalid_turns": 0,
      "valid_rate": 1.0
    },
    {
      "task_id": 134200291,
      "game_name": "liars_dice",
      "seed": 754369176,
      "opponent": "mcts",
      "final_reward": 0.0,
      "total_turns": 2,
      "valid_turns": 2,
      "invalid_turns": 0,
      "valid_rate": 1.0
    },
    {
      "task_id": 187145955,
      "game_name": "liars_dice",
      "seed": 2101420346,
      "opponent": "mcts",
      "final_reward": 0.0,
      "total_turns": 2,
      "valid_turns": 1,
      "invalid_turns": 1,
      "valid_rate": 0.5
    },
    {
      "task_id": 111142935,
      "game_name": "liars_dice",
      "seed": 173991184,
      "opponent": "mcts",
      "final_reward": 0.0,
      "total_turns": 2,
      "valid_turns": 2,
      "invalid_turns": 0,
      "valid_rate": 1.0
    }
  ],
  "aggregated": {
    "total_valid_turns": 17,
    "total_invalid_turns": 7,
    "avg_valid_rate": 0.6875,
    "games_played": {
      "liars_dice": 16
    },
    "success_count": 0,
    "failure_count": 16,
    "success_rate": 0.0
  }
}