{
  "step": 27,
  "timestamp": "2026-01-19T10:17:48.256882",
  "num_episodes": 16,
  "stats": {
    "objective/kl": 6.7029794454574585,
    "objective/kl_coef": 0.05035293474793434,
    "objective/entropy": 76.84895133972168,
    "ppo/mean_non_score_reward": -0.0421891063451767,
    "ppo/mean_scores": -0.09724805690348148,
    "ppo/std_scores": 0.0,
    "tokens/queries_len_mean": 232.6875,
    "tokens/queries_len_std": 23.017163276672363,
    "tokens/responses_len_mean": 8.0,
    "tokens/responses_len_std": 0.0,
    "ppo/loss/policy": 0.00031231949105858803,
    "ppo/loss/value": 1.029706910252571,
    "ppo/loss/total": 0.10328301601111889,
    "ppo/policy/entropy": 1.8947089910507202,
    "ppo/policy/approxkl": 0.0005284342696540989,
    "ppo/policy/policykl": -0.0005745346716139466,
    "ppo/policy/clipfrac": 0.0,
    "ppo/policy/advantages_mean": -1.6298145055770874e-08,
    "ppo/returns/mean": -0.08447042852640152,
    "ppo/returns/var": 1.2774271368980408,
    "ppo/val/vpred": 0.2659846469759941,
    "ppo/val/error": 2.059413820505142,
    "ppo/val/clipfrac": 0.0,
    "ppo/val/mean": 0.2691485732793808,
    "ppo/val/var": 0.4372495487332344,
    "ppo/val/var_explained": -0.5988251268863678,
    "ppo/learning_rate": 5e-07,
    "time/ppo/forward_pass": 0.4631041884422302,
    "time/ppo/compute_rewards": 0.0009580254554748535,
    "time/ppo/compute_advantages": 0.0205954909324646,
    "time/ppo/optimize_step": 0.9778404235839844,
    "time/ppo/calc_stats": 0.010357856750488281,
    "time/ppo/total": 1.4729501605033875,
    "mean_reward": 0.0,
    "mean_score": 0.0,
    "success_rate": 0.0,
    "num_samples": 16,
    "num_batches": 4,
    "total_valid_turns": 16,
    "total_invalid_turns": 5,
    "avg_valid_rate": 0.71875
  },
  "episodes_summary": [
    {
      "task_id": 125697992,
      "game_name": "liars_dice",
      "seed": 427946196,
      "opponent": "mcts",
      "final_reward": 0.0,
      "total_turns": 2,
      "valid_turns": 2,
      "invalid_turns": 0,
      "valid_rate": 1.0
    },
    {
      "task_id": 173851548,
      "game_name": "liars_dice",
      "seed": 1853864658,
      "opponent": "mcts",
      "final_reward": 0.0,
      "total_turns": 2,
      "valid_turns": 2,
      "invalid_turns": 0,
      "valid_rate": 1.0
    },
    {
      "task_id": 190282204,
      "game_name": "liars_dice",
      "seed": 2024383547,
      "opponent": "mcts",
      "final_reward": 0.0,
      "total_turns": 1,
      "valid_turns": 0,
      "invalid_turns": 1,
      "valid_rate": 0.0
    },
    {
      "task_id": 147082526,
      "game_name": "liars_dice",
      "seed": 1483371266,
      "opponent": "mcts",
      "final_reward": 0.0,
      "total_turns": 2,
      "valid_turns": 1,
      "invalid_turns": 1,
      "valid_rate": 0.5
    },
    {
      "task_id": 194228290,
      "game_name": "liars_dice",
      "seed": 148883829,
      "opponent": "mcts",
      "final_reward": 0.0,
      "total_turns": 1,
      "valid_turns": 0,
      "invalid_turns": 1,
      "valid_rate": 0.0
    },
    {
      "task_id": 128889372,
      "game_name": "liars_dice",
      "seed": 910705439,
      "opponent": "mcts",
      "final_reward": 0.0,
      "total_turns": 1,
      "valid_turns": 0,
      "invalid_turns": 1,
      "valid_rate": 0.0
    },
    {
      "task_id": 131756066,
      "game_name": "liars_dice",
      "seed": 1948803926,
      "opponent": "mcts",
      "final_reward": 0.0,
      "total_turns": 1,
      "valid_turns": 1,
      "invalid_turns": 0,
      "valid_rate": 1.0
    },
    {
      "task_id": 187101481,
      "game_name": "liars_dice",
      "seed": 1245621488,
      "opponent": "mcts",
      "final_reward": 0.0,
      "total_turns": 1,
      "valid_turns": 1,
      "invalid_turns": 0,
      "valid_rate": 1.0
    },
    {
      "task_id": 190040703,
      "game_name": "liars_dice",
      "seed": 380883325,
      "opponent": "mcts",
      "final_reward": 0.0,
      "total_turns": 1,
      "valid_turns": 0,
      "invalid_turns": 1,
      "valid_rate": 0.0
    },
    {
      "task_id": 149736917,
      "game_name": "liars_dice",
      "seed": 379492558,
      "opponent": "mcts",
      "final_reward": 0.0,
      "total_turns": 1,
      "valid_turns": 1,
      "invalid_turns": 0,
      "valid_rate": 1.0
    },
    {
      "task_id": 118233576,
      "game_name": "liars_dice",
      "seed": 584527787,
      "opponent": "mcts",
      "final_reward": 0.0,
      "total_turns": 1,
      "valid_turns": 1,
      "invalid_turns": 0,
      "valid_rate": 1.0
    },
    {
      "task_id": 102392865,
      "game_name": "liars_dice",
      "seed": 2082716668,
      "opponent": "mcts",
      "final_reward": 0.0,
      "total_turns": 1,
      "valid_turns": 1,
      "invalid_turns": 0,
      "valid_rate": 1.0
    },
    {
      "task_id": 124688602,
      "game_name": "liars_dice",
      "seed": 1589816310,
      "opponent": "mcts",
      "final_reward": 0.0,
      "total_turns": 1,
      "valid_turns": 1,
      "invalid_turns": 0,
      "valid_rate": 1.0
    },
    {
      "task_id": 115536397,
      "game_name": "liars_dice",
      "seed": 1380694619,
      "opponent": "mcts",
      "final_reward": 0.0,
      "total_turns": 1,
      "valid_turns": 1,
      "invalid_turns": 0,
      "valid_rate": 1.0
    },
    {
      "task_id": 148250498,
      "game_name": "liars_dice",
      "seed": 823000052,
      "opponent": "mcts",
      "final_reward": 0.0,
      "total_turns": 2,
      "valid_turns": 2,
      "invalid_turns": 0,
      "valid_rate": 1.0
    },
    {
      "task_id": 158682214,
      "game_name": "liars_dice",
      "seed": 1267846120,
      "opponent": "mcts",
      "final_reward": 0.0,
      "total_turns": 2,
      "valid_turns": 2,
      "invalid_turns": 0,
      "valid_rate": 1.0
    }
  ],
  "aggregated": {
    "total_valid_turns": 16,
    "total_invalid_turns": 5,
    "avg_valid_rate": 0.71875,
    "games_played": {
      "liars_dice": 16
    },
    "success_count": 0,
    "failure_count": 16,
    "success_rate": 0.0
  }
}