{
  "step": 78,
  "timestamp": "2026-01-19T10:50:18.170853",
  "num_episodes": 27,
  "stats": {
    "objective/kl": 44.15080165863037,
    "objective/kl_coef": 0.05033090151846409,
    "objective/entropy": 110.06375694274902,
    "ppo/mean_non_score_reward": -0.27777452021837234,
    "ppo/mean_scores": -0.06355160102248192,
    "ppo/std_scores": 0.0,
    "tokens/queries_len_mean": 222.1875,
    "tokens/queries_len_std": 20.325496673583984,
    "tokens/responses_len_mean": 8.0,
    "tokens/responses_len_std": 0.0,
    "ppo/loss/policy": -0.008945414796471596,
    "ppo/loss/value": 2.68537300825119,
    "ppo/loss/total": 0.25959189236164093,
    "ppo/policy/entropy": 1.0819484144449234,
    "ppo/policy/approxkl": 0.0014507936430163682,
    "ppo/policy/policykl": 0.011504594818688929,
    "ppo/policy/clipfrac": 0.0078125,
    "ppo/policy/advantages_mean": 3.725290298461914e-09,
    "ppo/returns/mean": -0.8749450147151947,
    "ppo/returns/var": 6.208762288093567,
    "ppo/val/vpred": -0.7768276780843735,
    "ppo/val/error": 5.37074601650238,
    "ppo/val/clipfrac": 0.0,
    "ppo/val/mean": -0.7781522423028946,
    "ppo/val/var": 0.4193400964140892,
    "ppo/val/var_explained": 0.14736208319664001,
    "ppo/learning_rate": 5e-07,
    "time/ppo/forward_pass": 0.4210694432258606,
    "time/ppo/compute_rewards": 0.000832974910736084,
    "time/ppo/compute_advantages": 0.018450677394866943,
    "time/ppo/optimize_step": 0.9241994619369507,
    "time/ppo/calc_stats": 0.010837733745574951,
    "time/ppo/total": 1.3754847645759583,
    "mean_reward": 0.0,
    "mean_score": 0.0,
    "success_rate": 0.0,
    "num_samples": 16,
    "num_batches": 4,
    "total_valid_turns": 16,
    "total_invalid_turns": 17,
    "avg_valid_rate": 0.4444444444444444
  },
  "episodes_summary": [
    {
      "task_id": 134168370,
      "game_name": "liars_dice",
      "seed": 1471182203,
      "opponent": "mcts",
      "final_reward": 0.0,
      "total_turns": 1,
      "valid_turns": 0,
      "invalid_turns": 1,
      "valid_rate": 0.0
    },
    {
      "task_id": 198519733,
      "game_name": "liars_dice",
      "seed": 1177726141,
      "opponent": "mcts",
      "final_reward": 0.0,
      "total_turns": 1,
      "valid_turns": 1,
      "invalid_turns": 0,
      "valid_rate": 1.0
    },
    {
      "task_id": 155379385,
      "game_name": "liars_dice",
      "seed": 1701392568,
      "opponent": "mcts",
      "final_reward": 0.0,
      "total_turns": 1,
      "valid_turns": 1,
      "invalid_turns": 0,
      "valid_rate": 1.0
    },
    {
      "task_id": 183528978,
      "game_name": "liars_dice",
      "seed": 449076955,
      "opponent": "mcts",
      "final_reward": 0.0,
      "total_turns": 1,
      "valid_turns": 0,
      "invalid_turns": 1,
      "valid_rate": 0.0
    },
    {
      "task_id": 146861088,
      "game_name": "liars_dice",
      "seed": 1155769942,
      "opponent": "mcts",
      "final_reward": 0.0,
      "total_turns": 2,
      "valid_turns": 2,
      "invalid_turns": 0,
      "valid_rate": 1.0
    },
    {
      "task_id": 138203465,
      "game_name": "liars_dice",
      "seed": 594563995,
      "opponent": "mcts",
      "final_reward": 0.0,
      "total_turns": 1,
      "valid_turns": 0,
      "invalid_turns": 1,
      "valid_rate": 0.0
    },
    {
      "task_id": 101262091,
      "game_name": "liars_dice",
      "seed": 1026457850,
      "opponent": "mcts",
      "final_reward": 0.0,
      "total_turns": 1,
      "valid_turns": 0,
      "invalid_turns": 1,
      "valid_rate": 0.0
    },
    {
      "task_id": 193247571,
      "game_name": "liars_dice",
      "seed": 1938199576,
      "opponent": "mcts",
      "final_reward": 0.0,
      "total_turns": 2,
      "valid_turns": 1,
      "invalid_turns": 1,
      "valid_rate": 0.5
    },
    {
      "task_id": 120609607,
      "game_name": "liars_dice",
      "seed": 2092550718,
      "opponent": "mcts",
      "final_reward": 0.0,
      "total_turns": 1,
      "valid_turns": 1,
      "invalid_turns": 0,
      "valid_rate": 1.0
    },
    {
      "task_id": 189416314,
      "game_name": "liars_dice",
      "seed": 1432241509,
      "opponent": "mcts",
      "final_reward": 0.0,
      "total_turns": 1,
      "valid_turns": 0,
      "invalid_turns": 1,
      "valid_rate": 0.0
    },
    {
      "task_id": 154559887,
      "game_name": "liars_dice",
      "seed": 1128048650,
      "opponent": "mcts",
      "final_reward": 0.0,
      "total_turns": 2,
      "valid_turns": 1,
      "invalid_turns": 1,
      "valid_rate": 0.5
    },
    {
      "task_id": 156456013,
      "game_name": "liars_dice",
      "seed": 1560891191,
      "opponent": "mcts",
      "final_reward": 0.0,
      "total_turns": 1,
      "valid_turns": 1,
      "invalid_turns": 0,
      "valid_rate": 1.0
    },
    {
      "task_id": 112208512,
      "game_name": "liars_dice",
      "seed": 504246269,
      "opponent": "mcts",
      "final_reward": 0.0,
      "total_turns": 1,
      "valid_turns": 0,
      "invalid_turns": 1,
      "valid_rate": 0.0
    },
    {
      "task_id": 148132043,
      "game_name": "liars_dice",
      "seed": 1168888835,
      "opponent": "mcts",
      "final_reward": 0.0,
      "total_turns": 1,
      "valid_turns": 0,
      "invalid_turns": 1,
      "valid_rate": 0.0
    },
    {
      "task_id": 160247286,
      "game_name": "liars_dice",
      "seed": 1244341050,
      "opponent": "mcts",
      "final_reward": 0.0,
      "total_turns": 2,
      "valid_turns": 2,
      "invalid_turns": 0,
      "valid_rate": 1.0
    },
    {
      "task_id": 194501290,
      "game_name": "liars_dice",
      "seed": 2031471953,
      "opponent": "mcts",
      "final_reward": 0.0,
      "total_turns": 1,
      "valid_turns": 0,
      "invalid_turns": 1,
      "valid_rate": 0.0
    },
    {
      "task_id": 150183872,
      "game_name": "liars_dice",
      "seed": 1175202230,
      "opponent": "mcts",
      "final_reward": 0.0,
      "total_turns": 2,
      "valid_turns": 1,
      "invalid_turns": 1,
      "valid_rate": 0.5
    },
    {
      "task_id": 123457219,
      "game_name": "liars_dice",
      "seed": 1113582193,
      "opponent": "mcts",
      "final_reward": 0.0,
      "total_turns": 1,
      "valid_turns": 0,
      "invalid_turns": 1,
      "valid_rate": 0.0
    },
    {
      "task_id": 176699047,
      "game_name": "liars_dice",
      "seed": 1251736576,
      "opponent": "mcts",
      "final_reward": 0.0,
      "total_turns": 1,
      "valid_turns": 0,
      "invalid_turns": 1,
      "valid_rate": 0.0
    },
    {
      "task_id": 145478879,
      "game_name": "liars_dice",
      "seed": 1996857256,
      "opponent": "mcts",
      "final_reward": 0.0,
      "total_turns": 1,
      "valid_turns": 1,
      "invalid_turns": 0,
      "valid_rate": 1.0
    },
    {
      "task_id": 174981474,
      "game_name": "liars_dice",
      "seed": 1045462543,
      "opponent": "mcts",
      "final_reward": 0.0,
      "total_turns": 1,
      "valid_turns": 0,
      "invalid_turns": 1,
      "valid_rate": 0.0
    },
    {
      "task_id": 154287945,
      "game_name": "liars_dice",
      "seed": 813478440,
      "opponent": "mcts",
      "final_reward": 0.0,
      "total_turns": 1,
      "valid_turns": 0,
      "invalid_turns": 1,
      "valid_rate": 0.0
    },
    {
      "task_id": 104827121,
      "game_name": "liars_dice",
      "seed": 586176956,
      "opponent": "mcts",
      "final_reward": 0.0,
      "total_turns": 2,
      "valid_turns": 1,
      "invalid_turns": 1,
      "valid_rate": 0.5
    },
    {
      "task_id": 159632583,
      "game_name": "liars_dice",
      "seed": 1227286066,
      "opponent": "mcts",
      "final_reward": 0.0,
      "total_turns": 1,
      "valid_turns": 1,
      "invalid_turns": 0,
      "valid_rate": 1.0
    },
    {
      "task_id": 194180494,
      "game_name": "liars_dice",
      "seed": 1413182012,
      "opponent": "mcts",
      "final_reward": 0.0,
      "total_turns": 1,