{
  "step": 98,
  "timestamp": "2026-01-19T11:02:50.706077",
  "num_episodes": 18,
  "stats": {
    "objective/kl": 60.011850357055664,
    "objective/kl_coef": 0.05065399780869484,
    "objective/entropy": 135.11559295654297,
    "ppo/mean_non_score_reward": -0.3799818381667137,
    "ppo/mean_scores": -0.0717267319560051,
    "ppo/std_scores": 0.0,
    "tokens/queries_len_mean": 227.1875,
    "tokens/queries_len_std": 21.9797842502594,
    "tokens/responses_len_mean": 8.0,
    "tokens/responses_len_std": 0.0,
    "ppo/loss/policy": -0.01184095861390233,
    "ppo/loss/value": 3.232412338256836,
    "ppo/loss/total": 0.31140028312802315,
    "ppo/policy/entropy": 1.8364971280097961,
    "ppo/policy/approxkl": 0.0047877282777335495,
    "ppo/policy/policykl": 0.0027606187504716218,
    "ppo/policy/clipfrac": 0.03125,
    "ppo/policy/advantages_mean": 4.656612873077393e-10,
    "ppo/returns/mean": -1.2821003645658493,
    "ppo/returns/var": 8.632802724838257,
    "ppo/val/vpred": -1.190547913312912,
    "ppo/val/error": 6.464824676513672,
    "ppo/val/clipfrac": 0.0,
    "ppo/val/mean": -1.187109261751175,
    "ppo/val/var": 0.9042955040931702,
    "ppo/val/var_explained": 0.2556087076663971,
    "ppo/learning_rate": 5e-07,
    "time/ppo/forward_pass": 0.41724270582199097,
    "time/ppo/compute_rewards": 0.0008159279823303223,
    "time/ppo/compute_advantages": 0.018590807914733887,
    "time/ppo/optimize_step": 0.9313681125640869,
    "time/ppo/calc_stats": 0.011050641536712646,
    "time/ppo/total": 1.379158854484558,
    "mean_reward": 0.0,
    "mean_score": 0.0,
    "success_rate": 0.0,
    "num_samples": 16,
    "num_batches": 4,
    "total_valid_turns": 16,
    "total_invalid_turns": 10,
    "avg_valid_rate": 0.5833333333333334
  },
  "episodes_summary": [
    {
      "task_id": 191178514,
      "game_name": "liars_dice",
      "seed": 53533640,
      "opponent": "mcts",
      "final_reward": 0.0,
      "total_turns": 1,
      "valid_turns": 1,
      "invalid_turns": 0,
      "valid_rate": 1.0
    },
    {
      "task_id": 186283062,
      "game_name": "liars_dice",
      "seed": 1065172564,
      "opponent": "mcts",
      "final_reward": 0.0,
      "total_turns": 2,
      "valid_turns": 2,
      "invalid_turns": 0,
      "valid_rate": 1.0
    },
    {
      "task_id": 127762101,
      "game_name": "liars_dice",
      "seed": 180986857,
      "opponent": "mcts",
      "final_reward": 0.0,
      "total_turns": 1,
      "valid_turns": 0,
      "invalid_turns": 1,
      "valid_rate": 0.0
    },
    {
      "task_id": 127860745,
      "game_name": "liars_dice",
      "seed": 797708281,
      "opponent": "mcts",
      "final_reward": 0.0,
      "total_turns": 1,
      "valid_turns": 1,
      "invalid_turns": 0,
      "valid_rate": 1.0
    },
    {
      "task_id": 156222531,
      "game_name": "liars_dice",
      "seed": 444129216,
      "opponent": "mcts",
      "final_reward": 0.0,
      "total_turns": 2,
      "valid_turns": 1,
      "invalid_turns": 1,
      "valid_rate": 0.5
    },
    {
      "task_id": 192417617,
      "game_name": "liars_dice",
      "seed": 649849906,
      "opponent": "mcts",
      "final_reward": 0.0,
      "total_turns": 2,
      "valid_turns": 1,
      "invalid_turns": 1,
      "valid_rate": 0.5
    },
    {
      "task_id": 148209673,
      "game_name": "liars_dice",
      "seed": 756457739,
      "opponent": "mcts",
      "final_reward": 0.0,
      "total_turns": 1,
      "valid_turns": 0,
      "invalid_turns": 1,
      "valid_rate": 0.0
    },
    {
      "task_id": 101030273,
      "game_name": "liars_dice",
      "seed": 3208187,
      "opponent": "mcts",
      "final_reward": 0.0,
      "total_turns": 1,
      "valid_turns": 0,
      "invalid_turns": 1,
      "valid_rate": 0.0
    },
    {
      "task_id": 168814838,
      "game_name": "liars_dice",
      "seed": 758560895,
      "opponent": "mcts",
      "final_reward": 0.0,
      "total_turns": 1,
      "valid_turns": 1,
      "invalid_turns": 0,
      "valid_rate": 1.0
    },
    {
      "task_id": 175678789,
      "game_name": "liars_dice",
      "seed": 2108386929,
      "opponent": "mcts",
      "final_reward": 0.0,
      "total_turns": 1,
      "valid_turns": 1,
      "invalid_turns": 0,
      "valid_rate": 1.0
    },
    {
      "task_id": 188434191,
      "game_name": "liars_dice",
      "seed": 1578606716,
      "opponent": "mcts",
      "final_reward": 0.0,
      "total_turns": 1,
      "valid_turns": 0,
      "invalid_turns": 1,
      "valid_rate": 0.0
    },
    {
      "task_id": 173321450,
      "game_name": "liars_dice",
      "seed": 1850260082,
      "opponent": "mcts",
      "final_reward": 0.0,
      "total_turns": 2,
      "valid_turns": 2,
      "invalid_turns": 0,
      "valid_rate": 1.0
    },
    {
      "task_id": 133729645,
      "game_name": "liars_dice",
      "seed": 1218938814,
      "opponent": "mcts",
      "final_reward": 0.0,
      "total_turns": 2,
      "valid_turns": 2,
      "invalid_turns": 0,
      "valid_rate": 1.0
    },
    {
      "task_id": 199133974,
      "game_name": "liars_dice",
      "seed": 201652690,
      "opponent": "mcts",
      "final_reward": 0.0,
      "total_turns": 2,
      "valid_turns": 1,
      "invalid_turns": 1,
      "valid_rate": 0.5
    },
    {
      "task_id": 159612254,
      "game_name": "liars_dice",
      "seed": 1150184736,
      "opponent": "mcts",
      "final_reward": 0.0,
      "total_turns": 2,
      "valid_turns": 1,
      "invalid_turns": 1,
      "valid_rate": 0.5
    },
    {
      "task_id": 125727108,
      "game_name": "liars_dice",
      "seed": 246798799,
      "opponent": "mcts",
      "final_reward": 0.0,
      "total_turns": 1,
      "valid_turns": 0,
      "invalid_turns": 1,
      "valid_rate": 0.0
    },
    {
      "task_id": 191159447,
      "game_name": "liars_dice",
      "seed": 1395899760,
      "opponent": "mcts",
      "final_reward": 0.0,
      "total_turns": 2,
      "valid_turns": 1,
      "invalid_turns": 1,
      "valid_rate": 0.5
    },
    {
      "task_id": 148723365,
      "game_name": "liars_dice",
      "seed": 1420388860,
      "opponent": "mcts",
      "final_reward": 0.0,
      "total_turns": 1,
      "valid_turns": 1,
      "invalid_turns": 0,
      "valid_rate": 1.0
    }
  ],
  "aggregated": {
    "total_valid_turns": 16,
    "total_invalid_turns": 10,
    "avg_valid_rate": 0.5833333333333334,
    "games_played": {
      "liars_dice": 18
    },
    "success_count": 0,
    "failure_count": 18,
    "success_rate": 0.0
  }
}