{
  "step": 28,
  "timestamp": "2026-01-19T10:18:24.261165",
  "num_episodes": 21,
  "stats": {
    "objective/kl": 7.197282433509827,
    "objective/kl_coef": 0.050358137115836143,
    "objective/entropy": 81.62690162658691,
    "ppo/mean_non_score_reward": -0.045304903760552406,
    "ppo/mean_scores": -0.09545909240841866,
    "ppo/std_scores": 0.0,
    "tokens/queries_len_mean": 217.4375,
    "tokens/queries_len_std": 11.625,
    "tokens/responses_len_mean": 8.0,
    "tokens/responses_len_std": 0.0,
    "ppo/loss/policy": -0.004311942495405674,
    "ppo/loss/value": 1.1194749474525452,
    "ppo/loss/total": 0.10763555578887463,
    "ppo/policy/entropy": 2.04501149058342,
    "ppo/policy/approxkl": 0.0007880652483436279,
    "ppo/policy/policykl": 0.004700349643826485,
    "ppo/policy/clipfrac": 0.0,
    "ppo/policy/advantages_mean": 3.6088749766349792e-09,
    "ppo/returns/mean": 0.02656588703393936,
    "ppo/returns/var": 1.6081511080265045,
    "ppo/val/vpred": 0.2972552254796028,
    "ppo/val/error": 2.2389498949050903,
    "ppo/val/clipfrac": 0.0,
    "ppo/val/mean": 0.29865076392889023,
    "ppo/val/var": 0.43877673149108887,
    "ppo/val/var_explained": -0.44038936495780945,
    "ppo/learning_rate": 5e-07,
    "time/ppo/forward_pass": 0.4060431718826294,
    "time/ppo/compute_rewards": 0.0008069872856140137,
    "time/ppo/compute_advantages": 0.016907215118408203,
    "time/ppo/optimize_step": 0.9522088170051575,
    "time/ppo/calc_stats": 0.0067351460456848145,
    "time/ppo/total": 1.382794976234436,
    "mean_reward": 0.0,
    "mean_score": 0.0,
    "success_rate": 0.0,
    "num_samples": 17,
    "num_batches": 4,
    "total_valid_turns": 17,
    "total_invalid_turns": 10,
    "avg_valid_rate": 0.6190476190476191
  },
  "episodes_summary": [
    {
      "task_id": 169986442,
      "game_name": "liars_dice",
      "seed": 1820400983,
      "opponent": "mcts",
      "final_reward": 0.0,
      "total_turns": 1,
      "valid_turns": 1,
      "invalid_turns": 0,
      "valid_rate": 1.0
    },
    {
      "task_id": 152983963,
      "game_name": "liars_dice",
      "seed": 152380350,
      "opponent": "mcts",
      "final_reward": 0.0,
      "total_turns": 1,
      "valid_turns": 1,
      "invalid_turns": 0,
      "valid_rate": 1.0
    },
    {
      "task_id": 117719461,
      "game_name": "liars_dice",
      "seed": 331153838,
      "opponent": "mcts",
      "final_reward": 0.0,
      "total_turns": 1,
      "valid_turns": 1,
      "invalid_turns": 0,
      "valid_rate": 1.0
    },
    {
      "task_id": 173879940,
      "game_name": "liars_dice",
      "seed": 665987696,
      "opponent": "mcts",
      "final_reward": 0.0,
      "total_turns": 1,
      "valid_turns": 0,
      "invalid_turns": 1,
      "valid_rate": 0.0
    },
    {
      "task_id": 146965891,
      "game_name": "liars_dice",
      "seed": 667205517,
      "opponent": "mcts",
      "final_reward": 0.0,
      "total_turns": 1,
      "valid_turns": 0,
      "invalid_turns": 1,
      "valid_rate": 0.0
    },
    {
      "task_id": 135550784,
      "game_name": "liars_dice",
      "seed": 908812010,
      "opponent": "mcts",
      "final_reward": 0.0,
      "total_turns": 1,
      "valid_turns": 1,
      "invalid_turns": 0,
      "valid_rate": 1.0
    },
    {
      "task_id": 168658596,
      "game_name": "liars_dice",
      "seed": 677646862,
      "opponent": "mcts",
      "final_reward": 0.0,
      "total_turns": 2,
      "valid_turns": 2,
      "invalid_turns": 0,
      "valid_rate": 1.0
    },
    {
      "task_id": 100174962,
      "game_name": "liars_dice",
      "seed": 1820279032,
      "opponent": "mcts",
      "final_reward": 0.0,
      "total_turns": 1,
      "valid_turns": 1,
      "invalid_turns": 0,
      "valid_rate": 1.0
    },
    {
      "task_id": 140114765,
      "game_name": "liars_dice",
      "seed": 2019479228,
      "opponent": "mcts",
      "final_reward": 0.0,
      "total_turns": 2,
      "valid_turns": 1,
      "invalid_turns": 1,
      "valid_rate": 0.5
    },
    {
      "task_id": 186890780,
      "game_name": "liars_dice",
      "seed": 423153814,
      "opponent": "mcts",
      "final_reward": 0.0,
      "total_turns": 1,
      "valid_turns": 1,
      "invalid_turns": 0,
      "valid_rate": 1.0
    },
    {
      "task_id": 188584357,
      "game_name": "liars_dice",
      "seed": 1055003931,
      "opponent": "mcts",
      "final_reward": 0.0,
      "total_turns": 1,
      "valid_turns": 0,
      "invalid_turns": 1,
      "valid_rate": 0.0
    },
    {
      "task_id": 195380796,
      "game_name": "liars_dice",
      "seed": 370513749,
      "opponent": "mcts",
      "final_reward": 0.0,
      "total_turns": 1,
      "valid_turns": 1,
      "invalid_turns": 0,
      "valid_rate": 1.0
    },
    {
      "task_id": 198935278,
      "game_name": "liars_dice",
      "seed": 1103187392,
      "opponent": "mcts",
      "final_reward": 0.0,
      "total_turns": 1,
      "valid_turns": 1,
      "invalid_turns": 0,
      "valid_rate": 1.0
    },
    {
      "task_id": 121806916,
      "game_name": "liars_dice",
      "seed": 1020439256,
      "opponent": "mcts",
      "final_reward": 0.0,
      "total_turns": 2,
      "valid_turns": 1,
      "invalid_turns": 1,
      "valid_rate": 0.5
    },
    {
      "task_id": 166661537,
      "game_name": "liars_dice",
      "seed": 1044498984,
      "opponent": "mcts",
      "final_reward": 0.0,
      "total_turns": 2,
      "valid_turns": 1,
      "invalid_turns": 1,
      "valid_rate": 0.5
    },
    {
      "task_id": 157877506,
      "game_name": "liars_dice",
      "seed": 616507282,
      "opponent": "mcts",
      "final_reward": 0.0,
      "total_turns": 1,
      "valid_turns": 0,
      "invalid_turns": 1,
      "valid_rate": 0.0
    },
    {
      "task_id": 185473684,
      "game_name": "liars_dice",
      "seed": 662912608,
      "opponent": "mcts",
      "final_reward": 0.0,
      "total_turns": 2,
      "valid_turns": 1,
      "invalid_turns": 1,
      "valid_rate": 0.5
    },
    {
      "task_id": 109115249,
      "game_name": "liars_dice",
      "seed": 453574081,
      "opponent": "mcts",
      "final_reward": 0.0,
      "total_turns": 1,
      "valid_turns": 0,
      "invalid_turns": 1,
      "valid_rate": 0.0
    },
    {
      "task_id": 117719461,
      "game_name": "liars_dice",
      "seed": 1157628065,
      "opponent": "mcts",
      "final_reward": 0.0,
      "total_turns": 1,
      "valid_turns": 1,
      "invalid_turns": 0,
      "valid_rate": 1.0
    },
    {
      "task_id": 177620505,
      "game_name": "liars_dice",
      "seed": 1803232112,
      "opponent": "mcts",
      "final_reward": 0.0,
      "total_turns": 1,
      "valid_turns": 0,
      "invalid_turns": 1,
      "valid_rate": 0.0
    },
    {
      "task_id": 118972892,
      "game_name": "liars_dice",
      "seed": 1939218318,
      "opponent": "mcts",
      "final_reward": 0.0,
      "total_turns": 2,
      "valid_turns": 2,
      "invalid_turns": 0,
      "valid_rate": 1.0
    }
  ],
  "aggregated": {
    "total_valid_turns": 17,
    "total_invalid_turns": 10,
    "avg_valid_rate": 0.6190476190476191,
    "games_played": {
      "liars_dice": 21
    },
    "success_count": 0,
    "failure_count": 21,
    "success_rate": 0.0
  }
}