{
  "step": 82,
  "timestamp": "2026-01-19T10:52:52.049558",
  "num_episodes": 17,
  "stats": {
    "objective/kl": 40.86184215545654,
    "objective/kl_coef": 0.050395358353853226,
    "objective/entropy": 114.7283763885498,
    "ppo/mean_non_score_reward": -0.2574130482971668,
    "ppo/mean_scores": -0.06196993496268988,
    "ppo/std_scores": 0.0,
    "tokens/queries_len_mean": 225.3125,
    "tokens/queries_len_std": 25.26132583618164,
    "tokens/responses_len_mean": 8.0,
    "tokens/responses_len_std": 0.0,
    "ppo/loss/policy": -0.011574162170290947,
    "ppo/loss/value": 2.607423722743988,
    "ppo/loss/total": 0.24916820600628853,
    "ppo/policy/entropy": 1.4853419438004494,
    "ppo/policy/approxkl": 0.0022213813936105,
    "ppo/policy/policykl": 0.003947777790017426,
    "ppo/policy/clipfrac": 0.01953125,
    "ppo/policy/advantages_mean": 7.450580596923828e-09,
    "ppo/returns/mean": -0.8924397230148315,
    "ppo/returns/var": 5.906335115432739,
    "ppo/val/vpred": -0.9438665062189102,
    "ppo/val/error": 5.214847445487976,
    "ppo/val/clipfrac": 0.0,
    "ppo/val/mean": -0.9433182179927826,
    "ppo/val/var": 0.3519026190042496,
    "ppo/val/var_explained": 0.11849159002304077,
    "ppo/learning_rate": 5e-07,
    "time/ppo/forward_pass": 0.4169997572898865,
    "time/ppo/compute_rewards": 0.0008102655410766602,
    "time/ppo/compute_advantages": 0.01893746852874756,
    "time/ppo/optimize_step": 0.9298461079597473,
    "time/ppo/calc_stats": 0.01518160104751587,
    "time/ppo/total": 1.3818730115890503,
    "mean_reward": 0.0,
    "mean_score": 0.0,
    "success_rate": 0.0,
    "num_samples": 16,
    "num_batches": 4,
    "total_valid_turns": 16,
    "total_invalid_turns": 9,
    "avg_valid_rate": 0.6176470588235294
  },
  "episodes_summary": [
    {
      "task_id": 129590694,
      "game_name": "liars_dice",
      "seed": 706964104,
      "opponent": "mcts",
      "final_reward": 0.0,
      "total_turns": 2,
      "valid_turns": 1,
      "invalid_turns": 1,
      "valid_rate": 0.5
    },
    {
      "task_id": 109611860,
      "game_name": "liars_dice",
      "seed": 1757174426,
      "opponent": "mcts",
      "final_reward": 0.0,
      "total_turns": 2,
      "valid_turns": 1,
      "invalid_turns": 1,
      "valid_rate": 0.5
    },
    {
      "task_id": 195703148,
      "game_name": "liars_dice",
      "seed": 998831229,
      "opponent": "mcts",
      "final_reward": 0.0,
      "total_turns": 1,
      "valid_turns": 0,
      "invalid_turns": 1,
      "valid_rate": 0.0
    },
    {
      "task_id": 140146316,
      "game_name": "liars_dice",
      "seed": 1516209752,
      "opponent": "mcts",
      "final_reward": 0.0,
      "total_turns": 2,
      "valid_turns": 1,
      "invalid_turns": 1,
      "valid_rate": 0.5
    },
    {
      "task_id": 163675117,
      "game_name": "liars_dice",
      "seed": 1185020653,
      "opponent": "mcts",
      "final_reward": 0.0,
      "total_turns": 1,
      "valid_turns": 0,
      "invalid_turns": 1,
      "valid_rate": 0.0
    },
    {
      "task_id": 135880306,
      "game_name": "liars_dice",
      "seed": 1705119242,
      "opponent": "mcts",
      "final_reward": 0.0,
      "total_turns": 1,
      "valid_turns": 1,
      "invalid_turns": 0,
      "valid_rate": 1.0
    },
    {
      "task_id": 194407349,
      "game_name": "liars_dice",
      "seed": 854801786,
      "opponent": "mcts",
      "final_reward": 0.0,
      "total_turns": 2,
      "valid_turns": 1,
      "invalid_turns": 1,
      "valid_rate": 0.5
    },
    {
      "task_id": 154346352,
      "game_name": "liars_dice",
      "seed": 1210426818,
      "opponent": "mcts",
      "final_reward": 0.0,
      "total_turns": 2,
      "valid_turns": 2,
      "invalid_turns": 0,
      "valid_rate": 1.0
    },
    {
      "task_id": 122626833,
      "game_name": "liars_dice",
      "seed": 178994499,
      "opponent": "mcts",
      "final_reward": 0.0,
      "total_turns": 1,
      "valid_turns": 1,
      "invalid_turns": 0,
      "valid_rate": 1.0
    },
    {
      "task_id": 189591431,
      "game_name": "liars_dice",
      "seed": 149260855,
      "opponent": "mcts",
      "final_reward": 0.0,
      "total_turns": 1,
      "valid_turns": 1,
      "invalid_turns": 0,
      "valid_rate": 1.0
    },
    {
      "task_id": 148297615,
      "game_name": "liars_dice",
      "seed": 2092666701,
      "opponent": "mcts",
      "final_reward": 0.0,
      "total_turns": 1,
      "valid_turns": 0,
      "invalid_turns": 1,
      "valid_rate": 0.0
    },
    {
      "task_id": 162769928,
      "game_name": "liars_dice",
      "seed": 194782329,
      "opponent": "mcts",
      "final_reward": 0.0,
      "total_turns": 1,
      "valid_turns": 1,
      "invalid_turns": 0,
      "valid_rate": 1.0
    },
    {
      "task_id": 149591867,
      "game_name": "liars_dice",
      "seed": 1978866676,
      "opponent": "mcts",
      "final_reward": 0.0,
      "total_turns": 2,
      "valid_turns": 2,
      "invalid_turns": 0,
      "valid_rate": 1.0
    },
    {
      "task_id": 170996619,
      "game_name": "liars_dice",
      "seed": 549810538,
      "opponent": "mcts",
      "final_reward": 0.0,
      "total_turns": 1,
      "valid_turns": 1,
      "invalid_turns": 0,
      "valid_rate": 1.0
    },
    {
      "task_id": 170404684,
      "game_name": "liars_dice",
      "seed": 618182654,
      "opponent": "mcts",
      "final_reward": 0.0,
      "total_turns": 2,
      "valid_turns": 2,
      "invalid_turns": 0,
      "valid_rate": 1.0
    },
    {
      "task_id": 154004863,
      "game_name": "liars_dice",
      "seed": 570123291,
      "opponent": "mcts",
      "final_reward": 0.0,
      "total_turns": 1,
      "valid_turns": 0,
      "invalid_turns": 1,
      "valid_rate": 0.0
    },
    {
      "task_id": 184095636,
      "game_name": "liars_dice",
      "seed": 869550856,
      "opponent": "mcts",
      "final_reward": 0.0,
      "total_turns": 2,
      "valid_turns": 1,
      "invalid_turns": 1,
      "valid_rate": 0.5
    }
  ],
  "aggregated": {
    "total_valid_turns": 16,
    "total_invalid_turns": 9,
    "avg_valid_rate": 0.6176470588235294,
    "games_played": {
      "liars_dice": 17
    },
    "success_count": 0,
    "failure_count": 17,
    "success_rate": 0.0
  }
}