{
  "step": 16,
  "timestamp": "2026-01-10T02:22:21.137953",
  "num_episodes": 16,
  "stats": {
    "objective/kl": 1.638917326927185,
    "objective/kl_coef": 0.001,
    "objective/entropy": 44.28535461425781,
    "ppo/mean_non_score_reward": -0.0007284076418727636,
    "ppo/mean_scores": 0.5979146957397461,
    "ppo/std_scores": 0.9940392971038818,
    "tokens/queries_len_mean": 508.0,
    "tokens/queries_len_std": 0.0,
    "tokens/responses_len_mean": 2.25,
    "tokens/responses_len_std": 0.5,
    "ppo/loss/policy": 1.655684656043377e-08,
    "ppo/loss/value": 1.3300251960754395,
    "ppo/loss/total": 0.13300253450870514,
    "ppo/policy/entropy": 0.0033991071395576,
    "ppo/policy/approxkl": 0.0,
    "ppo/policy/policykl": 0.0,
    "ppo/policy/clipfrac": 0.0,
    "ppo/policy/advantages_mean": -1.655684656043377e-08,
    "ppo/returns/mean": 0.5946780443191528,
    "ppo/returns/var": 0.7101577520370483,
    "ppo/val/vpred": -0.6367923617362976,
    "ppo/val/error": 2.660050392150879,
    "ppo/val/clipfrac": 0.0,
    "ppo/val/mean": -0.6367923617362976,
    "ppo/val/var": 0.290424644947052,
    "ppo/val/var_explained": -2.7457175254821777,
    "ppo/learning_rate": 5e-06,
    "time/ppo/forward_pass": 0.639279842376709,
    "time/ppo/compute_rewards": 0.0007421970367431641,
    "time/ppo/compute_advantages": 0.03637886047363281,
    "time/ppo/optimize_step": 0.7367002964019775,
    "time/ppo/calc_stats": 0.03344440460205078,
    "time/ppo/total": 1.4465923309326172,
    "mean_reward": 0.7142857313156128,
    "mean_score": 0.7142857142857143,
    "success_rate": 0.7142857142857143,
    "num_samples": 7,
    "num_batches": 1,
    "total_valid_turns": 7,
    "total_invalid_turns": 334,
    "avg_valid_rate": 0.09561731950844854
  },
  "episodes_summary": [
    {
      "task_id": 173476275,
      "game_name": "liars_dice",
      "seed": 865958133,
      "opponent": "random",
      "final_reward": 0.0,
      "total_turns": 3,
      "valid_turns": 0,
      "invalid_turns": 3,
      "valid_rate": 0.0
    },
    {
      "task_id": 134425340,
      "game_name": "liars_dice",
      "seed": 1294165333,
      "opponent": "random",
      "final_reward": 1.0,
      "total_turns": 3,
      "valid_turns": 0,
      "invalid_turns": 3,
      "valid_rate": 0.0
    },
    {
      "task_id": 634177091,
      "game_name": "hex",
      "seed": 2070537872,
      "opponent": "random",
      "final_reward": 1.0,
      "total_turns": 56,
      "valid_turns": 0,
      "invalid_turns": 56,
      "valid_rate": 0.0
    },
    {
      "task_id": 305973078,
      "game_name": "gin_rummy",
      "seed": 1313464150,
      "opponent": "random",
      "final_reward": 0.5,
      "total_turns": 64,
      "valid_turns": 0,
      "invalid_turns": 64,
      "valid_rate": 0.0
    },
    {
      "task_id": 101235938,
      "game_name": "liars_dice",
      "seed": 1979683824,
      "opponent": "random",
      "final_reward": 0.0,
      "total_turns": 2,
      "valid_turns": 1,
      "invalid_turns": 1,
      "valid_rate": 0.5
    },
    {
      "task_id": 706371118,
      "game_name": "clobber",
      "seed": 1770042721,
      "opponent": "random",
      "final_reward": 0.0,
      "total_turns": 7,
      "valid_turns": 0,
      "invalid_turns": 7,
      "valid_rate": 0.0
    },
    {
      "task_id": 759070377,
      "game_name": "clobber",
      "seed": 507337168,
      "opponent": "random",
      "final_reward": 1.0,
      "total_turns": 16,
      "valid_turns": 0,
      "invalid_turns": 16,
      "valid_rate": 0.0
    },
    {
      "task_id": 409395818,
      "game_name": "othello",
      "seed": 1035707311,
      "opponent": "random",
      "final_reward": 1.0,
      "total_turns": 31,
      "valid_turns": 1,
      "invalid_turns": 30,
      "valid_rate": 0.03225806451612903
    },
    {
      "task_id": 191802769,
      "game_name": "liars_dice",
      "seed": 660547420,
      "opponent": "random",
      "final_reward": 1.0,
      "total_turns": 3,
      "valid_turns": 1,
      "invalid_turns": 2,
      "valid_rate": 0.3333333333333333
    },
    {
      "task_id": 359141669,
      "game_name": "gin_rummy",
      "seed": 331327998,
      "opponent": "random",
      "final_reward": 0.5,
      "total_turns": 49,
      "valid_turns": 0,
      "invalid_turns": 49,
      "valid_rate": 0.0
    },
    {
      "task_id": 605281693,
      "game_name": "hex",
      "seed": 774766559,
      "opponent": "random",
      "final_reward": 1.0,
      "total_turns": 21,
      "valid_turns": 1,
      "invalid_turns": 20,
      "valid_rate": 0.047619047619047616
    },
    {
      "task_id": 191802769,
      "game_name": "liars_dice",
      "seed": 945109704,
      "opponent": "random",
      "final_reward": 1.0,
      "total_turns": 3,
      "valid_turns": 1,
      "invalid_turns": 2,
      "valid_rate": 0.3333333333333333
    },
    {
      "task_id": 191802769,
      "game_name": "liars_dice",
      "seed": 1198278776,
      "opponent": "random",
      "final_reward": 1.0,
      "total_turns": 4,
      "valid_turns": 1,
      "invalid_turns": 3,
      "valid_rate": 0.25
    },
    {
      "task_id": 558363731,
      "game_name": "backgammon",
      "seed": 460787179,
      "opponent": "random",
      "final_reward": 0.0,
      "total_turns": 39,
      "valid_turns": 0,
      "invalid_turns": 39,
      "valid_rate": 0.0
    },
    {
      "task_id": 481883819,
      "game_name": "othello",
      "seed": 864083196,
      "opponent": "random",
      "final_reward": 0.0,
      "total_turns": 30,
      "valid_turns": 1,
      "invalid_turns": 29,
      "valid_rate": 0.03333333333333333
    },
    {
      "task_id": 768992672,
      "game_name": "clobber",
      "seed": 1984607504,
      "opponent": "random",
      "final_reward": 0.0,
      "total_turns": 10,
      "valid_turns": 0,
      "invalid_turns": 10,
      "valid_rate": 0.0
    }
  ],
  "aggregated": {
    "total_valid_turns": 7,
    "total_invalid_turns": 334,
    "avg_valid_rate": 0.09561731950844854,
    "games_played": {
      "hex": 2,
      "backgammon": 1,
      "gin_rummy": 2,
      "othello": 2,
      "clobber": 3,
      "liars_dice": 6
    }
  }
}