{
  "step": 58,
  "timestamp": "2026-01-19T10:37:43.453765",
  "num_episodes": 23,
  "stats": {
    "objective/kl": 12.983725309371948,
    "objective/kl_coef": 0.050021760165691376,
    "objective/entropy": 84.9541187286377,
    "ppo/mean_non_score_reward": -0.08118306752294302,
    "ppo/mean_scores": -0.0738019272685051,
    "ppo/std_scores": 0.0,
    "tokens/queries_len_mean": 218.1875,
    "tokens/queries_len_std": 11.519337564706802,
    "tokens/responses_len_mean": 8.0,
    "tokens/responses_len_std": 0.0,
    "ppo/loss/policy": -0.015146423131227493,
    "ppo/loss/value": 2.200648605823517,
    "ppo/loss/total": 0.20491843856871128,
    "ppo/policy/entropy": 1.168899655342102,
    "ppo/policy/approxkl": 0.0019011236727237701,
    "ppo/policy/policykl": 0.012253798544406891,
    "ppo/policy/clipfrac": 0.015625,
    "ppo/policy/advantages_mean": -1.862645149230957e-09,
    "ppo/returns/mean": -0.3616636246442795,
    "ppo/returns/var": 4.041216403245926,
    "ppo/val/vpred": -0.16336932312697172,
    "ppo/val/error": 4.401297211647034,
    "ppo/val/clipfrac": 0.0,
    "ppo/val/mean": -0.16372585110366344,
    "ppo/val/var": 0.4154539331793785,
    "ppo/val/var_explained": -0.11179547011852264,
    "ppo/learning_rate": 5e-07,
    "time/ppo/forward_pass": 0.46028774976730347,
    "time/ppo/compute_rewards": 0.0009738802909851074,
    "time/ppo/compute_advantages": 0.021696925163269043,
    "time/ppo/optimize_step": 0.9519808888435364,
    "time/ppo/calc_stats": 0.006703674793243408,
    "time/ppo/total": 1.4417459964752197,
    "mean_reward": 0.0,
    "mean_score": 0.0,
    "success_rate": 0.0,
    "num_samples": 16,
    "num_batches": 4,
    "total_valid_turns": 16,
    "total_invalid_turns": 11,
    "avg_valid_rate": 0.5869565217391305
  },
  "episodes_summary": [
    {
      "task_id": 102454257,
      "game_name": "liars_dice",
      "seed": 746582765,
      "opponent": "mcts",
      "final_reward": 0.0,
      "total_turns": 1,
      "valid_turns": 0,
      "invalid_turns": 1,
      "valid_rate": 0.0
    },
    {
      "task_id": 163638066,
      "game_name": "liars_dice",
      "seed": 202583788,
      "opponent": "mcts",
      "final_reward": 0.0,
      "total_turns": 1,
      "valid_turns": 1,
      "invalid_turns": 0,
      "valid_rate": 1.0
    },
    {
      "task_id": 186569054,
      "game_name": "liars_dice",
      "seed": 1080039949,
      "opponent": "mcts",
      "final_reward": 0.0,
      "total_turns": 1,
      "valid_turns": 0,
      "invalid_turns": 1,
      "valid_rate": 0.0
    },
    {
      "task_id": 121283617,
      "game_name": "liars_dice",
      "seed": 932180160,
      "opponent": "mcts",
      "final_reward": 0.0,
      "total_turns": 2,
      "valid_turns": 2,
      "invalid_turns": 0,
      "valid_rate": 1.0
    },
    {
      "task_id": 123842719,
      "game_name": "liars_dice",
      "seed": 940198444,
      "opponent": "mcts",
      "final_reward": 0.0,
      "total_turns": 1,
      "valid_turns": 0,
      "invalid_turns": 1,
      "valid_rate": 0.0
    },
    {
      "task_id": 108249924,
      "game_name": "liars_dice",
      "seed": 1928720110,
      "opponent": "mcts",
      "final_reward": 0.0,
      "total_turns": 1,
      "valid_turns": 0,
      "invalid_turns": 1,
      "valid_rate": 0.0
    },
    {
      "task_id": 186703402,
      "game_name": "liars_dice",
      "seed": 308698076,
      "opponent": "mcts",
      "final_reward": 0.0,
      "total_turns": 1,
      "valid_turns": 1,
      "invalid_turns": 0,
      "valid_rate": 1.0
    },
    {
      "task_id": 157608105,
      "game_name": "liars_dice",
      "seed": 205921108,
      "opponent": "mcts",
      "final_reward": 0.0,
      "total_turns": 2,
      "valid_turns": 1,
      "invalid_turns": 1,
      "valid_rate": 0.5
    },
    {
      "task_id": 153899434,
      "game_name": "liars_dice",
      "seed": 1134452576,
      "opponent": "mcts",
      "final_reward": 0.0,
      "total_turns": 2,
      "valid_turns": 1,
      "invalid_turns": 1,
      "valid_rate": 0.5
    },
    {
      "task_id": 135064423,
      "game_name": "liars_dice",
      "seed": 431293004,
      "opponent": "mcts",
      "final_reward": 0.0,
      "total_turns": 1,
      "valid_turns": 1,
      "invalid_turns": 0,
      "valid_rate": 1.0
    },
    {
      "task_id": 149697656,
      "game_name": "liars_dice",
      "seed": 1367506495,
      "opponent": "mcts",
      "final_reward": 0.0,
      "total_turns": 1,
      "valid_turns": 0,
      "invalid_turns": 1,
      "valid_rate": 0.0
    },
    {
      "task_id": 171694465,
      "game_name": "liars_dice",
      "seed": 907965946,
      "opponent": "mcts",
      "final_reward": 0.0,
      "total_turns": 2,
      "valid_turns": 1,
      "invalid_turns": 1,
      "valid_rate": 0.5
    },
    {
      "task_id": 170281502,
      "game_name": "liars_dice",
      "seed": 1064919577,
      "opponent": "mcts",
      "final_reward": 0.0,
      "total_turns": 1,
      "valid_turns": 0,
      "invalid_turns": 1,
      "valid_rate": 0.0
    },
    {
      "task_id": 165068354,
      "game_name": "liars_dice",
      "seed": 1519182459,
      "opponent": "mcts",
      "final_reward": 0.0,
      "total_turns": 1,
      "valid_turns": 1,
      "invalid_turns": 0,
      "valid_rate": 1.0
    },
    {
      "task_id": 144964705,
      "game_name": "liars_dice",
      "seed": 1225217145,
      "opponent": "mcts",
      "final_reward": 0.0,
      "total_turns": 1,
      "valid_turns": 0,
      "invalid_turns": 1,
      "valid_rate": 0.0
    },
    {
      "task_id": 168255355,
      "game_name": "liars_dice",
      "seed": 1092049635,
      "opponent": "mcts",
      "final_reward": 0.0,
      "total_turns": 1,
      "valid_turns": 0,
      "invalid_turns": 1,
      "valid_rate": 0.0
    },
    {
      "task_id": 149910273,
      "game_name": "liars_dice",
      "seed": 1710508352,
      "opponent": "mcts",
      "final_reward": 0.0,
      "total_turns": 1,
      "valid_turns": 1,
      "invalid_turns": 0,
      "valid_rate": 1.0
    },
    {
      "task_id": 114058807,
      "game_name": "liars_dice",
      "seed": 800389942,
      "opponent": "mcts",
      "final_reward": 0.0,
      "total_turns": 1,
      "valid_turns": 1,
      "invalid_turns": 0,
      "valid_rate": 1.0
    },
    {
      "task_id": 175023883,
      "game_name": "liars_dice",
      "seed": 133276702,
      "opponent": "mcts",
      "final_reward": 0.0,
      "total_turns": 1,
      "valid_turns": 1,
      "invalid_turns": 0,
      "valid_rate": 1.0
    },
    {
      "task_id": 131667413,
      "game_name": "liars_dice",
      "seed": 72686782,
      "opponent": "mcts",
      "final_reward": 0.0,
      "total_turns": 1,
      "valid_turns": 1,
      "invalid_turns": 0,
      "valid_rate": 1.0
    },
    {
      "task_id": 173348469,
      "game_name": "liars_dice",
      "seed": 142328895,
      "opponent": "mcts",
      "final_reward": 0.0,
      "total_turns": 1,
      "valid_turns": 1,
      "invalid_turns": 0,
      "valid_rate": 1.0
    },
    {
      "task_id": 141457030,
      "game_name": "liars_dice",
      "seed": 1406777998,
      "opponent": "mcts",
      "final_reward": 0.0,
      "total_turns": 1,
      "valid_turns": 1,
      "invalid_turns": 0,
      "valid_rate": 1.0
    },
    {
      "task_id": 147440920,
      "game_name": "liars_dice",
      "seed": 392185175,
      "opponent": "mcts",
      "final_reward": 0.0,
      "total_turns": 1,
      "valid_turns": 1,
      "invalid_turns": 0,
      "valid_rate": 1.0
    }
  ],
  "aggregated": {
    "total_valid_turns": 16,
    "total_invalid_turns": 11,
    "avg_valid_rate": 0.5869565217391305,
    "games_played": {
      "liars_dice": 23
    },
    "success_count": 0,
    "failure_count": 23,
    "success_rate": 0.0
  }
}