{
  "step": 12,
  "timestamp": "2026-01-19T10:06:56.401443",
  "num_episodes": 30,
  "stats": {
    "objective/kl": 10.851956486701965,
    "objective/kl_coef": 0.050156937912106514,
    "objective/entropy": 72.09342861175537,
    "ppo/mean_non_score_reward": -0.06803704239428043,
    "ppo/mean_scores": -0.1277204155921936,
    "ppo/std_scores": 0.0,
    "tokens/queries_len_mean": 222.4375,
    "tokens/queries_len_std": 17.398938179016113,
    "tokens/responses_len_mean": 8.0,
    "tokens/responses_len_std": 0.0,
    "ppo/loss/policy": -0.0055552031844854355,
    "ppo/loss/value": 1.006875291466713,
    "ppo/loss/total": 0.09513233043253422,
    "ppo/policy/entropy": 2.0920757353305817,
    "ppo/policy/approxkl": 0.0005385104304878041,
    "ppo/policy/policykl": -0.0009333219204563648,
    "ppo/policy/clipfrac": 0.0,
    "ppo/policy/advantages_mean": -1.3969838619232178e-08,
    "ppo/returns/mean": 0.4238949939608574,
    "ppo/returns/var": 1.217415675520897,
    "ppo/val/vpred": 0.3479544147849083,
    "ppo/val/error": 2.013750582933426,
    "ppo/val/clipfrac": 0.0,
    "ppo/val/mean": 0.3500088304281235,
    "ppo/val/var": 0.6960167214274406,
    "ppo/val/var_explained": -0.7056179046630859,
    "ppo/learning_rate": 5e-07,
    "time/ppo/forward_pass": 0.409135639667511,
    "time/ppo/compute_rewards": 0.0008640885353088379,
    "time/ppo/compute_advantages": 0.01791679859161377,
    "time/ppo/optimize_step": 0.9135571122169495,
    "time/ppo/calc_stats": 0.010980367660522461,
    "time/ppo/total": 1.3525490760803223,
    "mean_reward": 0.0,
    "mean_score": 0.0,
    "success_rate": 0.0,
    "num_samples": 16,
    "num_batches": 4,
    "total_valid_turns": 16,
    "total_invalid_turns": 19,
    "avg_valid_rate": 0.45
  },
  "episodes_summary": [
    {
      "task_id": 184679038,
      "game_name": "liars_dice",
      "seed": 1522450707,
      "opponent": "mcts",
      "final_reward": 0.0,
      "total_turns": 1,
      "valid_turns": 1,
      "invalid_turns": 0,
      "valid_rate": 1.0
    },
    {
      "task_id": 102569124,
      "game_name": "liars_dice",
      "seed": 1070281978,
      "opponent": "mcts",
      "final_reward": 0.0,
      "total_turns": 1,
      "valid_turns": 0,
      "invalid_turns": 1,
      "valid_rate": 0.0
    },
    {
      "task_id": 136839096,
      "game_name": "liars_dice",
      "seed": 795177175,
      "opponent": "mcts",
      "final_reward": 0.0,
      "total_turns": 1,
      "valid_turns": 0,
      "invalid_turns": 1,
      "valid_rate": 0.0
    },
    {
      "task_id": 110458852,
      "game_name": "liars_dice",
      "seed": 1924917171,
      "opponent": "mcts",
      "final_reward": 0.0,
      "total_turns": 1,
      "valid_turns": 0,
      "invalid_turns": 1,
      "valid_rate": 0.0
    },
    {
      "task_id": 132229757,
      "game_name": "liars_dice",
      "seed": 1931249530,
      "opponent": "mcts",
      "final_reward": 0.0,
      "total_turns": 1,
      "valid_turns": 0,
      "invalid_turns": 1,
      "valid_rate": 0.0
    },
    {
      "task_id": 125270435,
      "game_name": "liars_dice",
      "seed": 706461970,
      "opponent": "mcts",
      "final_reward": 0.0,
      "total_turns": 1,
      "valid_turns": 1,
      "invalid_turns": 0,
      "valid_rate": 1.0
    },
    {
      "task_id": 157277017,
      "game_name": "liars_dice",
      "seed": 1695405056,
      "opponent": "mcts",
      "final_reward": 0.0,
      "total_turns": 2,
      "valid_turns": 0,
      "invalid_turns": 2,
      "valid_rate": 0.0
    },
    {
      "task_id": 158682214,
      "game_name": "liars_dice",
      "seed": 1529709004,
      "opponent": "mcts",
      "final_reward": 0.0,
      "total_turns": 1,
      "valid_turns": 1,
      "invalid_turns": 0,
      "valid_rate": 1.0
    },
    {
      "task_id": 141207409,
      "game_name": "liars_dice",
      "seed": 129426063,
      "opponent": "mcts",
      "final_reward": 0.0,
      "total_turns": 1,
      "valid_turns": 0,
      "invalid_turns": 1,
      "valid_rate": 0.0
    },
    {
      "task_id": 127217706,
      "game_name": "liars_dice",
      "seed": 1708960876,
      "opponent": "mcts",
      "final_reward": 0.0,
      "total_turns": 1,
      "valid_turns": 1,
      "invalid_turns": 0,
      "valid_rate": 1.0
    },
    {
      "task_id": 193563063,
      "game_name": "liars_dice",
      "seed": 165000783,
      "opponent": "mcts",
      "final_reward": 0.0,
      "total_turns": 1,
      "valid_turns": 0,
      "invalid_turns": 1,
      "valid_rate": 0.0
    },
    {
      "task_id": 176341519,
      "game_name": "liars_dice",
      "seed": 544659762,
      "opponent": "mcts",
      "final_reward": 0.0,
      "total_turns": 1,
      "valid_turns": 1,
      "invalid_turns": 0,
      "valid_rate": 1.0
    },
    {
      "task_id": 144038962,
      "game_name": "liars_dice",
      "seed": 104373203,
      "opponent": "mcts",
      "final_reward": 0.0,
      "total_turns": 1,
      "valid_turns": 1,
      "invalid_turns": 0,
      "valid_rate": 1.0
    },
    {
      "task_id": 105581612,
      "game_name": "liars_dice",
      "seed": 349962684,
      "opponent": "mcts",
      "final_reward": 0.0,
      "total_turns": 2,
      "valid_turns": 2,
      "invalid_turns": 0,
      "valid_rate": 1.0
    },
    {
      "task_id": 148455468,
      "game_name": "liars_dice",
      "seed": 19298185,
      "opponent": "mcts",
      "final_reward": 0.0,
      "total_turns": 1,
      "valid_turns": 0,
      "invalid_turns": 1,
      "valid_rate": 0.0
    },
    {
      "task_id": 168992672,
      "game_name": "liars_dice",
      "seed": 475928216,
      "opponent": "mcts",
      "final_reward": 0.0,
      "total_turns": 1,
      "valid_turns": 0,
      "invalid_turns": 1,
      "valid_rate": 0.0
    },
    {
      "task_id": 105787490,
      "game_name": "liars_dice",
      "seed": 1350905679,
      "opponent": "mcts",
      "final_reward": 0.0,
      "total_turns": 1,
      "valid_turns": 0,
      "invalid_turns": 1,
      "valid_rate": 0.0
    },
    {
      "task_id": 142251879,
      "game_name": "liars_dice",
      "seed": 1686412981,
      "opponent": "mcts",
      "final_reward": 0.0,
      "total_turns": 1,
      "valid_turns": 0,
      "invalid_turns": 1,
      "valid_rate": 0.0
    },
    {
      "task_id": 154548337,
      "game_name": "liars_dice",
      "seed": 610452084,
      "opponent": "mcts",
      "final_reward": 0.0,
      "total_turns": 2,
      "valid_turns": 1,
      "invalid_turns": 1,
      "valid_rate": 0.5
    },
    {
      "task_id": 141083758,
      "game_name": "liars_dice",
      "seed": 257046045,
      "opponent": "mcts",
      "final_reward": 0.0,
      "total_turns": 1,
      "valid_turns": 0,
      "invalid_turns": 1,
      "valid_rate": 0.0
    },
    {
      "task_id": 177975149,
      "game_name": "liars_dice",
      "seed": 575337300,
      "opponent": "mcts",
      "final_reward": 0.0,
      "total_turns": 1,
      "valid_turns": 0,
      "invalid_turns": 1,
      "valid_rate": 0.0
    },
    {
      "task_id": 197953300,
      "game_name": "liars_dice",
      "seed": 186707471,
      "opponent": "mcts",
      "final_reward": 0.0,
      "total_turns": 1,
      "valid_turns": 0,
      "invalid_turns": 1,
      "valid_rate": 0.0
    },
    {
      "task_id": 124188905,
      "game_name": "liars_dice",
      "seed": 1480468132,
      "opponent": "mcts",
      "final_reward": 0.0,
      "total_turns": 1,
      "valid_turns": 1,
      "invalid_turns": 0,
      "valid_rate": 1.0
    },
    {
      "task_id": 110835319,
      "game_name": "liars_dice",
      "seed": 749151172,
      "opponent": "mcts",
      "final_reward": 0.0,
      "total_turns": 1,
      "valid_turns": 1,
      "invalid_turns": 0,
      "valid_rate": 1.0
    },
    {
      "task_id": 135026062,
      "game_name": "liars_dice",
      "seed": 1408483672,
      "opponent": "mcts",
      "final_reward": 0.0,
      "total_turns": 1,
      "valid_turns": 1,