{
  "step": 32,
  "timestamp": "2026-01-19T10:21:00.938694",
  "num_episodes": 21,
  "stats": {
    "objective/kl": 4.606203556060791,
    "objective/kl_coef": 0.050338245928287506,
    "objective/entropy": 69.0232982635498,
    "ppo/mean_non_score_reward": -0.028983596712350845,
    "ppo/mean_scores": -0.08917861431837082,
    "ppo/std_scores": 0.0,
    "tokens/queries_len_mean": 231.25,
    "tokens/queries_len_std": 28.42256259918213,
    "tokens/responses_len_mean": 8.0,
    "tokens/responses_len_std": 0.0,
    "ppo/loss/policy": 0.0007777144201099873,
    "ppo/loss/value": 1.363194152712822,
    "ppo/loss/total": 0.13709713332355022,
    "ppo/policy/entropy": 1.5291630029678345,
    "ppo/policy/approxkl": 0.00036007191738463007,
    "ppo/policy/policykl": 0.00030122947646304965,
    "ppo/policy/clipfrac": 0.0,
    "ppo/policy/advantages_mean": 9.778887033462524e-09,
    "ppo/returns/mean": -0.3911336846649647,
    "ppo/returns/var": 1.8948184847831726,
    "ppo/val/vpred": 0.27397362794727087,
    "ppo/val/error": 2.726388305425644,
    "ppo/val/clipfrac": 0.0,
    "ppo/val/mean": 0.27602824941277504,
    "ppo/val/var": 0.46107952296733856,
    "ppo/val/var_explained": -0.49311891198158264,
    "ppo/learning_rate": 5e-07,
    "time/ppo/forward_pass": 0.416994571685791,
    "time/ppo/compute_rewards": 0.0008208155632019043,
    "time/ppo/compute_advantages": 0.019288718700408936,
    "time/ppo/optimize_step": 0.9328361749649048,
    "time/ppo/calc_stats": 0.015267491340637207,
    "time/ppo/total": 1.3853144645690918,
    "mean_reward": 0.0,
    "mean_score": 0.0,
    "success_rate": 0.0,
    "num_samples": 16,
    "num_batches": 4,
    "total_valid_turns": 16,
    "total_invalid_turns": 10,
    "avg_valid_rate": 0.5476190476190477
  },
  "episodes_summary": [
    {
      "task_id": 153000680,
      "game_name": "liars_dice",
      "seed": 1296977449,
      "opponent": "mcts",
      "final_reward": 0.0,
      "total_turns": 1,
      "valid_turns": 1,
      "invalid_turns": 0,
      "valid_rate": 1.0
    },
    {
      "task_id": 140809521,
      "game_name": "liars_dice",
      "seed": 1798477676,
      "opponent": "mcts",
      "final_reward": 0.0,
      "total_turns": 2,
      "valid_turns": 2,
      "invalid_turns": 0,
      "valid_rate": 1.0
    },
    {
      "task_id": 146527923,
      "game_name": "liars_dice",
      "seed": 160033250,
      "opponent": "mcts",
      "final_reward": 0.0,
      "total_turns": 2,
      "valid_turns": 1,
      "invalid_turns": 1,
      "valid_rate": 0.5
    },
    {
      "task_id": 141656189,
      "game_name": "liars_dice",
      "seed": 282715021,
      "opponent": "mcts",
      "final_reward": 0.0,
      "total_turns": 1,
      "valid_turns": 0,
      "invalid_turns": 1,
      "valid_rate": 0.0
    },
    {
      "task_id": 131009487,
      "game_name": "liars_dice",
      "seed": 1618055454,
      "opponent": "mcts",
      "final_reward": 0.0,
      "total_turns": 2,
      "valid_turns": 2,
      "invalid_turns": 0,
      "valid_rate": 1.0
    },
    {
      "task_id": 176473039,
      "game_name": "liars_dice",
      "seed": 1455382103,
      "opponent": "mcts",
      "final_reward": 0.0,
      "total_turns": 1,
      "valid_turns": 1,
      "invalid_turns": 0,
      "valid_rate": 1.0
    },
    {
      "task_id": 173521076,
      "game_name": "liars_dice",
      "seed": 2135076752,
      "opponent": "mcts",
      "final_reward": 0.0,
      "total_turns": 2,
      "valid_turns": 2,
      "invalid_turns": 0,
      "valid_rate": 1.0
    },
    {
      "task_id": 123779348,
      "game_name": "liars_dice",
      "seed": 137375462,
      "opponent": "mcts",
      "final_reward": 0.0,
      "total_turns": 2,
      "valid_turns": 2,
      "invalid_turns": 0,
      "valid_rate": 1.0
    },
    {
      "task_id": 100174962,
      "game_name": "liars_dice",
      "seed": 768743659,
      "opponent": "mcts",
      "final_reward": 0.0,
      "total_turns": 1,
      "valid_turns": 0,
      "invalid_turns": 1,
      "valid_rate": 0.0
    },
    {
      "task_id": 147275967,
      "game_name": "liars_dice",
      "seed": 1878002209,
      "opponent": "mcts",
      "final_reward": 0.0,
      "total_turns": 1,
      "valid_turns": 0,
      "invalid_turns": 1,
      "valid_rate": 0.0
    },
    {
      "task_id": 138847959,
      "game_name": "liars_dice",
      "seed": 1704465087,
      "opponent": "mcts",
      "final_reward": 0.0,
      "total_turns": 1,
      "valid_turns": 1,
      "invalid_turns": 0,
      "valid_rate": 1.0
    },
    {
      "task_id": 121393553,
      "game_name": "liars_dice",
      "seed": 2056582275,
      "opponent": "mcts",
      "final_reward": 0.0,
      "total_turns": 1,
      "valid_turns": 0,
      "invalid_turns": 1,
      "valid_rate": 0.0
    },
    {
      "task_id": 153522930,
      "game_name": "liars_dice",
      "seed": 457891278,
      "opponent": "mcts",
      "final_reward": 0.0,
      "total_turns": 1,
      "valid_turns": 1,
      "invalid_turns": 0,
      "valid_rate": 1.0
    },
    {
      "task_id": 198383209,
      "game_name": "liars_dice",
      "seed": 1214729371,
      "opponent": "mcts",
      "final_reward": 0.0,
      "total_turns": 1,
      "valid_turns": 0,
      "invalid_turns": 1,
      "valid_rate": 0.0
    },
    {
      "task_id": 140507872,
      "game_name": "liars_dice",
      "seed": 1680136175,
      "opponent": "mcts",
      "final_reward": 0.0,
      "total_turns": 1,
      "valid_turns": 0,
      "invalid_turns": 1,
      "valid_rate": 0.0
    },
    {
      "task_id": 154886165,
      "game_name": "liars_dice",
      "seed": 1147612261,
      "opponent": "mcts",
      "final_reward": 0.0,
      "total_turns": 1,
      "valid_turns": 0,
      "invalid_turns": 1,
      "valid_rate": 0.0
    },
    {
      "task_id": 109101812,
      "game_name": "liars_dice",
      "seed": 257061026,
      "opponent": "mcts",
      "final_reward": 0.0,
      "total_turns": 1,
      "valid_turns": 1,
      "invalid_turns": 0,
      "valid_rate": 1.0
    },
    {
      "task_id": 129495146,
      "game_name": "liars_dice",
      "seed": 1953270067,
      "opponent": "mcts",
      "final_reward": 0.0,
      "total_turns": 1,
      "valid_turns": 0,
      "invalid_turns": 1,
      "valid_rate": 0.0
    },
    {
      "task_id": 150682797,
      "game_name": "liars_dice",
      "seed": 292243426,
      "opponent": "mcts",
      "final_reward": 0.0,
      "total_turns": 1,
      "valid_turns": 1,
      "invalid_turns": 0,
      "valid_rate": 1.0
    },
    {
      "task_id": 112272332,
      "game_name": "liars_dice",
      "seed": 1584187876,
      "opponent": "mcts",
      "final_reward": 0.0,
      "total_turns": 1,
      "valid_turns": 0,
      "invalid_turns": 1,
      "valid_rate": 0.0
    },
    {
      "task_id": 144964705,
      "game_name": "liars_dice",
      "seed": 1326426587,
      "opponent": "mcts",
      "final_reward": 0.0,
      "total_turns": 1,
      "valid_turns": 1,
      "invalid_turns": 0,
      "valid_rate": 1.0
    }
  ],
  "aggregated": {
    "total_valid_turns": 16,
    "total_invalid_turns": 10,
    "avg_valid_rate": 0.5476190476190477,
    "games_played": {
      "liars_dice": 21
    },
    "success_count": 0,
    "failure_count": 21,
    "success_rate": 0.0
  }
}